<?xml version="1.0" ?>
<root>
<agent start_i="48" start_j="31" goal_i="59" goal_j="22"/>
<agent start_i="49" start_j="56" goal_i="11" goal_j="36"/>
<agent start_i="36" start_j="44" goal_i="42" goal_j="12"/>
<agent start_i="59" start_j="11" goal_i="59" goal_j="4"/>
<agent start_i="6" start_j="6" goal_i="41" goal_j="24"/>
<agent start_i="19" start_j="32" goal_i="10" goal_j="10"/>
<agent start_i="20" start_j="38" goal_i="55" goal_j="62"/>
<agent start_i="12" start_j="22" goal_i="48" goal_j="16"/>
<agent start_i="3" start_j="40" goal_i="55" goal_j="5"/>
<agent start_i="48" start_j="7" goal_i="24" goal_j="0"/>
<agent start_i="47" start_j="34" goal_i="52" goal_j="15"/>
<agent start_i="33" start_j="40" goal_i="45" goal_j="37"/>
<agent start_i="11" start_j="32" goal_i="49" goal_j="53"/>
<agent start_i="63" start_j="13" goal_i="55" goal_j="1"/>
<agent start_i="10" start_j="36" goal_i="52" goal_j="20"/>
<agent start_i="44" start_j="41" goal_i="49" goal_j="7"/>
<agent start_i="11" start_j="40" goal_i="21" goal_j="4"/>
<agent start_i="23" start_j="43" goal_i="7" goal_j="40"/>
<agent start_i="57" start_j="61" goal_i="34" goal_j="31"/>
<agent start_i="58" start_j="34" goal_i="33" goal_j="29"/>
<agent start_i="28" start_j="37" goal_i="22" goal_j="37"/>
<agent start_i="38" start_j="46" goal_i="47" goal_j="10"/>
<agent start_i="29" start_j="1" goal_i="49" goal_j="38"/>
<agent start_i="30" start_j="21" goal_i="22" goal_j="24"/>
<agent start_i="48" start_j="28" goal_i="25" goal_j="22"/>
<agent start_i="50" start_j="23" goal_i="62" goal_j="31"/>
<agent start_i="41" start_j="15" goal_i="27" goal_j="56"/>
<agent start_i="8" start_j="63" goal_i="25" goal_j="15"/>
<agent start_i="42" start_j="42" goal_i="10" goal_j="29"/>
<agent start_i="18" start_j="19" goal_i="62" goal_j="63"/>
<agent start_i="8" start_j="7" goal_i="24" goal_j="17"/>
<agent start_i="19" start_j="20" goal_i="35" goal_j="11"/>
<agent start_i="44" start_j="23" goal_i="0" goal_j="39"/>
<agent start_i="52" start_j="47" goal_i="18" goal_j="43"/>
<agent start_i="7" start_j="15" goal_i="56" goal_j="16"/>
<agent start_i="23" start_j="39" goal_i="11" goal_j="55"/>
<agent start_i="36" start_j="3" goal_i="13" goal_j="26"/>
<agent start_i="8" start_j="27" goal_i="12" goal_j="60"/>
<agent start_i="40" start_j="43" goal_i="51" goal_j="30"/>
<agent start_i="12" start_j="15" goal_i="9" goal_j="18"/>
<agent start_i="56" start_j="18" goal_i="22" goal_j="50"/>
<agent start_i="0" start_j="43" goal_i="4" goal_j="0"/>
<agent start_i="53" start_j="38" goal_i="54" goal_j="2"/>
<agent start_i="16" start_j="12" goal_i="62" goal_j="51"/>
<agent start_i="10" start_j="12" goal_i="63" goal_j="40"/>
<agent start_i="29" start_j="63" goal_i="63" goal_j="34"/>
<agent start_i="6" start_j="22" goal_i="51" goal_j="61"/>
<agent start_i="38" start_j="31" goal_i="10" goal_j="23"/>
<agent start_i="40" start_j="40" goal_i="36" goal_j="6"/>
<agent start_i="19" start_j="2" goal_i="15" goal_j="6"/>
<agent start_i="16" start_j="2" goal_i="19" goal_j="1"/>
<agent start_i="33" start_j="22" goal_i="29" goal_j="29"/>
<agent start_i="35" start_j="22" goal_i="53" goal_j="13"/>
<agent start_i="44" start_j="62" goal_i="15" goal_j="26"/>
<agent start_i="43" start_j="4" goal_i="63" goal_j="60"/>
<agent start_i="25" start_j="61" goal_i="60" goal_j="1"/>
<agent start_i="13" start_j="46" goal_i="33" goal_j="11"/>
<agent start_i="15" start_j="5" goal_i="53" goal_j="42"/>
<agent start_i="59" start_j="44" goal_i="25" goal_j="58"/>
<agent start_i="42" start_j="0" goal_i="54" goal_j="39"/>
<agent start_i="5" start_j="41" goal_i="61" goal_j="40"/>
<agent start_i="29" start_j="36" goal_i="6" goal_j="44"/>
<agent start_i="52" start_j="38" goal_i="51" goal_j="8"/>
<agent start_i="27" start_j="52" goal_i="14" goal_j="8"/>
<agent start_i="2" start_j="45" goal_i="37" goal_j="28"/>
<agent start_i="51" start_j="58" goal_i="21" goal_j="60"/>
<agent start_i="31" start_j="56" goal_i="31" goal_j="57"/>
<agent start_i="51" start_j="33" goal_i="36" goal_j="54"/>
<agent start_i="41" start_j="23" goal_i="35" goal_j="59"/>
<agent start_i="46" start_j="52" goal_i="12" goal_j="44"/>
<agent start_i="19" start_j="10" goal_i="1" goal_j="40"/>
<agent start_i="46" start_j="62" goal_i="42" goal_j="37"/>
<agent start_i="45" start_j="26" goal_i="31" goal_j="19"/>
<agent start_i="30" start_j="28" goal_i="27" goal_j="43"/>
<agent start_i="43" start_j="37" goal_i="34" goal_j="29"/>
<agent start_i="10" start_j="54" goal_i="45" goal_j="16"/>
<agent start_i="46" start_j="26" goal_i="32" goal_j="23"/>
<agent start_i="53" start_j="27" goal_i="13" goal_j="33"/>
<agent start_i="6" start_j="49" goal_i="30" goal_j="31"/>
<agent start_i="48" start_j="1" goal_i="41" goal_j="31"/>
<agent start_i="47" start_j="14" goal_i="44" goal_j="39"/>
<agent start_i="61" start_j="26" goal_i="59" goal_j="21"/>
<agent start_i="11" start_j="44" goal_i="33" goal_j="17"/>
<agent start_i="14" start_j="11" goal_i="16" goal_j="46"/>
<agent start_i="42" start_j="54" goal_i="17" goal_j="15"/>
<agent start_i="7" start_j="49" goal_i="44" goal_j="50"/>
<agent start_i="60" start_j="46" goal_i="14" goal_j="18"/>
<agent start_i="8" start_j="33" goal_i="61" goal_j="44"/>
<agent start_i="54" start_j="40" goal_i="21" goal_j="58"/>
<agent start_i="40" start_j="26" goal_i="34" goal_j="58"/>
<agent start_i="32" start_j="15" goal_i="55" goal_j="16"/>
<agent start_i="60" start_j="36" goal_i="6" goal_j="5"/>
<agent start_i="14" start_j="56" goal_i="42" goal_j="55"/>
<agent start_i="56" start_j="47" goal_i="45" goal_j="0"/>
<agent start_i="9" start_j="3" goal_i="61" goal_j="16"/>
<agent start_i="13" start_j="1" goal_i="41" goal_j="61"/>
<agent start_i="6" start_j="2" goal_i="25" goal_j="54"/>
<agent start_i="42" start_j="21" goal_i="45" goal_j="17"/>
<agent start_i="27" start_j="46" goal_i="54" goal_j="16"/>
<agent start_i="41" start_j="49" goal_i="36" goal_j="59"/>
<agent start_i="32" start_j="48" goal_i="13" goal_j="60"/>
<agent start_i="14" start_j="57" goal_i="48" goal_j="6"/>
<agent start_i="9" start_j="22" goal_i="15" goal_j="31"/>
<agent start_i="8" start_j="0" goal_i="3" goal_j="33"/>
<agent start_i="29" start_j="38" goal_i="44" goal_j="47"/>
<agent start_i="63" start_j="52" goal_i="55" goal_j="55"/>
<agent start_i="31" start_j="14" goal_i="8" goal_j="33"/>
<agent start_i="59" start_j="3" goal_i="20" goal_j="50"/>
<agent start_i="7" start_j="16" goal_i="27" goal_j="47"/>
<agent start_i="5" start_j="38" goal_i="9" goal_j="57"/>
<agent start_i="40" start_j="10" goal_i="54" goal_j="33"/>
<agent start_i="41" start_j="25" goal_i="50" goal_j="19"/>
<agent start_i="39" start_j="47" goal_i="48" goal_j="53"/>
<agent start_i="13" start_j="40" goal_i="57" goal_j="5"/>
<agent start_i="46" start_j="24" goal_i="11" goal_j="28"/>
<agent start_i="50" start_j="59" goal_i="16" goal_j="53"/>
<agent start_i="35" start_j="50" goal_i="63" goal_j="57"/>
<agent start_i="2" start_j="12" goal_i="40" goal_j="38"/>
<agent start_i="4" start_j="34" goal_i="44" goal_j="61"/>
<agent start_i="2" start_j="37" goal_i="0" goal_j="34"/>
<agent start_i="50" start_j="45" goal_i="15" goal_j="53"/>
<agent start_i="32" start_j="1" goal_i="14" goal_j="36"/>
<agent start_i="5" start_j="42" goal_i="27" goal_j="22"/>
<agent start_i="12" start_j="8" goal_i="57" goal_j="23"/>
<agent start_i="21" start_j="56" goal_i="11" goal_j="21"/>
<agent start_i="41" start_j="60" goal_i="7" goal_j="37"/>
<agent start_i="38" start_j="23" goal_i="59" goal_j="48"/>
<agent start_i="14" start_j="19" goal_i="30" goal_j="10"/>
</root>
