<?xml version="1.0" ?>
<root>
    <agent start_i="209" start_j="217" goal_i="175" goal_j="105"/>
    <agent start_i="57" start_j="161" goal_i="44" goal_j="176"/>
    <agent start_i="25" start_j="144" goal_i="103" goal_j="172"/>
    <agent start_i="151" start_j="40" goal_i="102" goal_j="149"/>
    <agent start_i="178" start_j="211" goal_i="99" goal_j="166"/>
    <agent start_i="98" start_j="221" goal_i="51" goal_j="87"/>
    <agent start_i="40" start_j="150" goal_i="82" goal_j="172"/>
    <agent start_i="67" start_j="210" goal_i="113" goal_j="103"/>
    <agent start_i="62" start_j="71" goal_i="68" goal_j="214"/>
    <agent start_i="153" start_j="106" goal_i="77" goal_j="238"/>
</root>
