<?xml version="1.0" ?>
<root>
    <agent start_i="69" start_j="190" goal_i="76" goal_j="228"/>
    <agent start_i="138" start_j="97" goal_i="206" goal_j="231"/>
    <agent start_i="86" start_j="158" goal_i="183" goal_j="11"/>
    <agent start_i="95" start_j="86" goal_i="172" goal_j="92"/>
    <agent start_i="188" start_j="239" goal_i="152" goal_j="171"/>
    <agent start_i="82" start_j="174" goal_i="181" goal_j="33"/>
    <agent start_i="83" start_j="101" goal_i="209" goal_j="101"/>
    <agent start_i="168" start_j="33" goal_i="44" goal_j="180"/>
    <agent start_i="30" start_j="158" goal_i="103" goal_j="168"/>
    <agent start_i="202" start_j="71" goal_i="22" goal_j="140"/>
</root>
