<?xml version="1.0" ?>
<root>
    <agent start_i="173" start_j="37" goal_i="162" goal_j="131"/>
    <agent start_i="159" start_j="107" goal_i="112" goal_j="223"/>
    <agent start_i="162" start_j="185" goal_i="37" goal_j="119"/>
    <agent start_i="62" start_j="174" goal_i="216" goal_j="104"/>
    <agent start_i="72" start_j="28" goal_i="91" goal_j="158"/>
    <agent start_i="43" start_j="114" goal_i="77" goal_j="186"/>
    <agent start_i="140" start_j="82" goal_i="78" goal_j="210"/>
    <agent start_i="1" start_j="138" goal_i="48" goal_j="237"/>
    <agent start_i="166" start_j="133" goal_i="159" goal_j="132"/>
    <agent start_i="93" start_j="126" goal_i="169" goal_j="113"/>
</root>
