<?xml version="1.0" ?>
<root>
    <agent start_i="154" start_j="123" goal_i="84" goal_j="237"/>
    <agent start_i="23" start_j="161" goal_i="167" goal_j="30"/>
    <agent start_i="144" start_j="165" goal_i="157" goal_j="82"/>
    <agent start_i="142" start_j="91" goal_i="220" goal_j="83"/>
    <agent start_i="67" start_j="47" goal_i="183" goal_j="89"/>
    <agent start_i="154" start_j="33" goal_i="195" goal_j="91"/>
    <agent start_i="117" start_j="223" goal_i="196" goal_j="12"/>
    <agent start_i="72" start_j="27" goal_i="221" goal_j="220"/>
    <agent start_i="52" start_j="236" goal_i="156" goal_j="178"/>
    <agent start_i="38" start_j="152" goal_i="65" goal_j="218"/>
</root>
