<?xml version="1.0" ?>
<root>
    <agent start_i="92" start_j="133" goal_i="42" goal_j="170"/>
    <agent start_i="226" start_j="58" goal_i="126" goal_j="236"/>
    <agent start_i="108" start_j="163" goal_i="206" goal_j="202"/>
    <agent start_i="68" start_j="72" goal_i="212" goal_j="140"/>
    <agent start_i="50" start_j="158" goal_i="84" goal_j="204"/>
    <agent start_i="71" start_j="198" goal_i="200" goal_j="212"/>
    <agent start_i="194" start_j="8" goal_i="78" goal_j="208"/>
    <agent start_i="112" start_j="172" goal_i="60" goal_j="93"/>
    <agent start_i="79" start_j="191" goal_i="205" goal_j="235"/>
    <agent start_i="178" start_j="169" goal_i="184" goal_j="201"/>
</root>
