<?xml version="1.0" ?>
<root>
    <agent start_i="35" start_j="121" goal_i="94" goal_j="67"/>
    <agent start_i="168" start_j="199" goal_i="220" goal_j="138"/>
    <agent start_i="59" start_j="50" goal_i="211" goal_j="144"/>
    <agent start_i="193" start_j="83" goal_i="176" goal_j="55"/>
    <agent start_i="176" start_j="227" goal_i="32" goal_j="203"/>
    <agent start_i="98" start_j="157" goal_i="204" goal_j="198"/>
    <agent start_i="140" start_j="93" goal_i="108" goal_j="160"/>
    <agent start_i="44" start_j="215" goal_i="229" goal_j="68"/>
    <agent start_i="88" start_j="207" goal_i="215" goal_j="83"/>
    <agent start_i="165" start_j="28" goal_i="155" goal_j="132"/>
</root>
