<?xml version="1.0" ?>
<root>
    <agent start_i="146" start_j="69" goal_i="105" goal_j="104"/>
    <agent start_i="199" start_j="195" goal_i="113" goal_j="148"/>
    <agent start_i="89" start_j="236" goal_i="168" goal_j="125"/>
    <agent start_i="36" start_j="250" goal_i="224" goal_j="156"/>
    <agent start_i="200" start_j="237" goal_i="84" goal_j="202"/>
    <agent start_i="151" start_j="144" goal_i="217" goal_j="229"/>
    <agent start_i="80" start_j="66" goal_i="120" goal_j="237"/>
    <agent start_i="178" start_j="16" goal_i="125" goal_j="177"/>
    <agent start_i="226" start_j="149" goal_i="210" goal_j="78"/>
    <agent start_i="59" start_j="74" goal_i="174" goal_j="150"/>
</root>
