<?xml version="1.0" ?>
<root>
    <agent start_i="177" start_j="21" goal_i="145" goal_j="164"/>
    <agent start_i="137" start_j="14" goal_i="35" goal_j="75"/>
    <agent start_i="226" start_j="143" goal_i="74" goal_j="80"/>
    <agent start_i="75" start_j="168" goal_i="177" goal_j="167"/>
    <agent start_i="57" start_j="191" goal_i="226" goal_j="118"/>
    <agent start_i="188" start_j="9" goal_i="47" goal_j="114"/>
    <agent start_i="161" start_j="173" goal_i="231" goal_j="94"/>
    <agent start_i="160" start_j="119" goal_i="143" goal_j="37"/>
    <agent start_i="85" start_j="240" goal_i="39" goal_j="116"/>
    <agent start_i="94" start_j="237" goal_i="26" goal_j="178"/>
</root>
