<?xml version="1.0" ?>
<root>
    <agent start_i="43" start_j="221" goal_i="201" goal_j="140"/>
    <agent start_i="39" start_j="187" goal_i="148" goal_j="37"/>
    <agent start_i="167" start_j="83" goal_i="86" goal_j="173"/>
    <agent start_i="28" start_j="243" goal_i="51" goal_j="84"/>
    <agent start_i="170" start_j="60" goal_i="53" goal_j="207"/>
    <agent start_i="231" start_j="71" goal_i="166" goal_j="67"/>
    <agent start_i="162" start_j="20" goal_i="97" goal_j="243"/>
    <agent start_i="178" start_j="142" goal_i="93" goal_j="129"/>
    <agent start_i="163" start_j="53" goal_i="86" goal_j="233"/>
    <agent start_i="80" start_j="118" goal_i="43" goal_j="68"/>
</root>
