<?xml version="1.0" ?>
<root>
    <agent start_i="66" start_j="52" goal_i="186" goal_j="219"/>
    <agent start_i="202" start_j="78" goal_i="80" goal_j="102"/>
    <agent start_i="178" start_j="78" goal_i="97" goal_j="107"/>
    <agent start_i="35" start_j="111" goal_i="194" goal_j="229"/>
    <agent start_i="122" start_j="215" goal_i="91" goal_j="213"/>
    <agent start_i="144" start_j="67" goal_i="82" goal_j="213"/>
    <agent start_i="99" start_j="180" goal_i="49" goal_j="117"/>
    <agent start_i="76" start_j="65" goal_i="225" goal_j="106"/>
    <agent start_i="54" start_j="51" goal_i="190" goal_j="15"/>
    <agent start_i="168" start_j="20" goal_i="84" goal_j="121"/>
</root>
