<?xml version="1.0" ?>
<root>
    <agent start_i="183" start_j="14" goal_i="232" goal_j="69"/>
    <agent start_i="169" start_j="190" goal_i="223" goal_j="227"/>
    <agent start_i="153" start_j="16" goal_i="177" goal_j="225"/>
    <agent start_i="131" start_j="187" goal_i="144" goal_j="24"/>
    <agent start_i="158" start_j="100" goal_i="78" goal_j="56"/>
    <agent start_i="126" start_j="218" goal_i="103" goal_j="235"/>
    <agent start_i="212" start_j="213" goal_i="210" goal_j="155"/>
    <agent start_i="182" start_j="169" goal_i="176" goal_j="64"/>
    <agent start_i="48" start_j="93" goal_i="97" goal_j="66"/>
    <agent start_i="35" start_j="209" goal_i="202" goal_j="98"/>
</root>
