<?xml version="1.0" ?>
<root>
    <agent start_i="216" start_j="112" goal_i="72" goal_j="216"/>
    <agent start_i="74" start_j="238" goal_i="41" goal_j="221"/>
    <agent start_i="209" start_j="218" goal_i="85" goal_j="204"/>
    <agent start_i="150" start_j="42" goal_i="81" goal_j="165"/>
    <agent start_i="212" start_j="212" goal_i="119" goal_j="170"/>
    <agent start_i="162" start_j="138" goal_i="197" goal_j="229"/>
    <agent start_i="23" start_j="173" goal_i="174" goal_j="138"/>
    <agent start_i="122" start_j="224" goal_i="176" goal_j="43"/>
    <agent start_i="161" start_j="107" goal_i="181" goal_j="99"/>
    <agent start_i="148" start_j="55" goal_i="137" goal_j="251"/>
</root>
