<?xml version="1.0" ?>
<root>
    <agent start_i="135" start_j="161" goal_i="162" goal_j="64"/>
    <agent start_i="117" start_j="237" goal_i="151" goal_j="93"/>
    <agent start_i="164" start_j="87" goal_i="187" goal_j="220"/>
    <agent start_i="215" start_j="79" goal_i="143" goal_j="45"/>
    <agent start_i="122" start_j="213" goal_i="199" goal_j="11"/>
    <agent start_i="37" start_j="62" goal_i="177" goal_j="27"/>
    <agent start_i="51" start_j="74" goal_i="79" goal_j="52"/>
    <agent start_i="38" start_j="181" goal_i="181" goal_j="205"/>
    <agent start_i="212" start_j="153" goal_i="184" goal_j="16"/>
    <agent start_i="55" start_j="213" goal_i="230" goal_j="84"/>
</root>
