<?xml version="1.0" ?>
<root>
    <agent start_i="173" start_j="125" goal_i="196" goal_j="225"/>
    <agent start_i="61" start_j="119" goal_i="76" goal_j="178"/>
    <agent start_i="182" start_j="206" goal_i="79" goal_j="172"/>
    <agent start_i="45" start_j="148" goal_i="144" goal_j="14"/>
    <agent start_i="153" start_j="129" goal_i="95" goal_j="90"/>
    <agent start_i="156" start_j="179" goal_i="181" goal_j="164"/>
    <agent start_i="97" start_j="68" goal_i="197" goal_j="233"/>
    <agent start_i="207" start_j="234" goal_i="192" goal_j="223"/>
    <agent start_i="44" start_j="138" goal_i="223" goal_j="136"/>
    <agent start_i="143" start_j="91" goal_i="185" goal_j="89"/>
</root>
