<?xml version="1.0" ?>
<root>
    <agent start_i="83" start_j="69" goal_i="89" goal_j="164"/>
    <agent start_i="159" start_j="11" goal_i="63" goal_j="217"/>
    <agent start_i="39" start_j="176" goal_i="213" goal_j="69"/>
    <agent start_i="202" start_j="224" goal_i="179" goal_j="10"/>
    <agent start_i="104" start_j="144" goal_i="55" goal_j="200"/>
    <agent start_i="180" start_j="181" goal_i="49" goal_j="99"/>
    <agent start_i="142" start_j="80" goal_i="17" goal_j="155"/>
    <agent start_i="182" start_j="88" goal_i="218" goal_j="94"/>
    <agent start_i="53" start_j="199" goal_i="108" goal_j="228"/>
    <agent start_i="89" start_j="101" goal_i="187" goal_j="176"/>
</root>
