<?xml version="1.0" ?>
<root>
    <agent start_i="104" start_j="236" goal_i="56" goal_j="159"/>
    <agent start_i="182" start_j="73" goal_i="153" goal_j="144"/>
    <agent start_i="216" start_j="99" goal_i="207" goal_j="151"/>
    <agent start_i="183" start_j="28" goal_i="183" goal_j="23"/>
    <agent start_i="52" start_j="126" goal_i="28" goal_j="240"/>
    <agent start_i="93" start_j="181" goal_i="187" goal_j="95"/>
    <agent start_i="74" start_j="230" goal_i="104" goal_j="148"/>
    <agent start_i="80" start_j="225" goal_i="108" goal_j="89"/>
    <agent start_i="158" start_j="164" goal_i="170" goal_j="145"/>
    <agent start_i="33" start_j="166" goal_i="111" goal_j="165"/>
</root>
