<?xml version="1.0" ?>
<root>
    <agent start_i="58" start_j="198" goal_i="36" goal_j="108"/>
    <agent start_i="35" start_j="95" goal_i="113" goal_j="104"/>
    <agent start_i="65" start_j="225" goal_i="56" goal_j="127"/>
    <agent start_i="85" start_j="178" goal_i="17" goal_j="239"/>
    <agent start_i="151" start_j="89" goal_i="176" goal_j="159"/>
    <agent start_i="171" start_j="48" goal_i="66" goal_j="217"/>
    <agent start_i="230" start_j="140" goal_i="35" goal_j="111"/>
    <agent start_i="14" start_j="126" goal_i="203" goal_j="71"/>
    <agent start_i="152" start_j="121" goal_i="86" goal_j="75"/>
    <agent start_i="83" start_j="45" goal_i="187" goal_j="84"/>
</root>
