<?xml version="1.0" ?>
<root>
    <agent start_i="79" start_j="106" goal_i="164" goal_j="157"/>
    <agent start_i="63" start_j="194" goal_i="45" goal_j="212"/>
    <agent start_i="175" start_j="143" goal_i="176" goal_j="41"/>
    <agent start_i="193" start_j="13" goal_i="165" goal_j="159"/>
    <agent start_i="143" start_j="44" goal_i="159" goal_j="118"/>
    <agent start_i="10" start_j="240" goal_i="198" goal_j="85"/>
    <agent start_i="94" start_j="125" goal_i="21" goal_j="170"/>
    <agent start_i="137" start_j="80" goal_i="186" goal_j="90"/>
    <agent start_i="93" start_j="105" goal_i="128" goal_j="176"/>
    <agent start_i="69" start_j="55" goal_i="151" goal_j="75"/>
</root>
