<?xml version="1.0" ?>
<root>
    <agent start_i="93" start_j="119" goal_i="159" goal_j="28"/>
    <agent start_i="136" start_j="70" goal_i="85" goal_j="170"/>
    <agent start_i="178" start_j="91" goal_i="96" goal_j="106"/>
    <agent start_i="156" start_j="195" goal_i="170" goal_j="142"/>
    <agent start_i="142" start_j="7" goal_i="106" goal_j="158"/>
    <agent start_i="31" start_j="165" goal_i="229" goal_j="98"/>
    <agent start_i="213" start_j="78" goal_i="94" goal_j="214"/>
    <agent start_i="180" start_j="62" goal_i="159" goal_j="188"/>
    <agent start_i="63" start_j="222" goal_i="146" goal_j="148"/>
    <agent start_i="67" start_j="174" goal_i="208" goal_j="220"/>
</root>
