<?xml version="1.0" ?>
<root>
    <agent start_i="202" start_j="95" goal_i="86" goal_j="117"/>
    <agent start_i="148" start_j="174" goal_i="90" goal_j="67"/>
    <agent start_i="147" start_j="154" goal_i="42" goal_j="205"/>
    <agent start_i="53" start_j="116" goal_i="221" goal_j="136"/>
    <agent start_i="174" start_j="90" goal_i="162" goal_j="119"/>
    <agent start_i="219" start_j="144" goal_i="53" goal_j="247"/>
    <agent start_i="56" start_j="66" goal_i="94" goal_j="170"/>
    <agent start_i="21" start_j="238" goal_i="185" goal_j="89"/>
    <agent start_i="96" start_j="72" goal_i="38" goal_j="219"/>
    <agent start_i="227" start_j="80" goal_i="217" goal_j="135"/>
</root>
