<?xml version="1.0" ?>
<root>
    <agent start_i="103" start_j="160" goal_i="92" goal_j="242"/>
    <agent start_i="156" start_j="101" goal_i="147" goal_j="66"/>
    <agent start_i="180" start_j="31" goal_i="170" goal_j="193"/>
    <agent start_i="197" start_j="232" goal_i="20" goal_j="159"/>
    <agent start_i="195" start_j="99" goal_i="177" goal_j="24"/>
    <agent start_i="53" start_j="112" goal_i="151" goal_j="39"/>
    <agent start_i="159" start_j="115" goal_i="66" goal_j="222"/>
    <agent start_i="94" start_j="163" goal_i="137" goal_j="185"/>
    <agent start_i="219" start_j="106" goal_i="197" goal_j="210"/>
    <agent start_i="137" start_j="49" goal_i="83" goal_j="57"/>
</root>
