<?xml version="1.0" ?>
<root>
    <agent start_i="172" start_j="59" goal_i="101" goal_j="151"/>
    <agent start_i="52" start_j="209" goal_i="60" goal_j="73"/>
    <agent start_i="54" start_j="245" goal_i="226" goal_j="92"/>
    <agent start_i="23" start_j="172" goal_i="99" goal_j="219"/>
    <agent start_i="177" start_j="37" goal_i="182" goal_j="151"/>
    <agent start_i="55" start_j="219" goal_i="111" goal_j="144"/>
    <agent start_i="81" start_j="185" goal_i="178" goal_j="153"/>
    <agent start_i="111" start_j="177" goal_i="84" goal_j="168"/>
    <agent start_i="48" start_j="115" goal_i="99" goal_j="98"/>
    <agent start_i="82" start_j="236" goal_i="202" goal_j="229"/>
</root>
