<?xml version="1.0" ?>
<root>
    <agent start_i="39" start_j="77" goal_i="43" goal_j="220"/>
    <agent start_i="80" start_j="44" goal_i="45" goal_j="121"/>
    <agent start_i="77" start_j="217" goal_i="90" goal_j="138"/>
    <agent start_i="90" start_j="153" goal_i="174" goal_j="188"/>
    <agent start_i="90" start_j="116" goal_i="79" goal_j="209"/>
    <agent start_i="231" start_j="74" goal_i="188" goal_j="209"/>
    <agent start_i="31" start_j="186" goal_i="92" goal_j="80"/>
    <agent start_i="44" start_j="157" goal_i="219" goal_j="105"/>
    <agent start_i="144" start_j="17" goal_i="165" goal_j="175"/>
    <agent start_i="149" start_j="157" goal_i="23" goal_j="251"/>
</root>
