<?xml version="1.0" ?>
<root>
    <agent start_i="116" start_j="178" goal_i="94" goal_j="69"/>
    <agent start_i="115" start_j="236" goal_i="179" goal_j="215"/>
    <agent start_i="43" start_j="198" goal_i="175" goal_j="90"/>
    <agent start_i="148" start_j="165" goal_i="41" goal_j="178"/>
    <agent start_i="71" start_j="243" goal_i="209" goal_j="14"/>
    <agent start_i="192" start_j="207" goal_i="151" goal_j="42"/>
    <agent start_i="46" start_j="233" goal_i="42" goal_j="184"/>
    <agent start_i="137" start_j="172" goal_i="169" goal_j="178"/>
    <agent start_i="35" start_j="165" goal_i="151" goal_j="25"/>
    <agent start_i="72" start_j="71" goal_i="89" goal_j="176"/>
</root>
