<?xml version="1.0" ?>
<root>
    <agent start_i="177" start_j="35" goal_i="167" goal_j="113"/>
    <agent start_i="160" start_j="21" goal_i="147" goal_j="74"/>
    <agent start_i="207" start_j="231" goal_i="121" goal_j="171"/>
    <agent start_i="61" start_j="69" goal_i="96" goal_j="228"/>
    <agent start_i="69" start_j="37" goal_i="162" goal_j="95"/>
    <agent start_i="208" start_j="220" goal_i="239" goal_j="65"/>
    <agent start_i="189" start_j="217" goal_i="78" goal_j="238"/>
    <agent start_i="217" start_j="69" goal_i="75" goal_j="168"/>
    <agent start_i="97" start_j="83" goal_i="93" goal_j="60"/>
    <agent start_i="163" start_j="15" goal_i="159" goal_j="20"/>
</root>
