<?xml version="1.0" ?>
<root>
    <agent start_i="183" start_j="231" goal_i="172" goal_j="24"/>
    <agent start_i="153" start_j="140" goal_i="141" goal_j="11"/>
    <agent start_i="116" start_j="150" goal_i="68" goal_j="45"/>
    <agent start_i="63" start_j="224" goal_i="52" goal_j="166"/>
    <agent start_i="222" start_j="121" goal_i="39" goal_j="125"/>
    <agent start_i="165" start_j="14" goal_i="217" goal_j="154"/>
    <agent start_i="129" start_j="239" goal_i="213" goal_j="115"/>
    <agent start_i="178" start_j="197" goal_i="140" goal_j="51"/>
    <agent start_i="148" start_j="23" goal_i="106" goal_j="140"/>
    <agent start_i="90" start_j="99" goal_i="73" goal_j="240"/>
</root>
