<?xml version="1.0" ?>
<root>
    <agent start_i="97" start_j="180" goal_i="207" goal_j="207"/>
    <agent start_i="88" start_j="226" goal_i="109" goal_j="223"/>
    <agent start_i="46" start_j="74" goal_i="81" goal_j="45"/>
    <agent start_i="199" start_j="214" goal_i="152" goal_j="145"/>
    <agent start_i="217" start_j="110" goal_i="224" goal_j="82"/>
    <agent start_i="68" start_j="67" goal_i="206" goal_j="226"/>
    <agent start_i="211" start_j="77" goal_i="71" goal_j="174"/>
    <agent start_i="217" start_j="156" goal_i="63" goal_j="128"/>
    <agent start_i="42" start_j="64" goal_i="116" goal_j="228"/>
    <agent start_i="71" start_j="172" goal_i="132" goal_j="160"/>
</root>
