<?xml version="1.0" ?>
<root>
    <agent start_i="150" start_j="128" goal_i="141" goal_j="250"/>
    <agent start_i="65" start_j="69" goal_i="188" goal_j="212"/>
    <agent start_i="97" start_j="111" goal_i="87" goal_j="238"/>
    <agent start_i="228" start_j="105" goal_i="86" goal_j="72"/>
    <agent start_i="180" start_j="31" goal_i="170" goal_j="193"/>
    <agent start_i="20" start_j="159" goal_i="212" goal_j="141"/>
    <agent start_i="40" start_j="55" goal_i="131" goal_j="170"/>
    <agent start_i="210" start_j="207" goal_i="81" goal_j="213"/>
    <agent start_i="213" start_j="151" goal_i="59" goal_j="61"/>
    <agent start_i="195" start_j="239" goal_i="182" goal_j="62"/>
</root>
