<?xml version="1.0" ?>
<root>
    <agent start_i="203" start_j="88" goal_i="150" goal_j="95"/>
    <agent start_i="100" start_j="76" goal_i="124" goal_j="217"/>
    <agent start_i="114" start_j="169" goal_i="41" goal_j="119"/>
    <agent start_i="184" start_j="82" goal_i="225" goal_j="121"/>
    <agent start_i="51" start_j="87" goal_i="146" goal_j="36"/>
    <agent start_i="138" start_j="176" goal_i="87" goal_j="58"/>
    <agent start_i="197" start_j="242" goal_i="219" goal_j="229"/>
    <agent start_i="55" start_j="73" goal_i="77" goal_j="83"/>
    <agent start_i="157" start_j="54" goal_i="21" goal_j="248"/>
    <agent start_i="60" start_j="245" goal_i="51" goal_j="127"/>
</root>
