<?xml version="1.0" ?>
<root>
    <agent start_i="107" start_j="151" goal_i="188" goal_j="222"/>
    <agent start_i="176" start_j="48" goal_i="30" goal_j="245"/>
    <agent start_i="95" start_j="93" goal_i="203" goal_j="233"/>
    <agent start_i="179" start_j="177" goal_i="99" goal_j="83"/>
    <agent start_i="202" start_j="216" goal_i="228" goal_j="149"/>
    <agent start_i="190" start_j="242" goal_i="105" goal_j="176"/>
    <agent start_i="100" start_j="157" goal_i="98" goal_j="174"/>
    <agent start_i="27" start_j="164" goal_i="195" goal_j="250"/>
    <agent start_i="35" start_j="120" goal_i="182" goal_j="201"/>
    <agent start_i="86" start_j="186" goal_i="88" goal_j="127"/>
</root>
