<?xml version="1.0" ?>
<root>
    <agent start_i="177" start_j="14" goal_i="82" goal_j="89"/>
    <agent start_i="194" start_j="79" goal_i="186" goal_j="70"/>
    <agent start_i="220" start_j="135" goal_i="68" goal_j="203"/>
    <agent start_i="171" start_j="180" goal_i="225" goal_j="62"/>
    <agent start_i="157" start_j="192" goal_i="163" goal_j="42"/>
    <agent start_i="213" start_j="221" goal_i="106" goal_j="92"/>
    <agent start_i="104" start_j="173" goal_i="17" goal_j="244"/>
    <agent start_i="197" start_j="211" goal_i="55" goal_j="52"/>
    <agent start_i="165" start_j="9" goal_i="178" goal_j="201"/>
    <agent start_i="56" start_j="205" goal_i="116" goal_j="239"/>
</root>
