<?xml version="1.0" ?>
<root>
    <agent start_i="63" start_j="236" goal_i="135" goal_j="164"/>
    <agent start_i="178" start_j="203" goal_i="137" goal_j="79"/>
    <agent start_i="190" start_j="226" goal_i="157" goal_j="145"/>
    <agent start_i="118" start_j="220" goal_i="93" goal_j="177"/>
    <agent start_i="80" start_j="58" goal_i="88" goal_j="105"/>
    <agent start_i="100" start_j="162" goal_i="142" goal_j="189"/>
    <agent start_i="180" start_j="182" goal_i="121" goal_j="172"/>
    <agent start_i="202" start_j="234" goal_i="65" goal_j="228"/>
    <agent start_i="222" start_j="123" goal_i="228" goal_j="133"/>
    <agent start_i="42" start_j="52" goal_i="141" goal_j="31"/>
</root>
