<?xml version="1.0" ?>
<root>
    <agent start_i="66" start_j="209" goal_i="41" goal_j="142"/>
    <agent start_i="162" start_j="188" goal_i="109" goal_j="160"/>
    <agent start_i="141" start_j="34" goal_i="29" goal_j="244"/>
    <agent start_i="65" start_j="235" goal_i="161" goal_j="93"/>
    <agent start_i="199" start_j="91" goal_i="141" goal_j="186"/>
    <agent start_i="161" start_j="190" goal_i="207" goal_j="90"/>
    <agent start_i="29" start_j="238" goal_i="50" goal_j="62"/>
    <agent start_i="35" start_j="235" goal_i="57" goal_j="88"/>
    <agent start_i="109" start_j="217" goal_i="163" goal_j="184"/>
    <agent start_i="180" start_j="61" goal_i="193" goal_j="211"/>
</root>
