<?xml version="1.0" ?>
<root>
    <agent start_i="58" start_j="95" goal_i="83" goal_j="93"/>
    <agent start_i="93" start_j="171" goal_i="179" goal_j="16"/>
    <agent start_i="183" start_j="219" goal_i="170" goal_j="74"/>
    <agent start_i="136" start_j="49" goal_i="29" goal_j="145"/>
    <agent start_i="194" start_j="95" goal_i="226" goal_j="62"/>
    <agent start_i="95" start_j="78" goal_i="153" goal_j="148"/>
    <agent start_i="144" start_j="39" goal_i="153" goal_j="44"/>
    <agent start_i="125" start_j="156" goal_i="74" goal_j="183"/>
    <agent start_i="75" start_j="244" goal_i="40" goal_j="247"/>
    <agent start_i="85" start_j="107" goal_i="67" goal_j="57"/>
</root>
