<?xml version="1.0" ?>
<root>
    <agent start_i="150" start_j="48" goal_i="37" goal_j="202"/>
    <agent start_i="99" start_j="85" goal_i="57" goal_j="220"/>
    <agent start_i="104" start_j="177" goal_i="10" goal_j="246"/>
    <agent start_i="115" start_j="152" goal_i="90" goal_j="70"/>
    <agent start_i="71" start_j="215" goal_i="137" goal_j="48"/>
    <agent start_i="152" start_j="58" goal_i="210" goal_j="6"/>
    <agent start_i="147" start_j="35" goal_i="197" goal_j="83"/>
    <agent start_i="192" start_j="82" goal_i="34" goal_j="130"/>
    <agent start_i="146" start_j="51" goal_i="25" goal_j="126"/>
    <agent start_i="146" start_j="48" goal_i="182" goal_j="31"/>
</root>
