<?xml version="1.0" ?>
<root>
    <agent start_i="68" start_j="201" goal_i="171" goal_j="113"/>
    <agent start_i="228" start_j="144" goal_i="64" goal_j="56"/>
    <agent start_i="100" start_j="106" goal_i="33" goal_j="188"/>
    <agent start_i="65" start_j="62" goal_i="34" goal_j="129"/>
    <agent start_i="178" start_j="92" goal_i="165" goal_j="200"/>
    <agent start_i="182" start_j="19" goal_i="188" goal_j="11"/>
    <agent start_i="45" start_j="74" goal_i="145" goal_j="17"/>
    <agent start_i="188" start_j="10" goal_i="108" goal_j="180"/>
    <agent start_i="100" start_j="165" goal_i="46" goal_j="152"/>
    <agent start_i="154" start_j="35" goal_i="106" goal_j="243"/>
</root>
