<?xml version="1.0" ?>
<root>
    <agent start_i="155" start_j="148" goal_i="28" goal_j="177"/>
    <agent start_i="75" start_j="218" goal_i="1" goal_j="241"/>
    <agent start_i="223" start_j="112" goal_i="176" goal_j="15"/>
    <agent start_i="54" start_j="186" goal_i="222" goal_j="83"/>
    <agent start_i="8" start_j="244" goal_i="94" goal_j="67"/>
    <agent start_i="2" start_j="241" goal_i="178" goal_j="23"/>
    <agent start_i="211" start_j="150" goal_i="81" goal_j="61"/>
    <agent start_i="206" start_j="83" goal_i="59" goal_j="245"/>
    <agent start_i="192" start_j="240" goal_i="202" goal_j="75"/>
    <agent start_i="36" start_j="115" goal_i="93" goal_j="176"/>
</root>
