<?xml version="1.0" ?>
<root>
    <agent start_i="211" start_j="222" goal_i="190" goal_j="199"/>
    <agent start_i="222" start_j="223" goal_i="41" goal_j="247"/>
    <agent start_i="192" start_j="247" goal_i="166" goal_j="100"/>
    <agent start_i="228" start_j="129" goal_i="219" goal_j="76"/>
    <agent start_i="50" start_j="62" goal_i="170" goal_j="107"/>
    <agent start_i="81" start_j="197" goal_i="149" goal_j="149"/>
    <agent start_i="96" start_j="147" goal_i="110" goal_j="178"/>
    <agent start_i="173" start_j="37" goal_i="162" goal_j="131"/>
    <agent start_i="187" start_j="88" goal_i="67" goal_j="55"/>
    <agent start_i="88" start_j="60" goal_i="133" goal_j="215"/>
</root>
