<?xml version="1.0" ?>
<root>
    <agent start_i="155" start_j="187" goal_i="185" goal_j="235"/>
    <agent start_i="164" start_j="158" goal_i="96" goal_j="234"/>
    <agent start_i="52" start_j="158" goal_i="230" goal_j="135"/>
    <agent start_i="117" start_j="124" goal_i="42" goal_j="112"/>
    <agent start_i="23" start_j="147" goal_i="23" goal_j="159"/>
    <agent start_i="144" start_j="164" goal_i="96" goal_j="150"/>
    <agent start_i="81" start_j="57" goal_i="192" goal_j="18"/>
    <agent start_i="97" start_j="112" goal_i="30" goal_j="247"/>
    <agent start_i="61" start_j="214" goal_i="39" goal_j="200"/>
    <agent start_i="210" start_j="82" goal_i="138" goal_j="250"/>
</root>
