<?xml version="1.0" ?>
<root>
    <agent start_i="190" start_j="83" goal_i="157" goal_j="36"/>
    <agent start_i="153" start_j="89" goal_i="49" goal_j="145"/>
    <agent start_i="173" start_j="175" goal_i="163" goal_j="126"/>
    <agent start_i="35" start_j="103" goal_i="46" goal_j="182"/>
    <agent start_i="39" start_j="56" goal_i="101" goal_j="180"/>
    <agent start_i="154" start_j="27" goal_i="148" goal_j="51"/>
    <agent start_i="32" start_j="69" goal_i="118" goal_j="127"/>
    <agent start_i="24" start_j="184" goal_i="231" goal_j="97"/>
    <agent start_i="232" start_j="110" goal_i="178" goal_j="150"/>
    <agent start_i="105" start_j="178" goal_i="80" goal_j="88"/>
</root>
