<?xml version="1.0" ?>
<root>
    <agent start_i="81" start_j="227" goal_i="85" goal_j="167"/>
    <agent start_i="169" start_j="83" goal_i="79" goal_j="98"/>
    <agent start_i="108" start_j="168" goal_i="187" goal_j="35"/>
    <agent start_i="32" start_j="77" goal_i="52" goal_j="116"/>
    <agent start_i="230" start_j="154" goal_i="144" goal_j="49"/>
    <agent start_i="182" start_j="22" goal_i="83" goal_j="112"/>
    <agent start_i="94" start_j="97" goal_i="200" goal_j="195"/>
    <agent start_i="218" start_j="103" goal_i="203" goal_j="146"/>
    <agent start_i="172" start_j="143" goal_i="172" goal_j="115"/>
    <agent start_i="145" start_j="166" goal_i="143" goal_j="39"/>
</root>
