<?xml version="1.0" ?>
<root>
    <agent start_i="30" start_j="243" goal_i="106" goal_j="85"/>
    <agent start_i="74" start_j="38" goal_i="138" goal_j="170"/>
    <agent start_i="172" start_j="45" goal_i="79" goal_j="162"/>
    <agent start_i="125" start_j="250" goal_i="38" goal_j="209"/>
    <agent start_i="36" start_j="66" goal_i="43" goal_j="251"/>
    <agent start_i="186" start_j="201" goal_i="51" goal_j="86"/>
    <agent start_i="95" start_j="145" goal_i="20" goal_j="240"/>
    <agent start_i="169" start_j="24" goal_i="87" goal_j="211"/>
    <agent start_i="154" start_j="117" goal_i="49" goal_j="235"/>
    <agent start_i="80" start_j="237" goal_i="53" goal_j="77"/>
</root>
