<?xml version="1.0" ?>
<root>
    <agent start_i="217" start_j="222" goal_i="209" goal_j="240"/>
    <agent start_i="64" start_j="208" goal_i="209" goal_j="88"/>
    <agent start_i="204" start_j="98" goal_i="192" goal_j="8"/>
    <agent start_i="182" start_j="68" goal_i="98" goal_j="63"/>
    <agent start_i="101" start_j="93" goal_i="52" goal_j="247"/>
    <agent start_i="228" start_j="119" goal_i="40" goal_j="187"/>
    <agent start_i="202" start_j="82" goal_i="175" goal_j="121"/>
    <agent start_i="36" start_j="135" goal_i="42" goal_j="150"/>
    <agent start_i="42" start_j="54" goal_i="35" goal_j="103"/>
    <agent start_i="78" start_j="224" goal_i="73" goal_j="220"/>
</root>
