<?xml version="1.0" ?>
<root>
    <agent start_i="63" start_j="130" goal_i="75" goal_j="71"/>
    <agent start_i="176" start_j="81" goal_i="43" goal_j="103"/>
    <agent start_i="18" start_j="151" goal_i="211" goal_j="229"/>
    <agent start_i="158" start_j="20" goal_i="44" goal_j="126"/>
    <agent start_i="159" start_j="24" goal_i="157" goal_j="177"/>
    <agent start_i="160" start_j="76" goal_i="85" goal_j="178"/>
    <agent start_i="161" start_j="55" goal_i="216" goal_j="107"/>
    <agent start_i="222" start_j="72" goal_i="90" goal_j="123"/>
    <agent start_i="50" start_j="96" goal_i="127" goal_j="168"/>
    <agent start_i="87" start_j="241" goal_i="65" goal_j="224"/>
</root>
