<?xml version="1.0" ?>
<root>
    <agent start_i="181" start_j="55" goal_i="232" goal_j="73"/>
    <agent start_i="166" start_j="12" goal_i="101" goal_j="231"/>
    <agent start_i="26" start_j="234" goal_i="175" goal_j="30"/>
    <agent start_i="162" start_j="96" goal_i="80" goal_j="69"/>
    <agent start_i="26" start_j="181" goal_i="193" goal_j="239"/>
    <agent start_i="39" start_j="176" goal_i="213" goal_j="69"/>
    <agent start_i="41" start_j="54" goal_i="93" goal_j="59"/>
    <agent start_i="68" start_j="203" goal_i="154" goal_j="120"/>
    <agent start_i="96" start_j="227" goal_i="90" goal_j="112"/>
    <agent start_i="151" start_j="118" goal_i="178" goal_j="62"/>
</root>
