<?xml version="1.0" ?>
<root>
    <agent start_i="98" start_j="80" goal_i="61" goal_j="73"/>
    <agent start_i="83" start_j="193" goal_i="177" goal_j="51"/>
    <agent start_i="159" start_j="62" goal_i="89" goal_j="97"/>
    <agent start_i="36" start_j="60" goal_i="75" goal_j="198"/>
    <agent start_i="188" start_j="79" goal_i="147" goal_j="24"/>
    <agent start_i="38" start_j="196" goal_i="217" goal_j="230"/>
    <agent start_i="2" start_j="242" goal_i="69" goal_j="185"/>
    <agent start_i="49" start_j="80" goal_i="169" goal_j="146"/>
    <agent start_i="62" start_j="130" goal_i="68" goal_j="201"/>
    <agent start_i="64" start_j="175" goal_i="108" goal_j="161"/>
</root>
