<?xml version="1.0" ?>
<root>
    <agent start_i="78" start_j="202" goal_i="171" goal_j="79"/>
    <agent start_i="168" start_j="86" goal_i="68" goal_j="214"/>
    <agent start_i="60" start_j="57" goal_i="161" goal_j="126"/>
    <agent start_i="205" start_j="85" goal_i="97" goal_j="217"/>
    <agent start_i="32" start_j="218" goal_i="44" goal_j="245"/>
    <agent start_i="150" start_j="191" goal_i="86" goal_j="209"/>
    <agent start_i="152" start_j="56" goal_i="66" goal_j="210"/>
    <agent start_i="146" start_j="100" goal_i="208" goal_j="214"/>
    <agent start_i="56" start_j="166" goal_i="184" goal_j="206"/>
    <agent start_i="185" start_j="176" goal_i="76" goal_j="177"/>
</root>
