<?xml version="1.0" ?>
<root>
    <agent start_i="178" start_j="66" goal_i="66" goal_j="204"/>
    <agent start_i="32" start_j="170" goal_i="229" goal_j="88"/>
    <agent start_i="151" start_j="40" goal_i="102" goal_j="149"/>
    <agent start_i="144" start_j="103" goal_i="191" goal_j="8"/>
    <agent start_i="139" start_j="67" goal_i="104" goal_j="155"/>
    <agent start_i="105" start_j="118" goal_i="191" goal_j="11"/>
    <agent start_i="29" start_j="173" goal_i="196" goal_j="240"/>
    <agent start_i="192" start_j="87" goal_i="57" goal_j="57"/>
    <agent start_i="155" start_j="168" goal_i="146" goal_j="20"/>
    <agent start_i="145" start_j="95" goal_i="65" goal_j="239"/>
</root>
