<?xml version="1.0" ?>
<root>
    <agent start_i="124" start_j="238" goal_i="181" goal_j="197"/>
    <agent start_i="93" start_j="59" goal_i="92" goal_j="230"/>
    <agent start_i="136" start_j="76" goal_i="193" goal_j="236"/>
    <agent start_i="110" start_j="173" goal_i="185" goal_j="92"/>
    <agent start_i="230" start_j="112" goal_i="91" goal_j="131"/>
    <agent start_i="68" start_j="201" goal_i="171" goal_j="113"/>
    <agent start_i="93" start_j="186" goal_i="81" goal_j="195"/>
    <agent start_i="40" start_j="79" goal_i="81" goal_j="69"/>
    <agent start_i="163" start_j="196" goal_i="106" goal_j="92"/>
    <agent start_i="157" start_j="185" goal_i="168" goal_j="112"/>
</root>
