<?xml version="1.0" ?>
<root>
    <agent start_i="71" start_j="201" goal_i="98" goal_j="236"/>
    <agent start_i="171" start_j="163" goal_i="164" goal_j="70"/>
    <agent start_i="82" start_j="119" goal_i="177" goal_j="54"/>
    <agent start_i="63" start_j="223" goal_i="138" goal_j="50"/>
    <agent start_i="20" start_j="235" goal_i="228" goal_j="66"/>
    <agent start_i="60" start_j="128" goal_i="60" goal_j="72"/>
    <agent start_i="166" start_j="122" goal_i="95" goal_j="74"/>
    <agent start_i="174" start_j="137" goal_i="56" goal_j="64"/>
    <agent start_i="104" start_j="219" goal_i="88" goal_j="158"/>
    <agent start_i="115" start_j="170" goal_i="138" goal_j="156"/>
</root>
