<?xml version="1.0" ?>
<root>
    <agent start_i="167" start_j="146" goal_i="171" goal_j="163"/>
    <agent start_i="101" start_j="183" goal_i="153" goal_j="192"/>
    <agent start_i="39" start_j="88" goal_i="212" goal_j="145"/>
    <agent start_i="28" start_j="183" goal_i="82" goal_j="178"/>
    <agent start_i="156" start_j="105" goal_i="219" goal_j="221"/>
    <agent start_i="119" start_j="171" goal_i="159" goal_j="122"/>
    <agent start_i="188" start_j="238" goal_i="121" goal_j="217"/>
    <agent start_i="221" start_j="73" goal_i="145" goal_j="28"/>
    <agent start_i="196" start_j="10" goal_i="147" goal_j="101"/>
    <agent start_i="219" start_j="87" goal_i="85" goal_j="166"/>
</root>
