<?xml version="1.0" ?>
<root>
    <agent start_i="95" start_j="154" goal_i="186" goal_j="236"/>
    <agent start_i="155" start_j="46" goal_i="97" goal_j="242"/>
    <agent start_i="201" start_j="97" goal_i="17" goal_j="126"/>
    <agent start_i="218" start_j="148" goal_i="69" goal_j="33"/>
    <agent start_i="179" start_j="86" goal_i="175" goal_j="227"/>
    <agent start_i="39" start_j="120" goal_i="165" goal_j="102"/>
    <agent start_i="225" start_j="137" goal_i="149" goal_j="74"/>
    <agent start_i="173" start_j="108" goal_i="108" goal_j="232"/>
    <agent start_i="46" start_j="149" goal_i="173" goal_j="173"/>
    <agent start_i="127" start_j="237" goal_i="79" goal_j="193"/>
</root>
