<?xml version="1.0" ?>
<root>
    <agent start_i="69" start_j="209" goal_i="90" goal_j="225"/>
    <agent start_i="226" start_j="73" goal_i="53" goal_j="200"/>
    <agent start_i="54" start_j="63" goal_i="68" goal_j="206"/>
    <agent start_i="90" start_j="105" goal_i="85" goal_j="183"/>
    <agent start_i="49" start_j="134" goal_i="171" goal_j="162"/>
    <agent start_i="213" start_j="20" goal_i="21" goal_j="250"/>
    <agent start_i="150" start_j="24" goal_i="211" goal_j="240"/>
    <agent start_i="227" start_j="146" goal_i="157" goal_j="55"/>
    <agent start_i="97" start_j="78" goal_i="179" goal_j="30"/>
    <agent start_i="148" start_j="140" goal_i="95" goal_j="135"/>
</root>
