<?xml version="1.0" ?>
<root>
    <agent start_i="40" start_j="55" goal_i="131" goal_j="170"/>
    <agent start_i="74" start_j="31" goal_i="86" goal_j="215"/>
    <agent start_i="80" start_j="72" goal_i="68" goal_j="49"/>
    <agent start_i="163" start_j="49" goal_i="163" goal_j="184"/>
    <agent start_i="207" start_j="208" goal_i="48" goal_j="128"/>
    <agent start_i="186" start_j="176" goal_i="118" goal_j="183"/>
    <agent start_i="114" start_j="110" goal_i="142" goal_j="90"/>
    <agent start_i="81" start_j="233" goal_i="169" goal_j="109"/>
    <agent start_i="193" start_j="222" goal_i="13" goal_j="130"/>
    <agent start_i="176" start_j="150" goal_i="81" goal_j="115"/>
</root>
