<?xml version="1.0" ?>
<root>
    <agent start_i="49" start_j="185" goal_i="82" goal_j="203"/>
    <agent start_i="84" start_j="203" goal_i="176" goal_j="46"/>
    <agent start_i="153" start_j="84" goal_i="68" goal_j="232"/>
    <agent start_i="13" start_j="127" goal_i="69" goal_j="36"/>
    <agent start_i="146" start_j="160" goal_i="58" goal_j="198"/>
    <agent start_i="108" start_j="128" goal_i="224" goal_j="114"/>
    <agent start_i="172" start_j="81" goal_i="41" goal_j="197"/>
    <agent start_i="162" start_j="134" goal_i="200" goal_j="237"/>
    <agent start_i="174" start_j="148" goal_i="81" goal_j="63"/>
    <agent start_i="9" start_j="128" goal_i="90" goal_j="64"/>
</root>
