<?xml version="1.0" ?>
<root>
    <agent start_i="222" start_j="111" goal_i="80" goal_j="228"/>
    <agent start_i="156" start_j="51" goal_i="155" goal_j="79"/>
    <agent start_i="171" start_j="65" goal_i="95" goal_j="182"/>
    <agent start_i="165" start_j="61" goal_i="225" goal_j="110"/>
    <agent start_i="192" start_j="74" goal_i="27" goal_j="162"/>
    <agent start_i="91" start_j="182" goal_i="62" goal_j="170"/>
    <agent start_i="207" start_j="15" goal_i="166" goal_j="139"/>
    <agent start_i="202" start_j="96" goal_i="176" goal_j="39"/>
    <agent start_i="121" start_j="242" goal_i="131" goal_j="220"/>
    <agent start_i="47" start_j="164" goal_i="179" goal_j="167"/>
</root>
