<?xml version="1.0" ?>
<root>
    <agent start_i="52" start_j="138" goal_i="182" goal_j="30"/>
    <agent start_i="51" start_j="242" goal_i="218" goal_j="146"/>
    <agent start_i="116" start_j="181" goal_i="95" goal_j="179"/>
    <agent start_i="189" start_j="236" goal_i="160" goal_j="89"/>
    <agent start_i="23" start_j="174" goal_i="69" goal_j="50"/>
    <agent start_i="148" start_j="161" goal_i="78" goal_j="169"/>
    <agent start_i="100" start_j="143" goal_i="222" goal_j="152"/>
    <agent start_i="73" start_j="209" goal_i="173" goal_j="164"/>
    <agent start_i="177" start_j="136" goal_i="24" goal_j="180"/>
    <agent start_i="167" start_j="139" goal_i="31" goal_j="249"/>
</root>
