<?xml version="1.0" ?>
<root>
    <agent start_i="192" start_j="71" goal_i="24" goal_j="147"/>
    <agent start_i="56" start_j="233" goal_i="40" goal_j="241"/>
    <agent start_i="35" start_j="100" goal_i="63" goal_j="60"/>
    <agent start_i="25" start_j="232" goal_i="49" goal_j="89"/>
    <agent start_i="142" start_j="175" goal_i="55" goal_j="235"/>
    <agent start_i="227" start_j="70" goal_i="213" goal_j="95"/>
    <agent start_i="234" start_j="99" goal_i="27" goal_j="151"/>
    <agent start_i="153" start_j="27" goal_i="148" goal_j="27"/>
    <agent start_i="166" start_j="99" goal_i="126" goal_j="227"/>
    <agent start_i="218" start_j="104" goal_i="203" goal_j="219"/>
</root>
