<?xml version="1.0" ?>
<root>
    <agent start_i="106" start_j="138" goal_i="126" goal_j="235"/>
    <agent start_i="93" start_j="228" goal_i="200" goal_j="83"/>
    <agent start_i="179" start_j="88" goal_i="213" goal_j="135"/>
    <agent start_i="77" start_j="180" goal_i="80" goal_j="219"/>
    <agent start_i="136" start_j="56" goal_i="107" goal_j="178"/>
    <agent start_i="177" start_j="162" goal_i="145" goal_j="87"/>
    <agent start_i="30" start_j="250" goal_i="111" goal_j="148"/>
    <agent start_i="111" start_j="140" goal_i="28" goal_j="239"/>
    <agent start_i="203" start_j="200" goal_i="77" goal_j="80"/>
    <agent start_i="84" start_j="239" goal_i="141" goal_j="252"/>
</root>
