<?xml version="1.0" ?>
<root>
    <agent start_i="113" start_j="155" goal_i="171" goal_j="147"/>
    <agent start_i="119" start_j="182" goal_i="135" goal_j="74"/>
    <agent start_i="66" start_j="128" goal_i="222" goal_j="221"/>
    <agent start_i="142" start_j="39" goal_i="210" goal_j="149"/>
    <agent start_i="45" start_j="121" goal_i="12" goal_j="130"/>
    <agent start_i="56" start_j="184" goal_i="170" goal_j="185"/>
    <agent start_i="60" start_j="93" goal_i="172" goal_j="57"/>
    <agent start_i="202" start_j="148" goal_i="17" goal_j="153"/>
    <agent start_i="165" start_j="88" goal_i="33" goal_j="107"/>
    <agent start_i="166" start_j="20" goal_i="52" goal_j="64"/>
</root>
