<?xml version="1.0" ?>
<root>
    <agent start_i="47" start_j="76" goal_i="81" goal_j="219"/>
    <agent start_i="225" start_j="152" goal_i="48" goal_j="87"/>
    <agent start_i="191" start_j="205" goal_i="126" goal_j="169"/>
    <agent start_i="88" start_j="215" goal_i="178" goal_j="190"/>
    <agent start_i="54" start_j="242" goal_i="195" goal_j="17"/>
    <agent start_i="189" start_j="15" goal_i="163" goal_j="93"/>
    <agent start_i="88" start_j="160" goal_i="33" goal_j="194"/>
    <agent start_i="81" start_j="71" goal_i="18" goal_j="176"/>
    <agent start_i="206" start_j="227" goal_i="227" goal_j="79"/>
    <agent start_i="39" start_j="137" goal_i="72" goal_j="227"/>
</root>
