<?xml version="1.0" ?>
<root>
    <agent start_i="33" start_j="99" goal_i="203" goal_j="213"/>
    <agent start_i="194" start_j="234" goal_i="160" goal_j="193"/>
    <agent start_i="109" start_j="121" goal_i="74" goal_j="224"/>
    <agent start_i="139" start_j="47" goal_i="110" goal_j="93"/>
    <agent start_i="175" start_j="27" goal_i="106" goal_j="124"/>
    <agent start_i="178" start_j="19" goal_i="172" goal_j="76"/>
    <agent start_i="53" start_j="246" goal_i="41" goal_j="236"/>
    <agent start_i="42" start_j="103" goal_i="24" goal_j="168"/>
    <agent start_i="186" start_j="204" goal_i="216" goal_j="157"/>
    <agent start_i="148" start_j="15" goal_i="158" goal_j="46"/>
</root>
