<?xml version="1.0" ?>
<root>
    <agent start_i="170" start_j="102" goal_i="107" goal_j="157"/>
    <agent start_i="91" start_j="179" goal_i="42" goal_j="61"/>
    <agent start_i="52" start_j="204" goal_i="126" goal_j="172"/>
    <agent start_i="97" start_j="118" goal_i="103" goal_j="100"/>
    <agent start_i="130" start_j="176" goal_i="44" goal_j="159"/>
    <agent start_i="163" start_j="42" goal_i="43" goal_j="185"/>
    <agent start_i="122" start_j="230" goal_i="32" goal_j="195"/>
    <agent start_i="78" start_j="221" goal_i="52" goal_j="206"/>
    <agent start_i="85" start_j="72" goal_i="161" goal_j="186"/>
    <agent start_i="223" start_j="130" goal_i="19" goal_j="247"/>
</root>
