<?xml version="1.0" ?>
<root>
    <agent start_i="221" start_j="97" goal_i="112" goal_j="230"/>
    <agent start_i="37" start_j="123" goal_i="162" goal_j="121"/>
    <agent start_i="112" start_j="151" goal_i="223" goal_j="92"/>
    <agent start_i="84" start_j="68" goal_i="165" goal_j="76"/>
    <agent start_i="58" start_j="77" goal_i="91" goal_j="229"/>
    <agent start_i="150" start_j="90" goal_i="145" goal_j="98"/>
    <agent start_i="98" start_j="156" goal_i="227" goal_j="84"/>
    <agent start_i="55" start_j="215" goal_i="172" goal_j="20"/>
    <agent start_i="59" start_j="49" goal_i="44" goal_j="103"/>
    <agent start_i="48" start_j="116" goal_i="142" goal_j="49"/>
</root>
