<?xml version="1.0" ?>
<root>
    <agent start_i="43" start_j="252" goal_i="135" goal_j="182"/>
    <agent start_i="155" start_j="156" goal_i="8" goal_j="234"/>
    <agent start_i="51" start_j="246" goal_i="65" goal_j="198"/>
    <agent start_i="76" start_j="61" goal_i="206" goal_j="152"/>
    <agent start_i="12" start_j="245" goal_i="105" goal_j="178"/>
    <agent start_i="96" start_j="176" goal_i="232" goal_j="111"/>
    <agent start_i="213" start_j="108" goal_i="144" goal_j="158"/>
    <agent start_i="89" start_j="217" goal_i="205" goal_j="228"/>
    <agent start_i="136" start_j="184" goal_i="153" goal_j="155"/>
    <agent start_i="106" start_j="107" goal_i="112" goal_j="150"/>
</root>
