<?xml version="1.0" ?>
<root>
    <agent start_i="213" start_j="129" goal_i="145" goal_j="71"/>
    <agent start_i="156" start_j="31" goal_i="118" goal_j="124"/>
    <agent start_i="35" start_j="92" goal_i="43" goal_j="200"/>
    <agent start_i="92" start_j="240" goal_i="25" goal_j="128"/>
    <agent start_i="236" start_j="64" goal_i="178" goal_j="83"/>
    <agent start_i="138" start_j="70" goal_i="218" goal_j="154"/>
    <agent start_i="111" start_j="217" goal_i="103" goal_j="232"/>
    <agent start_i="19" start_j="143" goal_i="83" goal_j="208"/>
    <agent start_i="59" start_j="83" goal_i="184" goal_j="13"/>
    <agent start_i="185" start_j="207" goal_i="139" goal_j="90"/>
</root>
