<?xml version="1.0" ?>
<root>
    <agent start_i="81" start_j="242" goal_i="71" goal_j="47"/>
    <agent start_i="41" start_j="209" goal_i="175" goal_j="149"/>
    <agent start_i="168" start_j="36" goal_i="131" goal_j="228"/>
    <agent start_i="76" start_j="245" goal_i="97" goal_j="100"/>
    <agent start_i="79" start_j="65" goal_i="62" goal_j="230"/>
    <agent start_i="194" start_j="10" goal_i="66" goal_j="198"/>
    <agent start_i="98" start_j="239" goal_i="69" goal_j="185"/>
    <agent start_i="231" start_j="130" goal_i="228" goal_j="154"/>
    <agent start_i="165" start_j="68" goal_i="59" goal_j="122"/>
    <agent start_i="173" start_j="84" goal_i="151" goal_j="185"/>
</root>
