<?xml version="1.0" ?>
<root>
    <agent start_i="162" start_j="128" goal_i="152" goal_j="150"/>
    <agent start_i="228" start_j="144" goal_i="64" goal_j="56"/>
    <agent start_i="60" start_j="200" goal_i="42" goal_j="211"/>
    <agent start_i="199" start_j="94" goal_i="92" goal_j="242"/>
    <agent start_i="103" start_j="157" goal_i="45" goal_j="205"/>
    <agent start_i="33" start_j="179" goal_i="5" goal_j="136"/>
    <agent start_i="66" start_j="58" goal_i="219" goal_j="147"/>
    <agent start_i="152" start_j="95" goal_i="174" goal_j="108"/>
    <agent start_i="60" start_j="185" goal_i="7" goal_j="235"/>
    <agent start_i="131" start_j="182" goal_i="97" goal_j="113"/>
</root>
