<?xml version="1.0" ?>
<root>
    <agent start_i="123" start_j="220" goal_i="157" goal_j="172"/>
    <agent start_i="79" start_j="188" goal_i="131" goal_j="244"/>
    <agent start_i="208" start_j="14" goal_i="42" goal_j="182"/>
    <agent start_i="153" start_j="94" goal_i="46" goal_j="95"/>
    <agent start_i="108" start_j="167" goal_i="175" goal_j="203"/>
    <agent start_i="193" start_j="233" goal_i="83" goal_j="108"/>
    <agent start_i="56" start_j="188" goal_i="193" goal_j="222"/>
    <agent start_i="228" start_j="151" goal_i="56" goal_j="210"/>
    <agent start_i="165" start_j="115" goal_i="42" goal_j="147"/>
    <agent start_i="159" start_j="116" goal_i="43" goal_j="134"/>
</root>
