<?xml version="1.0" ?>
<root>
    <agent start_i="192" start_j="10" goal_i="218" goal_j="222"/>
    <agent start_i="195" start_j="204" goal_i="201" goal_j="219"/>
    <agent start_i="102" start_j="228" goal_i="160" goal_j="111"/>
    <agent start_i="164" start_j="140" goal_i="46" goal_j="135"/>
    <agent start_i="39" start_j="83" goal_i="216" goal_j="67"/>
    <agent start_i="110" start_j="108" goal_i="152" goal_j="166"/>
    <agent start_i="179" start_j="217" goal_i="191" goal_j="86"/>
    <agent start_i="85" start_j="228" goal_i="91" goal_j="152"/>
    <agent start_i="229" start_j="150" goal_i="50" goal_j="66"/>
    <agent start_i="153" start_j="61" goal_i="95" goal_j="93"/>
</root>
