<?xml version="1.0" ?>
<root>
    <agent start_i="144" start_j="67" goal_i="82" goal_j="213"/>
    <agent start_i="44" start_j="186" goal_i="224" goal_j="139"/>
    <agent start_i="79" start_j="212" goal_i="148" goal_j="60"/>
    <agent start_i="121" start_j="221" goal_i="179" goal_j="191"/>
    <agent start_i="75" start_j="226" goal_i="53" goal_j="247"/>
    <agent start_i="179" start_j="152" goal_i="71" goal_j="169"/>
    <agent start_i="99" start_j="241" goal_i="187" goal_j="76"/>
    <agent start_i="101" start_j="104" goal_i="171" goal_j="197"/>
    <agent start_i="89" start_j="95" goal_i="168" goal_j="133"/>
    <agent start_i="145" start_j="89" goal_i="179" goal_j="149"/>
</root>
