<?xml version="1.0" ?>
<root>
    <agent start_i="26" start_j="237" goal_i="147" goal_j="172"/>
    <agent start_i="41" start_j="71" goal_i="40" goal_j="132"/>
    <agent start_i="39" start_j="136" goal_i="154" goal_j="135"/>
    <agent start_i="120" start_j="182" goal_i="162" goal_j="56"/>
    <agent start_i="161" start_j="191" goal_i="76" goal_j="222"/>
    <agent start_i="167" start_j="164" goal_i="210" goal_j="99"/>
    <agent start_i="54" start_j="45" goal_i="176" goal_j="216"/>
    <agent start_i="79" start_j="181" goal_i="83" goal_j="67"/>
    <agent start_i="222" start_j="128" goal_i="81" goal_j="227"/>
    <agent start_i="18" start_j="130" goal_i="145" goal_j="185"/>
</root>
