<?xml version="1.0" ?>
<root>
    <agent start_i="152" start_j="173" goal_i="151" goal_j="97"/>
    <agent start_i="151" start_j="51" goal_i="126" goal_j="219"/>
    <agent start_i="52" start_j="242" goal_i="69" goal_j="205"/>
    <agent start_i="87" start_j="184" goal_i="150" goal_j="41"/>
    <agent start_i="86" start_j="217" goal_i="81" goal_j="82"/>
    <agent start_i="51" start_j="161" goal_i="45" goal_j="63"/>
    <agent start_i="69" start_j="35" goal_i="196" goal_j="13"/>
    <agent start_i="108" start_j="90" goal_i="150" goal_j="134"/>
    <agent start_i="71" start_j="61" goal_i="208" goal_j="203"/>
    <agent start_i="150" start_j="41" goal_i="149" goal_j="179"/>
</root>
