<?xml version="1.0" ?>
<root>
    <agent start_i="16" start_j="235" goal_i="7" goal_j="240"/>
    <agent start_i="146" start_j="48" goal_i="182" goal_j="31"/>
    <agent start_i="163" start_j="25" goal_i="106" goal_j="176"/>
    <agent start_i="155" start_j="115" goal_i="200" goal_j="210"/>
    <agent start_i="88" start_j="180" goal_i="210" goal_j="9"/>
    <agent start_i="216" start_j="139" goal_i="95" goal_j="217"/>
    <agent start_i="160" start_j="178" goal_i="142" goal_j="168"/>
    <agent start_i="109" start_j="232" goal_i="147" goal_j="41"/>
    <agent start_i="159" start_j="188" goal_i="183" goal_j="68"/>
    <agent start_i="130" start_j="249" goal_i="155" goal_j="19"/>
</root>
