<?xml version="1.0" ?>
<root>
    <agent start_i="216" start_j="226" goal_i="40" goal_j="248"/>
    <agent start_i="137" start_j="175" goal_i="188" goal_j="228"/>
    <agent start_i="155" start_j="107" goal_i="188" goal_j="241"/>
    <agent start_i="153" start_j="166" goal_i="219" goal_j="216"/>
    <agent start_i="53" start_j="231" goal_i="60" goal_j="166"/>
    <agent start_i="230" start_j="84" goal_i="199" goal_j="17"/>
    <agent start_i="101" start_j="106" goal_i="216" goal_j="218"/>
    <agent start_i="169" start_j="55" goal_i="154" goal_j="184"/>
    <agent start_i="107" start_j="113" goal_i="177" goal_j="140"/>
    <agent start_i="222" start_j="84" goal_i="196" goal_j="205"/>
</root>
