<?xml version="1.0" ?>
<root>
    <agent start_i="81" start_j="181" goal_i="143" goal_j="40"/>
    <agent start_i="45" start_j="179" goal_i="169" goal_j="63"/>
    <agent start_i="130" start_j="218" goal_i="217" goal_j="91"/>
    <agent start_i="125" start_j="158" goal_i="36" goal_j="212"/>
    <agent start_i="150" start_j="46" goal_i="164" goal_j="175"/>
    <agent start_i="24" start_j="146" goal_i="145" goal_j="159"/>
    <agent start_i="72" start_j="67" goal_i="140" goal_j="40"/>
    <agent start_i="70" start_j="69" goal_i="122" goal_j="182"/>
    <agent start_i="140" start_j="79" goal_i="148" goal_j="26"/>
    <agent start_i="22" start_j="145" goal_i="37" goal_j="236"/>
</root>
