<?xml version="1.0" ?>
<root>
    <agent start_i="80" start_j="192" goal_i="126" goal_j="236"/>
    <agent start_i="225" start_j="154" goal_i="112" goal_j="115"/>
    <agent start_i="225" start_j="62" goal_i="172" goal_j="16"/>
    <agent start_i="166" start_j="98" goal_i="38" goal_j="179"/>
    <agent start_i="38" start_j="240" goal_i="58" goal_j="122"/>
    <agent start_i="82" start_j="167" goal_i="72" goal_j="200"/>
    <agent start_i="74" start_j="75" goal_i="223" goal_j="98"/>
    <agent start_i="202" start_j="140" goal_i="29" goal_j="178"/>
    <agent start_i="226" start_j="136" goal_i="94" goal_j="241"/>
    <agent start_i="65" start_j="64" goal_i="212" goal_j="68"/>
</root>
