<?xml version="1.0" ?>
<root>
    <agent start_i="44" start_j="100" goal_i="123" goal_j="227"/>
    <agent start_i="35" start_j="74" goal_i="161" goal_j="139"/>
    <agent start_i="223" start_j="95" goal_i="165" goal_j="136"/>
    <agent start_i="188" start_j="85" goal_i="169" goal_j="184"/>
    <agent start_i="162" start_j="33" goal_i="231" goal_j="109"/>
    <agent start_i="160" start_j="198" goal_i="57" goal_j="192"/>
    <agent start_i="208" start_j="233" goal_i="68" goal_j="176"/>
    <agent start_i="217" start_j="217" goal_i="43" goal_j="96"/>
    <agent start_i="157" start_j="51" goal_i="153" goal_j="124"/>
    <agent start_i="72" start_j="57" goal_i="156" goal_j="79"/>
</root>
