<?xml version="1.0" ?>
<root>
    <agent start_i="179" start_j="212" goal_i="158" goal_j="133"/>
    <agent start_i="146" start_j="180" goal_i="226" goal_j="97"/>
    <agent start_i="32" start_j="158" goal_i="212" goal_j="210"/>
    <agent start_i="66" start_j="59" goal_i="90" goal_j="74"/>
    <agent start_i="168" start_j="95" goal_i="88" goal_j="95"/>
    <agent start_i="172" start_j="111" goal_i="174" goal_j="171"/>
    <agent start_i="159" start_j="117" goal_i="162" goal_j="121"/>
    <agent start_i="216" start_j="86" goal_i="172" goal_j="168"/>
    <agent start_i="196" start_j="221" goal_i="164" goal_j="118"/>
    <agent start_i="151" start_j="32" goal_i="40" goal_j="195"/>
</root>
