<?xml version="1.0" ?>
<root>
    <agent start_i="152" start_j="163" goal_i="85" goal_j="171"/>
    <agent start_i="132" start_j="179" goal_i="17" goal_j="167"/>
    <agent start_i="161" start_j="168" goal_i="46" goal_j="238"/>
    <agent start_i="43" start_j="247" goal_i="58" goal_j="81"/>
    <agent start_i="98" start_j="243" goal_i="33" goal_j="98"/>
    <agent start_i="220" start_j="68" goal_i="188" goal_j="231"/>
    <agent start_i="224" start_j="95" goal_i="162" goal_j="7"/>
    <agent start_i="204" start_j="142" goal_i="149" goal_j="53"/>
    <agent start_i="73" start_j="202" goal_i="157" goal_j="37"/>
    <agent start_i="65" start_j="63" goal_i="171" goal_j="190"/>
</root>
