<?xml version="1.0" ?>
<root>
    <agent start_i="90" start_j="172" goal_i="174" goal_j="224"/>
    <agent start_i="71" start_j="216" goal_i="82" goal_j="53"/>
    <agent start_i="179" start_j="203" goal_i="177" goal_j="192"/>
    <agent start_i="59" start_j="54" goal_i="71" goal_j="172"/>
    <agent start_i="94" start_j="221" goal_i="85" goal_j="193"/>
    <agent start_i="201" start_j="140" goal_i="183" goal_j="99"/>
    <agent start_i="58" start_j="210" goal_i="207" goal_j="228"/>
    <agent start_i="46" start_j="86" goal_i="45" goal_j="186"/>
    <agent start_i="108" start_j="227" goal_i="204" goal_j="220"/>
    <agent start_i="197" start_j="207" goal_i="151" goal_j="148"/>
</root>
