<?xml version="1.0" ?>
<root>
    <agent start_i="68" start_j="184" goal_i="39" goal_j="107"/>
    <agent start_i="88" start_j="177" goal_i="102" goal_j="77"/>
    <agent start_i="89" start_j="244" goal_i="135" goal_j="79"/>
    <agent start_i="214" start_j="13" goal_i="197" goal_j="235"/>
    <agent start_i="103" start_j="164" goal_i="95" goal_j="117"/>
    <agent start_i="100" start_j="90" goal_i="61" goal_j="211"/>
    <agent start_i="85" start_j="235" goal_i="157" goal_j="190"/>
    <agent start_i="53" start_j="81" goal_i="179" goal_j="164"/>
    <agent start_i="149" start_j="61" goal_i="146" goal_j="49"/>
    <agent start_i="24" start_j="125" goal_i="186" goal_j="36"/>
</root>
