<?xml version="1.0" ?>
<root>
    <agent start_i="96" start_j="126" goal_i="73" goal_j="131"/>
    <agent start_i="42" start_j="137" goal_i="174" goal_j="77"/>
    <agent start_i="201" start_j="139" goal_i="94" goal_j="65"/>
    <agent start_i="146" start_j="55" goal_i="178" goal_j="206"/>
    <agent start_i="22" start_j="245" goal_i="151" goal_j="36"/>
    <agent start_i="161" start_j="70" goal_i="86" goal_j="130"/>
    <agent start_i="86" start_j="215" goal_i="170" goal_j="86"/>
    <agent start_i="102" start_j="97" goal_i="86" goal_j="113"/>
    <agent start_i="180" start_j="32" goal_i="179" goal_j="229"/>
    <agent start_i="168" start_j="12" goal_i="196" goal_j="73"/>
</root>
