<?xml version="1.0" ?>
<root>
    <agent start_i="219" start_j="90" goal_i="55" goal_j="71"/>
    <agent start_i="165" start_j="119" goal_i="40" goal_j="87"/>
    <agent start_i="84" start_j="212" goal_i="164" goal_j="100"/>
    <agent start_i="51" start_j="165" goal_i="90" goal_j="131"/>
    <agent start_i="84" start_j="61" goal_i="67" goal_j="236"/>
    <agent start_i="153" start_j="185" goal_i="50" goal_j="90"/>
    <agent start_i="88" start_j="116" goal_i="102" goal_j="160"/>
    <agent start_i="145" start_j="31" goal_i="68" goal_j="129"/>
    <agent start_i="214" start_j="136" goal_i="95" goal_j="172"/>
    <agent start_i="181" start_j="31" goal_i="112" goal_j="232"/>
</root>
