<?xml version="1.0" ?>
<root>
    <agent start_i="93" start_j="169" goal_i="222" goal_j="133"/>
    <agent start_i="94" start_j="241" goal_i="20" goal_j="236"/>
    <agent start_i="99" start_j="156" goal_i="40" goal_j="169"/>
    <agent start_i="71" start_j="235" goal_i="30" goal_j="124"/>
    <agent start_i="87" start_j="176" goal_i="145" goal_j="91"/>
    <agent start_i="104" start_j="139" goal_i="87" goal_j="124"/>
    <agent start_i="108" start_j="97" goal_i="32" goal_j="187"/>
    <agent start_i="199" start_j="79" goal_i="142" goal_j="94"/>
    <agent start_i="47" start_j="111" goal_i="224" goal_j="71"/>
    <agent start_i="183" start_j="79" goal_i="39" goal_j="77"/>
</root>
