<?xml version="1.0" ?>
<root>
    <agent start_i="64" start_j="44" goal_i="29" goal_j="140"/>
    <agent start_i="37" start_j="81" goal_i="105" goal_j="175"/>
    <agent start_i="71" start_j="42" goal_i="169" goal_j="46"/>
    <agent start_i="58" start_j="233" goal_i="71" goal_j="218"/>
    <agent start_i="55" start_j="78" goal_i="159" goal_j="70"/>
    <agent start_i="157" start_j="116" goal_i="109" goal_j="98"/>
    <agent start_i="72" start_j="228" goal_i="41" goal_j="188"/>
    <agent start_i="156" start_j="146" goal_i="77" goal_j="236"/>
    <agent start_i="136" start_j="72" goal_i="213" goal_j="121"/>
    <agent start_i="213" start_j="134" goal_i="37" goal_j="109"/>
</root>
