<?xml version="1.0" ?>
<root>
    <agent start_i="53" start_j="175" goal_i="227" goal_j="84"/>
    <agent start_i="179" start_j="71" goal_i="207" goal_j="215"/>
    <agent start_i="40" start_j="185" goal_i="96" goal_j="234"/>
    <agent start_i="198" start_j="231" goal_i="137" goal_j="62"/>
    <agent start_i="134" start_j="167" goal_i="173" goal_j="54"/>
    <agent start_i="229" start_j="71" goal_i="164" goal_j="47"/>
    <agent start_i="28" start_j="69" goal_i="231" goal_j="139"/>
    <agent start_i="105" start_j="136" goal_i="226" goal_j="107"/>
    <agent start_i="27" start_j="178" goal_i="211" goal_j="229"/>
    <agent start_i="214" start_j="155" goal_i="95" goal_j="242"/>
</root>
