<?xml version="1.0" ?>
<root>
    <agent start_i="181" start_j="13" goal_i="100" goal_j="134"/>
    <agent start_i="231" start_j="112" goal_i="119" goal_j="166"/>
    <agent start_i="112" start_j="126" goal_i="170" goal_j="65"/>
    <agent start_i="227" start_j="114" goal_i="162" goal_j="160"/>
    <agent start_i="176" start_j="186" goal_i="53" goal_j="126"/>
    <agent start_i="171" start_j="123" goal_i="149" goal_j="25"/>
    <agent start_i="31" start_j="176" goal_i="156" goal_j="13"/>
    <agent start_i="221" start_j="88" goal_i="206" goal_j="144"/>
    <agent start_i="158" start_j="127" goal_i="140" goal_j="76"/>
    <agent start_i="32" start_j="235" goal_i="154" goal_j="102"/>
</root>
