<?xml version="1.0" ?>
<root>
    <agent start_i="191" start_j="78" goal_i="154" goal_j="95"/>
    <agent start_i="225" start_j="132" goal_i="35" goal_j="69"/>
    <agent start_i="139" start_j="160" goal_i="77" goal_j="208"/>
    <agent start_i="44" start_j="173" goal_i="107" goal_j="138"/>
    <agent start_i="216" start_j="79" goal_i="69" goal_j="197"/>
    <agent start_i="219" start_j="79" goal_i="71" goal_j="180"/>
    <agent start_i="43" start_j="250" goal_i="135" goal_j="46"/>
    <agent start_i="105" start_j="218" goal_i="53" goal_j="217"/>
    <agent start_i="162" start_j="14" goal_i="111" goal_j="183"/>
    <agent start_i="92" start_j="64" goal_i="66" goal_j="185"/>
</root>
