<?xml version="1.0" ?>
<root>
    <agent start_i="90" start_j="122" goal_i="160" goal_j="103"/>
    <agent start_i="45" start_j="220" goal_i="183" goal_j="70"/>
    <agent start_i="121" start_j="232" goal_i="102" goal_j="139"/>
    <agent start_i="215" start_j="239" goal_i="114" goal_j="225"/>
    <agent start_i="110" start_j="226" goal_i="35" goal_j="216"/>
    <agent start_i="103" start_j="214" goal_i="155" goal_j="196"/>
    <agent start_i="202" start_j="92" goal_i="179" goal_j="50"/>
    <agent start_i="119" start_j="152" goal_i="158" goal_j="121"/>
    <agent start_i="48" start_j="241" goal_i="95" goal_j="220"/>
    <agent start_i="178" start_j="211" goal_i="99" goal_j="166"/>
</root>
