<?xml version="1.0" ?>
<root>
    <agent start_i="171" start_j="128" goal_i="164" goal_j="76"/>
    <agent start_i="38" start_j="84" goal_i="107" goal_j="228"/>
    <agent start_i="196" start_j="87" goal_i="80" goal_j="110"/>
    <agent start_i="38" start_j="140" goal_i="75" goal_j="66"/>
    <agent start_i="45" start_j="71" goal_i="149" goal_j="29"/>
    <agent start_i="181" start_j="199" goal_i="88" goal_j="58"/>
    <agent start_i="93" start_j="116" goal_i="151" goal_j="67"/>
    <agent start_i="97" start_j="232" goal_i="197" goal_j="70"/>
    <agent start_i="220" start_j="78" goal_i="178" goal_j="140"/>
    <agent start_i="68" start_j="203" goal_i="154" goal_j="120"/>
</root>
