<?xml version="1.0" ?>
<root>
    <agent start_i="209" start_j="9" goal_i="106" goal_j="101"/>
    <agent start_i="94" start_j="60" goal_i="127" goal_j="236"/>
    <agent start_i="207" start_j="223" goal_i="210" goal_j="87"/>
    <agent start_i="50" start_j="248" goal_i="153" goal_j="81"/>
    <agent start_i="42" start_j="70" goal_i="78" goal_j="222"/>
    <agent start_i="152" start_j="89" goal_i="128" goal_j="238"/>
    <agent start_i="37" start_j="177" goal_i="98" goal_j="214"/>
    <agent start_i="19" start_j="131" goal_i="84" goal_j="43"/>
    <agent start_i="214" start_j="77" goal_i="186" goal_j="210"/>
    <agent start_i="169" start_j="70" goal_i="29" goal_j="129"/>
</root>
