<?xml version="1.0" ?>
<root>
    <agent start_i="39" start_j="92" goal_i="163" goal_j="112"/>
    <agent start_i="66" start_j="68" goal_i="39" goal_j="56"/>
    <agent start_i="59" start_j="247" goal_i="52" goal_j="100"/>
    <agent start_i="93" start_j="129" goal_i="218" goal_j="95"/>
    <agent start_i="166" start_j="103" goal_i="178" goal_j="84"/>
    <agent start_i="95" start_j="110" goal_i="27" goal_j="144"/>
    <agent start_i="81" start_j="115" goal_i="66" goal_j="195"/>
    <agent start_i="107" start_j="163" goal_i="165" goal_j="167"/>
    <agent start_i="40" start_j="143" goal_i="51" goal_j="68"/>
    <agent start_i="101" start_j="243" goal_i="214" goal_j="155"/>
</root>
