<?xml version="1.0" ?>
<root>
    <agent start_i="51" start_j="161" goal_i="45" goal_j="63"/>
    <agent start_i="147" start_j="88" goal_i="66" goal_j="127"/>
    <agent start_i="172" start_j="131" goal_i="38" goal_j="216"/>
    <agent start_i="225" start_j="152" goal_i="48" goal_j="87"/>
    <agent start_i="107" start_j="240" goal_i="46" goal_j="250"/>
    <agent start_i="91" start_j="235" goal_i="209" goal_j="151"/>
    <agent start_i="57" start_j="50" goal_i="43" goal_j="59"/>
    <agent start_i="58" start_j="173" goal_i="45" goal_j="179"/>
    <agent start_i="218" start_j="128" goal_i="217" goal_j="155"/>
    <agent start_i="74" start_j="59" goal_i="155" goal_j="92"/>
</root>
