<?xml version="1.0" ?>
<root>
    <agent start_i="231" start_j="107" goal_i="137" goal_j="64"/>
    <agent start_i="63" start_j="55" goal_i="95" goal_j="114"/>
    <agent start_i="190" start_j="234" goal_i="74" goal_j="211"/>
    <agent start_i="95" start_j="58" goal_i="49" goal_j="89"/>
    <agent start_i="149" start_j="183" goal_i="36" goal_j="96"/>
    <agent start_i="168" start_j="59" goal_i="180" goal_j="153"/>
    <agent start_i="27" start_j="163" goal_i="41" goal_j="232"/>
    <agent start_i="181" start_j="165" goal_i="161" goal_j="142"/>
    <agent start_i="156" start_j="79" goal_i="163" goal_j="182"/>
    <agent start_i="174" start_j="223" goal_i="167" goal_j="195"/>
</root>
