<?xml version="1.0" ?>
<root>
    <agent start_i="191" start_j="200" goal_i="38" goal_j="91"/>
    <agent start_i="172" start_j="120" goal_i="71" goal_j="208"/>
    <agent start_i="82" start_j="88" goal_i="193" goal_j="222"/>
    <agent start_i="87" start_j="165" goal_i="21" goal_j="153"/>
    <agent start_i="99" start_j="87" goal_i="231" goal_j="63"/>
    <agent start_i="223" start_j="138" goal_i="57" goal_j="173"/>
    <agent start_i="221" start_j="148" goal_i="190" goal_j="216"/>
    <agent start_i="166" start_j="142" goal_i="48" goal_j="67"/>
    <agent start_i="177" start_j="95" goal_i="80" goal_j="225"/>
    <agent start_i="155" start_j="164" goal_i="76" goal_j="86"/>
</root>
