<?xml version="1.0" ?>
<root>
    <agent start_i="113" start_j="144" goal_i="173" goal_j="31"/>
    <agent start_i="56" start_j="196" goal_i="69" goal_j="167"/>
    <agent start_i="203" start_j="72" goal_i="18" goal_j="180"/>
    <agent start_i="72" start_j="48" goal_i="171" goal_j="26"/>
    <agent start_i="42" start_j="152" goal_i="127" goal_j="159"/>
    <agent start_i="188" start_j="67" goal_i="56" goal_j="213"/>
    <agent start_i="42" start_j="160" goal_i="60" goal_j="88"/>
    <agent start_i="60" start_j="186" goal_i="160" goal_j="169"/>
    <agent start_i="186" start_j="236" goal_i="102" goal_j="169"/>
    <agent start_i="104" start_j="146" goal_i="95" goal_j="87"/>
</root>
