<?xml version="1.0" ?>
<root>
    <agent start_i="143" start_j="26" goal_i="17" goal_j="179"/>
    <agent start_i="166" start_j="51" goal_i="26" goal_j="151"/>
    <agent start_i="167" start_j="123" goal_i="220" goal_j="125"/>
    <agent start_i="32" start_j="164" goal_i="66" goal_j="181"/>
    <agent start_i="130" start_j="224" goal_i="43" goal_j="180"/>
    <agent start_i="211" start_j="240" goal_i="101" goal_j="103"/>
    <agent start_i="42" start_j="141" goal_i="229" goal_j="99"/>
    <agent start_i="66" start_j="65" goal_i="153" goal_j="55"/>
    <agent start_i="111" start_j="238" goal_i="160" goal_j="31"/>
    <agent start_i="205" start_j="236" goal_i="70" goal_j="215"/>
</root>
