<?xml version="1.0" ?>
<root>
    <agent start_i="124" start_j="218" goal_i="25" goal_j="138"/>
    <agent start_i="181" start_j="81" goal_i="149" goal_j="86"/>
    <agent start_i="96" start_j="75" goal_i="169" goal_j="33"/>
    <agent start_i="164" start_j="153" goal_i="83" goal_j="125"/>
    <agent start_i="172" start_j="46" goal_i="176" goal_j="83"/>
    <agent start_i="213" start_j="137" goal_i="52" goal_j="95"/>
    <agent start_i="148" start_j="148" goal_i="23" goal_j="235"/>
    <agent start_i="26" start_j="168" goal_i="37" goal_j="102"/>
    <agent start_i="47" start_j="158" goal_i="153" goal_j="167"/>
    <agent start_i="217" start_j="74" goal_i="2" goal_j="241"/>
</root>
