<?xml version="1.0" ?>
<root>
    <agent start_i="106" start_j="135" goal_i="166" goal_j="196"/>
    <agent start_i="50" start_j="100" goal_i="174" goal_j="118"/>
    <agent start_i="91" start_j="77" goal_i="148" goal_j="68"/>
    <agent start_i="219" start_j="84" goal_i="149" goal_j="102"/>
    <agent start_i="217" start_j="109" goal_i="52" goal_j="188"/>
    <agent start_i="202" start_j="209" goal_i="107" goal_j="136"/>
    <agent start_i="106" start_j="239" goal_i="88" goal_j="228"/>
    <agent start_i="174" start_j="181" goal_i="43" goal_j="60"/>
    <agent start_i="213" start_j="147" goal_i="40" goal_j="196"/>
    <agent start_i="201" start_j="225" goal_i="179" goal_j="208"/>
</root>
