<?xml version="1.0" ?>
<root>
    <agent start_i="68" start_j="207" goal_i="159" goal_j="110"/>
    <agent start_i="102" start_j="106" goal_i="162" goal_j="44"/>
    <agent start_i="89" start_j="50" goal_i="174" goal_j="80"/>
    <agent start_i="161" start_j="58" goal_i="180" goal_j="193"/>
    <agent start_i="177" start_j="219" goal_i="48" goal_j="128"/>
    <agent start_i="163" start_j="129" goal_i="17" goal_j="250"/>
    <agent start_i="208" start_j="224" goal_i="111" goal_j="119"/>
    <agent start_i="164" start_j="168" goal_i="101" goal_j="108"/>
    <agent start_i="151" start_j="170" goal_i="157" goal_j="151"/>
    <agent start_i="25" start_j="129" goal_i="30" goal_j="164"/>
</root>
