<?xml version="1.0" ?>
<root>
    <agent start_i="101" start_j="140" goal_i="92" goal_j="77"/>
    <agent start_i="176" start_j="11" goal_i="206" goal_j="200"/>
    <agent start_i="21" start_j="148" goal_i="172" goal_j="63"/>
    <agent start_i="80" start_j="164" goal_i="96" goal_j="147"/>
    <agent start_i="118" start_j="152" goal_i="102" goal_j="170"/>
    <agent start_i="102" start_j="223" goal_i="202" goal_j="70"/>
    <agent start_i="82" start_j="114" goal_i="183" goal_j="57"/>
    <agent start_i="28" start_j="152" goal_i="169" goal_j="159"/>
    <agent start_i="84" start_j="159" goal_i="78" goal_j="237"/>
    <agent start_i="180" start_j="67" goal_i="186" goal_j="228"/>
</root>
