<?xml version="1.0" ?>
<root>
    <agent start_i="224" start_j="75" goal_i="182" goal_j="221"/>
    <agent start_i="83" start_j="237" goal_i="200" goal_j="194"/>
    <agent start_i="170" start_j="195" goal_i="183" goal_j="200"/>
    <agent start_i="204" start_j="138" goal_i="174" goal_j="51"/>
    <agent start_i="175" start_j="161" goal_i="180" goal_j="98"/>
    <agent start_i="92" start_j="117" goal_i="220" goal_j="78"/>
    <agent start_i="40" start_j="172" goal_i="145" goal_j="60"/>
    <agent start_i="113" start_j="108" goal_i="20" goal_j="252"/>
    <agent start_i="216" start_j="224" goal_i="53" goal_j="81"/>
    <agent start_i="68" start_j="202" goal_i="213" goal_j="104"/>
</root>
