<?xml version="1.0" ?>
<root>
    <agent start_i="176" start_j="156" goal_i="163" goal_j="40"/>
    <agent start_i="187" start_j="225" goal_i="67" goal_j="200"/>
    <agent start_i="107" start_j="149" goal_i="90" goal_j="65"/>
    <agent start_i="185" start_j="226" goal_i="147" goal_j="36"/>
    <agent start_i="69" start_j="184" goal_i="73" goal_j="67"/>
    <agent start_i="211" start_j="80" goal_i="77" goal_j="87"/>
    <agent start_i="199" start_j="241" goal_i="189" goal_j="8"/>
    <agent start_i="49" start_j="243" goal_i="116" goal_j="112"/>
    <agent start_i="45" start_j="215" goal_i="80" goal_j="183"/>
    <agent start_i="92" start_j="96" goal_i="160" goal_j="14"/>
</root>
