<?xml version="1.0" ?>
<root>
    <agent start_i="182" start_j="66" goal_i="119" goal_j="236"/>
    <agent start_i="105" start_j="244" goal_i="97" goal_j="150"/>
    <agent start_i="148" start_j="80" goal_i="153" goal_j="98"/>
    <agent start_i="184" start_j="99" goal_i="102" goal_j="98"/>
    <agent start_i="31" start_j="171" goal_i="80" goal_j="207"/>
    <agent start_i="225" start_j="64" goal_i="75" goal_j="178"/>
    <agent start_i="179" start_j="37" goal_i="40" goal_j="187"/>
    <agent start_i="57" start_j="224" goal_i="105" goal_j="243"/>
    <agent start_i="84" start_j="208" goal_i="85" goal_j="58"/>
    <agent start_i="24" start_j="163" goal_i="163" goal_j="56"/>
</root>
