<?xml version="1.0" ?>
<root>
    <agent start_i="79" start_j="45" goal_i="49" goal_j="147"/>
    <agent start_i="220" start_j="145" goal_i="43" goal_j="207"/>
    <agent start_i="48" start_j="156" goal_i="179" goal_j="39"/>
    <agent start_i="203" start_j="85" goal_i="162" goal_j="52"/>
    <agent start_i="217" start_j="99" goal_i="172" goal_j="110"/>
    <agent start_i="109" start_j="232" goal_i="147" goal_j="41"/>
    <agent start_i="175" start_j="171" goal_i="223" goal_j="119"/>
    <agent start_i="60" start_j="203" goal_i="98" goal_j="102"/>
    <agent start_i="122" start_j="160" goal_i="178" goal_j="56"/>
    <agent start_i="152" start_j="174" goal_i="159" goal_j="51"/>
</root>
