<?xml version="1.0" ?>
<root>
    <agent start_i="99" start_j="104" goal_i="70" goal_j="131"/>
    <agent start_i="130" start_j="167" goal_i="158" goal_j="176"/>
    <agent start_i="111" start_j="170" goal_i="89" goal_j="167"/>
    <agent start_i="54" start_j="230" goal_i="182" goal_j="33"/>
    <agent start_i="205" start_j="204" goal_i="137" goal_j="44"/>
    <agent start_i="202" start_j="210" goal_i="195" goal_j="247"/>
    <agent start_i="208" start_j="87" goal_i="42" goal_j="195"/>
    <agent start_i="20" start_j="155" goal_i="173" goal_j="143"/>
    <agent start_i="165" start_j="159" goal_i="114" goal_j="223"/>
    <agent start_i="175" start_j="26" goal_i="48" goal_j="157"/>
</root>
