<?xml version="1.0" ?>
<root>
    <agent start_i="180" start_j="12" goal_i="101" goal_j="239"/>
    <agent start_i="94" start_j="94" goal_i="217" goal_j="117"/>
    <agent start_i="222" start_j="131" goal_i="99" goal_j="103"/>
    <agent start_i="139" start_j="96" goal_i="210" goal_j="141"/>
    <agent start_i="160" start_j="157" goal_i="95" goal_j="156"/>
    <agent start_i="146" start_j="172" goal_i="183" goal_j="177"/>
    <agent start_i="99" start_j="100" goal_i="52" goal_j="92"/>
    <agent start_i="82" start_j="113" goal_i="214" goal_j="130"/>
    <agent start_i="94" start_j="61" goal_i="231" goal_j="74"/>
    <agent start_i="206" start_j="94" goal_i="205" goal_j="13"/>
</root>
