<?xml version="1.0" ?>
<root>
    <agent start_i="202" start_j="88" goal_i="33" goal_j="168"/>
    <agent start_i="141" start_j="83" goal_i="50" goal_j="150"/>
    <agent start_i="167" start_j="109" goal_i="146" goal_j="173"/>
    <agent start_i="82" start_j="124" goal_i="225" goal_j="75"/>
    <agent start_i="149" start_j="13" goal_i="31" goal_j="76"/>
    <agent start_i="41" start_j="192" goal_i="95" goal_j="142"/>
    <agent start_i="86" start_j="239" goal_i="87" goal_j="64"/>
    <agent start_i="144" start_j="64" goal_i="20" goal_j="146"/>
    <agent start_i="90" start_j="59" goal_i="91" goal_j="68"/>
    <agent start_i="102" start_j="179" goal_i="162" goal_j="172"/>
</root>
