<?xml version="1.0" ?>
<root>
    <agent start_i="183" start_j="21" goal_i="172" goal_j="202"/>
    <agent start_i="159" start_j="143" goal_i="178" goal_j="162"/>
    <agent start_i="182" start_j="62" goal_i="38" goal_j="250"/>
    <agent start_i="79" start_j="106" goal_i="164" goal_j="157"/>
    <agent start_i="82" start_j="114" goal_i="183" goal_j="57"/>
    <agent start_i="140" start_j="155" goal_i="59" goal_j="226"/>
    <agent start_i="151" start_j="12" goal_i="170" goal_j="54"/>
    <agent start_i="218" start_j="106" goal_i="125" goal_j="252"/>
    <agent start_i="22" start_j="126" goal_i="58" goal_j="241"/>
    <agent start_i="206" start_j="14" goal_i="72" goal_j="184"/>
</root>
