<?xml version="1.0" ?>
<root>
    <agent start_i="74" start_j="226" goal_i="176" goal_j="56"/>
    <agent start_i="187" start_j="219" goal_i="44" goal_j="84"/>
    <agent start_i="96" start_j="168" goal_i="107" goal_j="114"/>
    <agent start_i="73" start_j="42" goal_i="123" goal_j="183"/>
    <agent start_i="132" start_j="251" goal_i="45" goal_j="105"/>
    <agent start_i="28" start_j="155" goal_i="213" goal_j="18"/>
    <agent start_i="177" start_j="42" goal_i="202" goal_j="73"/>
    <agent start_i="141" start_j="147" goal_i="174" goal_j="50"/>
    <agent start_i="170" start_j="147" goal_i="160" goal_j="110"/>
    <agent start_i="28" start_j="146" goal_i="60" goal_j="196"/>
</root>
