<?xml version="1.0" ?>
<root>
    <agent start_i="53" start_j="63" goal_i="160" goal_j="21"/>
    <agent start_i="158" start_j="162" goal_i="95" goal_j="141"/>
    <agent start_i="89" start_j="189" goal_i="54" goal_j="170"/>
    <agent start_i="197" start_j="228" goal_i="108" goal_j="91"/>
    <agent start_i="113" start_j="147" goal_i="207" goal_j="142"/>
    <agent start_i="159" start_j="90" goal_i="150" goal_j="86"/>
    <agent start_i="84" start_j="175" goal_i="149" goal_j="176"/>
    <agent start_i="100" start_j="167" goal_i="77" goal_j="202"/>
    <agent start_i="40" start_j="114" goal_i="215" goal_j="113"/>
    <agent start_i="44" start_j="189" goal_i="130" goal_j="173"/>
</root>
