<?xml version="1.0" ?>
<root>
    <agent start_i="92" start_j="180" goal_i="182" goal_j="73"/>
    <agent start_i="186" start_j="212" goal_i="92" goal_j="129"/>
    <agent start_i="18" start_j="248" goal_i="127" goal_j="164"/>
    <agent start_i="89" start_j="239" goal_i="70" goal_j="45"/>
    <agent start_i="159" start_j="48" goal_i="177" goal_j="224"/>
    <agent start_i="139" start_j="12" goal_i="127" goal_j="160"/>
    <agent start_i="92" start_j="162" goal_i="212" goal_j="100"/>
    <agent start_i="80" start_j="215" goal_i="145" goal_j="105"/>
    <agent start_i="150" start_j="31" goal_i="143" goal_j="75"/>
    <agent start_i="96" start_j="244" goal_i="176" goal_j="197"/>
</root>
