<?xml version="1.0" ?>
<root>
    <agent start_i="218" start_j="98" goal_i="32" goal_j="164"/>
    <agent start_i="41" start_j="142" goal_i="163" goal_j="106"/>
    <agent start_i="134" start_j="179" goal_i="172" goal_j="79"/>
    <agent start_i="153" start_j="188" goal_i="155" goal_j="17"/>
    <agent start_i="124" start_j="236" goal_i="216" goal_j="220"/>
    <agent start_i="171" start_j="168" goal_i="219" goal_j="73"/>
    <agent start_i="205" start_j="208" goal_i="146" goal_j="21"/>
    <agent start_i="140" start_j="93" goal_i="108" goal_j="160"/>
    <agent start_i="93" start_j="86" goal_i="160" goal_j="76"/>
    <agent start_i="115" start_j="219" goal_i="44" goal_j="80"/>
</root>
