<?xml version="1.0" ?>
<root>
    <agent start_i="92" start_j="160" goal_i="94" goal_j="151"/>
    <agent start_i="56" start_j="182" goal_i="175" goal_j="83"/>
    <agent start_i="105" start_j="179" goal_i="78" goal_j="37"/>
    <agent start_i="221" start_j="101" goal_i="158" goal_j="171"/>
    <agent start_i="223" start_j="131" goal_i="63" goal_j="232"/>
    <agent start_i="223" start_j="219" goal_i="213" goal_j="20"/>
    <agent start_i="181" start_j="204" goal_i="81" goal_j="240"/>
    <agent start_i="82" start_j="112" goal_i="45" goal_j="220"/>
    <agent start_i="140" start_j="16" goal_i="109" goal_j="223"/>
    <agent start_i="174" start_j="80" goal_i="48" goal_j="113"/>
</root>
