<?xml version="1.0" ?>
<root>
    <agent start_i="164" start_j="13" goal_i="27" goal_j="126"/>
    <agent start_i="75" start_j="173" goal_i="16" goal_j="249"/>
    <agent start_i="68" start_j="51" goal_i="170" goal_j="69"/>
    <agent start_i="46" start_j="157" goal_i="134" goal_j="251"/>
    <agent start_i="48" start_j="74" goal_i="108" goal_j="121"/>
    <agent start_i="15" start_j="136" goal_i="156" goal_j="177"/>
    <agent start_i="85" start_j="189" goal_i="167" goal_j="60"/>
    <agent start_i="48" start_j="160" goal_i="143" goal_j="90"/>
    <agent start_i="227" start_j="82" goal_i="162" goal_j="68"/>
    <agent start_i="158" start_j="9" goal_i="82" goal_j="76"/>
</root>
