<?xml version="1.0" ?>
<root>
    <agent start_i="159" start_j="161" goal_i="95" goal_j="241"/>
    <agent start_i="157" start_j="199" goal_i="184" goal_j="13"/>
    <agent start_i="26" start_j="248" goal_i="81" goal_j="191"/>
    <agent start_i="103" start_j="140" goal_i="17" goal_j="180"/>
    <agent start_i="141" start_j="157" goal_i="153" goal_j="118"/>
    <agent start_i="170" start_j="48" goal_i="144" goal_j="186"/>
    <agent start_i="49" start_j="159" goal_i="107" goal_j="104"/>
    <agent start_i="128" start_j="160" goal_i="175" goal_j="135"/>
    <agent start_i="162" start_j="38" goal_i="166" goal_j="191"/>
    <agent start_i="37" start_j="189" goal_i="144" goal_j="73"/>
</root>
