<?xml version="1.0" ?>
<root>
    <agent start_i="166" start_j="159" goal_i="143" goal_j="251"/>
    <agent start_i="137" start_j="6" goal_i="74" goal_j="22"/>
    <agent start_i="25" start_j="246" goal_i="179" goal_j="29"/>
    <agent start_i="12" start_j="239" goal_i="223" goal_j="220"/>
    <agent start_i="48" start_j="68" goal_i="20" goal_j="149"/>
    <agent start_i="226" start_j="121" goal_i="116" goal_j="158"/>
    <agent start_i="49" start_j="152" goal_i="159" goal_j="134"/>
    <agent start_i="101" start_j="86" goal_i="85" goal_j="112"/>
    <agent start_i="207" start_j="220" goal_i="158" goal_j="144"/>
    <agent start_i="125" start_j="185" goal_i="48" goal_j="53"/>
</root>
