<?xml version="1.0" ?>
<root>
    <agent start_i="212" start_j="222" goal_i="171" goal_j="192"/>
    <agent start_i="156" start_j="34" goal_i="34" goal_j="78"/>
    <agent start_i="152" start_j="184" goal_i="176" goal_j="87"/>
    <agent start_i="36" start_j="194" goal_i="169" goal_j="29"/>
    <agent start_i="144" start_j="153" goal_i="79" goal_j="190"/>
    <agent start_i="114" start_j="226" goal_i="104" goal_j="128"/>
    <agent start_i="56" start_j="78" goal_i="88" goal_j="112"/>
    <agent start_i="206" start_j="211" goal_i="168" goal_j="100"/>
    <agent start_i="31" start_j="124" goal_i="157" goal_j="152"/>
    <agent start_i="138" start_j="71" goal_i="73" goal_j="66"/>
</root>
