<?xml version="1.0" ?>
<root>
    <agent start_i="142" start_j="42" goal_i="229" goal_j="137"/>
    <agent start_i="181" start_j="207" goal_i="223" goal_j="145"/>
    <agent start_i="43" start_j="110" goal_i="180" goal_j="18"/>
    <agent start_i="154" start_j="139" goal_i="37" goal_j="125"/>
    <agent start_i="82" start_j="181" goal_i="79" goal_j="79"/>
    <agent start_i="48" start_j="69" goal_i="53" goal_j="64"/>
    <agent start_i="150" start_j="50" goal_i="170" goal_j="180"/>
    <agent start_i="58" start_j="187" goal_i="61" goal_j="55"/>
    <agent start_i="81" start_j="79" goal_i="146" goal_j="88"/>
    <agent start_i="55" start_j="186" goal_i="151" goal_j="24"/>
</root>
