<?xml version="1.0" ?>
<root>
    <agent start_i="76" start_j="41" goal_i="141" goal_j="156"/>
    <agent start_i="50" start_j="147" goal_i="71" goal_j="161"/>
    <agent start_i="67" start_j="233" goal_i="19" goal_j="178"/>
    <agent start_i="95" start_j="148" goal_i="217" goal_j="140"/>
    <agent start_i="51" start_j="79" goal_i="112" goal_j="221"/>
    <agent start_i="157" start_j="75" goal_i="221" goal_j="141"/>
    <agent start_i="43" start_j="131" goal_i="152" goal_j="155"/>
    <agent start_i="36" start_j="207" goal_i="82" goal_j="67"/>
    <agent start_i="129" start_j="226" goal_i="98" goal_j="108"/>
    <agent start_i="176" start_j="194" goal_i="229" goal_j="95"/>
</root>
