<?xml version="1.0" ?>
<root>
    <agent start_i="72" start_j="14" goal_i="192" goal_j="237"/>
    <agent start_i="166" start_j="60" goal_i="101" goal_j="166"/>
    <agent start_i="39" start_j="169" goal_i="64" goal_j="208"/>
    <agent start_i="67" start_j="54" goal_i="91" goal_j="82"/>
    <agent start_i="178" start_j="169" goal_i="184" goal_j="201"/>
    <agent start_i="108" start_j="89" goal_i="71" goal_j="63"/>
    <agent start_i="81" start_j="105" goal_i="93" goal_j="235"/>
    <agent start_i="6" start_j="237" goal_i="22" goal_j="153"/>
    <agent start_i="216" start_j="136" goal_i="151" goal_j="53"/>
    <agent start_i="235" start_j="65" goal_i="169" goal_j="68"/>
</root>
