<?xml version="1.0" ?>
<root>
    <agent start_i="120" start_j="226" goal_i="41" goal_j="52"/>
    <agent start_i="35" start_j="127" goal_i="84" goal_j="108"/>
    <agent start_i="106" start_j="221" goal_i="44" goal_j="193"/>
    <agent start_i="103" start_j="234" goal_i="206" goal_j="69"/>
    <agent start_i="142" start_j="49" goal_i="26" goal_j="126"/>
    <agent start_i="59" start_j="202" goal_i="161" goal_j="54"/>
    <agent start_i="88" start_j="225" goal_i="64" goal_j="223"/>
    <agent start_i="213" start_j="219" goal_i="169" goal_j="122"/>
    <agent start_i="219" start_j="96" goal_i="92" goal_j="141"/>
    <agent start_i="31" start_j="180" goal_i="53" goal_j="105"/>
</root>
