<?xml version="1.0" ?>
<root>
    <agent start_i="34" start_j="80" goal_i="168" goal_j="44"/>
    <agent start_i="42" start_j="251" goal_i="106" goal_j="87"/>
    <agent start_i="58" start_j="183" goal_i="72" goal_j="26"/>
    <agent start_i="183" start_j="86" goal_i="181" goal_j="229"/>
    <agent start_i="155" start_j="181" goal_i="82" goal_j="159"/>
    <agent start_i="152" start_j="23" goal_i="226" goal_j="70"/>
    <agent start_i="156" start_j="173" goal_i="183" goal_j="220"/>
    <agent start_i="229" start_j="132" goal_i="228" goal_j="66"/>
    <agent start_i="57" start_j="130" goal_i="220" goal_j="157"/>
    <agent start_i="130" start_j="171" goal_i="239" goal_j="65"/>
</root>
