<?xml version="1.0" ?>
<root>
    <agent start_i="35" start_j="160" goal_i="147" goal_j="18"/>
    <agent start_i="172" start_j="187" goal_i="163" goal_j="40"/>
    <agent start_i="153" start_j="53" goal_i="61" goal_j="218"/>
    <agent start_i="84" start_j="161" goal_i="174" goal_j="109"/>
    <agent start_i="169" start_j="89" goal_i="119" goal_j="180"/>
    <agent start_i="80" start_j="223" goal_i="118" goal_j="156"/>
    <agent start_i="194" start_j="244" goal_i="21" goal_j="236"/>
    <agent start_i="229" start_j="63" goal_i="113" goal_j="178"/>
    <agent start_i="60" start_j="188" goal_i="154" goal_j="134"/>
    <agent start_i="51" start_j="112" goal_i="180" goal_j="199"/>
</root>
