<?xml version="1.0" ?>
<root>
    <agent start_i="128" start_j="181" goal_i="36" goal_j="165"/>
    <agent start_i="106" start_j="159" goal_i="119" goal_j="214"/>
    <agent start_i="147" start_j="72" goal_i="40" goal_j="193"/>
    <agent start_i="87" start_j="201" goal_i="156" goal_j="107"/>
    <agent start_i="197" start_j="15" goal_i="83" goal_j="236"/>
    <agent start_i="121" start_j="181" goal_i="61" goal_j="214"/>
    <agent start_i="49" start_j="154" goal_i="145" goal_j="49"/>
    <agent start_i="147" start_j="255" goal_i="43" goal_j="151"/>
    <agent start_i="204" start_j="87" goal_i="38" goal_j="83"/>
    <agent start_i="203" start_j="8" goal_i="165" goal_j="15"/>
</root>
