<?xml version="1.0" ?>
<root>
    <agent start_i="40" start_j="239" goal_i="36" goal_j="129"/>
    <agent start_i="194" start_j="17" goal_i="57" goal_j="61"/>
    <agent start_i="140" start_j="63" goal_i="98" goal_j="134"/>
    <agent start_i="84" start_j="105" goal_i="147" goal_j="35"/>
    <agent start_i="220" start_j="105" goal_i="67" goal_j="203"/>
    <agent start_i="154" start_j="141" goal_i="96" goal_j="95"/>
    <agent start_i="44" start_j="135" goal_i="37" goal_j="246"/>
    <agent start_i="36" start_j="66" goal_i="43" goal_j="251"/>
    <agent start_i="165" start_j="167" goal_i="53" goal_j="110"/>
    <agent start_i="182" start_j="216" goal_i="210" goal_j="72"/>
</root>
