<?xml version="1.0" ?>
<root>
    <agent start_i="41" start_j="85" goal_i="35" goal_j="192"/>
    <agent start_i="156" start_j="194" goal_i="90" goal_j="138"/>
    <agent start_i="96" start_j="221" goal_i="146" goal_j="84"/>
    <agent start_i="10" start_j="128" goal_i="22" goal_j="145"/>
    <agent start_i="221" start_j="89" goal_i="72" goal_j="59"/>
    <agent start_i="147" start_j="29" goal_i="41" goal_j="107"/>
    <agent start_i="90" start_j="54" goal_i="122" goal_j="233"/>
    <agent start_i="83" start_j="229" goal_i="124" goal_j="242"/>
    <agent start_i="211" start_j="214" goal_i="217" goal_j="215"/>
    <agent start_i="90" start_j="130" goal_i="189" goal_j="74"/>
</root>
