<?xml version="1.0" ?>
<root>
    <agent start_i="190" start_j="222" goal_i="33" goal_j="242"/>
    <agent start_i="48" start_j="181" goal_i="46" goal_j="63"/>
    <agent start_i="163" start_j="11" goal_i="197" goal_j="73"/>
    <agent start_i="61" start_j="96" goal_i="157" goal_j="40"/>
    <agent start_i="215" start_j="213" goal_i="163" goal_j="100"/>
    <agent start_i="89" start_j="213" goal_i="143" goal_j="98"/>
    <agent start_i="93" start_j="239" goal_i="174" goal_j="39"/>
    <agent start_i="160" start_j="19" goal_i="170" goal_j="114"/>
    <agent start_i="109" start_j="118" goal_i="221" goal_j="128"/>
    <agent start_i="217" start_j="83" goal_i="131" goal_j="250"/>
</root>
