<?xml version="1.0" ?>
<root>
    <agent start_i="89" start_j="242" goal_i="156" goal_j="167"/>
    <agent start_i="76" start_j="198" goal_i="115" goal_j="123"/>
    <agent start_i="145" start_j="21" goal_i="39" goal_j="206"/>
    <agent start_i="165" start_j="20" goal_i="10" goal_j="249"/>
    <agent start_i="221" start_j="101" goal_i="158" goal_j="171"/>
    <agent start_i="147" start_j="25" goal_i="49" goal_j="127"/>
    <agent start_i="179" start_j="64" goal_i="209" goal_j="234"/>
    <agent start_i="168" start_j="57" goal_i="143" goal_j="57"/>
    <agent start_i="49" start_j="97" goal_i="207" goal_j="81"/>
    <agent start_i="197" start_j="71" goal_i="98" goal_j="68"/>
</root>
