<?xml version="1.0" ?>
<root>
    <agent start_i="222" start_j="119" goal_i="118" goal_j="182"/>
    <agent start_i="102" start_j="140" goal_i="106" goal_j="111"/>
    <agent start_i="101" start_j="130" goal_i="82" goal_j="78"/>
    <agent start_i="127" start_j="225" goal_i="88" goal_j="221"/>
    <agent start_i="59" start_j="176" goal_i="190" goal_j="230"/>
    <agent start_i="96" start_j="215" goal_i="96" goal_j="179"/>
    <agent start_i="175" start_j="28" goal_i="131" goal_j="236"/>
    <agent start_i="82" start_j="159" goal_i="152" goal_j="150"/>
    <agent start_i="170" start_j="169" goal_i="206" goal_j="80"/>
    <agent start_i="215" start_j="209" goal_i="52" goal_j="122"/>
</root>
