<?xml version="1.0" ?>
<root>
    <agent start_i="184" start_j="27" goal_i="207" goal_j="150"/>
    <agent start_i="16" start_j="126" goal_i="81" goal_j="71"/>
    <agent start_i="74" start_j="184" goal_i="65" goal_j="169"/>
    <agent start_i="207" start_j="206" goal_i="35" goal_j="97"/>
    <agent start_i="17" start_j="125" goal_i="197" goal_j="78"/>
    <agent start_i="188" start_j="228" goal_i="163" goal_j="28"/>
    <agent start_i="61" start_j="187" goal_i="179" goal_j="220"/>
    <agent start_i="149" start_j="104" goal_i="109" goal_j="142"/>
    <agent start_i="100" start_j="111" goal_i="48" goal_j="80"/>
    <agent start_i="35" start_j="135" goal_i="60" goal_j="49"/>
</root>
