<?xml version="1.0" ?>
<root>
    <agent start_i="174" start_j="48" goal_i="211" goal_j="153"/>
    <agent start_i="167" start_j="116" goal_i="214" goal_j="233"/>
    <agent start_i="68" start_j="240" goal_i="25" goal_j="184"/>
    <agent start_i="75" start_j="55" goal_i="193" goal_j="18"/>
    <agent start_i="165" start_j="190" goal_i="29" goal_j="185"/>
    <agent start_i="215" start_j="117" goal_i="214" goal_j="215"/>
    <agent start_i="69" start_j="225" goal_i="86" goal_j="234"/>
    <agent start_i="118" start_j="118" goal_i="179" goal_j="207"/>
    <agent start_i="185" start_j="176" goal_i="76" goal_j="177"/>
    <agent start_i="216" start_j="237" goal_i="17" goal_j="175"/>
</root>
