<?xml version="1.0" ?>
<root>
    <agent start_i="34" start_j="113" goal_i="65" goal_j="197"/>
    <agent start_i="81" start_j="207" goal_i="131" goal_j="234"/>
    <agent start_i="63" start_j="178" goal_i="175" goal_j="170"/>
    <agent start_i="168" start_j="167" goal_i="108" goal_j="96"/>
    <agent start_i="35" start_j="75" goal_i="159" goal_j="114"/>
    <agent start_i="107" start_j="95" goal_i="130" goal_j="184"/>
    <agent start_i="166" start_j="184" goal_i="169" goal_j="14"/>
    <agent start_i="90" start_j="178" goal_i="56" goal_j="205"/>
    <agent start_i="111" start_j="112" goal_i="140" goal_j="34"/>
    <agent start_i="85" start_j="243" goal_i="47" goal_j="161"/>
</root>
