<?xml version="1.0" ?>
<root>
    <agent start_i="58" start_j="231" goal_i="69" goal_j="238"/>
    <agent start_i="67" start_j="184" goal_i="71" goal_j="175"/>
    <agent start_i="187" start_j="68" goal_i="83" goal_j="167"/>
    <agent start_i="65" start_j="41" goal_i="205" goal_j="98"/>
    <agent start_i="144" start_j="19" goal_i="59" goal_j="123"/>
    <agent start_i="115" start_j="158" goal_i="40" goal_j="175"/>
    <agent start_i="204" start_j="95" goal_i="196" goal_j="239"/>
    <agent start_i="74" start_j="45" goal_i="171" goal_j="54"/>
    <agent start_i="58" start_j="161" goal_i="157" goal_j="187"/>
    <agent start_i="42" start_j="160" goal_i="60" goal_j="88"/>
</root>
