<?xml version="1.0" ?>
<root>
    <agent start_i="86" start_j="238" goal_i="221" goal_j="151"/>
    <agent start_i="34" start_j="113" goal_i="65" goal_j="197"/>
    <agent start_i="51" start_j="94" goal_i="134" goal_j="170"/>
    <agent start_i="189" start_j="92" goal_i="191" goal_j="220"/>
    <agent start_i="41" start_j="92" goal_i="54" goal_j="215"/>
    <agent start_i="63" start_j="193" goal_i="113" goal_j="154"/>
    <agent start_i="49" start_j="183" goal_i="76" goal_j="47"/>
    <agent start_i="152" start_j="21" goal_i="44" goal_j="103"/>
    <agent start_i="97" start_j="155" goal_i="186" goal_j="74"/>
    <agent start_i="183" start_j="201" goal_i="85" goal_j="44"/>
</root>
