<?xml version="1.0" ?>
<root>
    <agent start_i="144" start_j="61" goal_i="153" goal_j="75"/>
    <agent start_i="93" start_j="172" goal_i="143" goal_j="172"/>
    <agent start_i="96" start_j="241" goal_i="76" goal_j="73"/>
    <agent start_i="221" start_j="229" goal_i="90" goal_j="106"/>
    <agent start_i="82" start_j="121" goal_i="81" goal_j="83"/>
    <agent start_i="203" start_j="71" goal_i="170" goal_j="104"/>
    <agent start_i="164" start_j="24" goal_i="226" goal_j="73"/>
    <agent start_i="153" start_j="118" goal_i="228" goal_j="132"/>
    <agent start_i="62" start_j="194" goal_i="44" goal_j="150"/>
    <agent start_i="53" start_j="59" goal_i="144" goal_j="94"/>
</root>
