<?xml version="1.0" ?>
<root>
    <agent start_i="160" start_j="30" goal_i="56" goal_j="236"/>
    <agent start_i="85" start_j="62" goal_i="56" goal_j="176"/>
    <agent start_i="219" start_j="157" goal_i="25" goal_j="173"/>
    <agent start_i="97" start_j="90" goal_i="11" goal_j="243"/>
    <agent start_i="81" start_j="220" goal_i="196" goal_j="85"/>
    <agent start_i="153" start_j="85" goal_i="42" goal_j="103"/>
    <agent start_i="33" start_j="103" goal_i="166" goal_j="140"/>
    <agent start_i="61" start_j="188" goal_i="109" goal_j="228"/>
    <agent start_i="72" start_j="188" goal_i="39" goal_j="217"/>
    <agent start_i="103" start_j="127" goal_i="98" goal_j="63"/>
</root>
