<?xml version="1.0" ?>
<root>
    <agent start_i="110" start_j="97" goal_i="119" goal_j="229"/>
    <agent start_i="154" start_j="142" goal_i="95" goal_j="120"/>
    <agent start_i="223" start_j="150" goal_i="60" goal_j="121"/>
    <agent start_i="51" start_j="250" goal_i="194" goal_j="246"/>
    <agent start_i="174" start_j="181" goal_i="43" goal_j="60"/>
    <agent start_i="76" start_j="63" goal_i="149" goal_j="134"/>
    <agent start_i="122" start_j="239" goal_i="98" goal_j="160"/>
    <agent start_i="105" start_j="156" goal_i="207" goal_j="86"/>
    <agent start_i="98" start_j="234" goal_i="171" goal_j="184"/>
    <agent start_i="107" start_j="157" goal_i="195" goal_j="18"/>
</root>
