<?xml version="1.0" ?>
<root>
    <agent start_i="154" start_j="26" goal_i="164" goal_j="135"/>
    <agent start_i="142" start_j="14" goal_i="108" goal_j="125"/>
    <agent start_i="96" start_j="97" goal_i="170" goal_j="112"/>
    <agent start_i="133" start_j="49" goal_i="22" goal_j="182"/>
    <agent start_i="175" start_j="219" goal_i="126" goal_j="167"/>
    <agent start_i="114" start_j="142" goal_i="95" goal_j="98"/>
    <agent start_i="84" start_j="103" goal_i="62" goal_j="42"/>
    <agent start_i="216" start_j="129" goal_i="108" goal_j="99"/>
    <agent start_i="67" start_j="238" goal_i="155" goal_j="56"/>
    <agent start_i="165" start_j="88" goal_i="33" goal_j="107"/>
</root>
