<?xml version="1.0" ?>
<root>
    <agent start_i="63" start_j="130" goal_i="75" goal_j="71"/>
    <agent start_i="213" start_j="103" goal_i="177" goal_j="73"/>
    <agent start_i="28" start_j="143" goal_i="228" goal_j="84"/>
    <agent start_i="167" start_j="78" goal_i="147" goal_j="62"/>
    <agent start_i="136" start_j="175" goal_i="113" goal_j="231"/>
    <agent start_i="143" start_j="165" goal_i="182" goal_j="209"/>
    <agent start_i="59" start_j="160" goal_i="157" goal_j="178"/>
    <agent start_i="56" start_j="103" goal_i="40" goal_j="204"/>
    <agent start_i="198" start_j="16" goal_i="112" goal_j="123"/>
    <agent start_i="172" start_j="24" goal_i="51" goal_j="185"/>
</root>
