<?xml version="1.0" ?>
<root>
    <agent start_i="82" start_j="200" goal_i="88" goal_j="116"/>
    <agent start_i="156" start_j="191" goal_i="73" goal_j="193"/>
    <agent start_i="147" start_j="97" goal_i="35" goal_j="213"/>
    <agent start_i="75" start_j="176" goal_i="114" goal_j="182"/>
    <agent start_i="64" start_j="41" goal_i="122" goal_j="241"/>
    <agent start_i="128" start_j="159" goal_i="167" goal_j="162"/>
    <agent start_i="163" start_j="152" goal_i="161" goal_j="105"/>
    <agent start_i="68" start_j="173" goal_i="99" goal_j="127"/>
    <agent start_i="85" start_j="97" goal_i="176" goal_j="228"/>
    <agent start_i="179" start_j="13" goal_i="91" goal_j="113"/>
</root>
