<?xml version="1.0" ?>
<root>
    <agent start_i="57" start_j="127" goal_i="165" goal_j="10"/>
    <agent start_i="181" start_j="55" goal_i="232" goal_j="73"/>
    <agent start_i="176" start_j="85" goal_i="51" goal_j="220"/>
    <agent start_i="84" start_j="103" goal_i="62" goal_j="42"/>
    <agent start_i="196" start_j="76" goal_i="103" goal_j="220"/>
    <agent start_i="70" start_j="39" goal_i="218" goal_j="80"/>
    <agent start_i="72" start_j="25" goal_i="159" goal_j="156"/>
    <agent start_i="124" start_j="229" goal_i="209" goal_j="88"/>
    <agent start_i="140" start_j="74" goal_i="115" goal_j="238"/>
    <agent start_i="222" start_j="221" goal_i="176" goal_j="144"/>
</root>
