<?xml version="1.0" ?>
<root>
    <agent start_i="179" start_j="171" goal_i="221" goal_j="91"/>
    <agent start_i="4" start_j="136" goal_i="149" goal_j="74"/>
    <agent start_i="67" start_j="216" goal_i="148" goal_j="15"/>
    <agent start_i="173" start_j="53" goal_i="48" goal_j="151"/>
    <agent start_i="61" start_j="53" goal_i="151" goal_j="63"/>
    <agent start_i="154" start_j="36" goal_i="108" goal_j="116"/>
    <agent start_i="150" start_j="85" goal_i="119" goal_j="223"/>
    <agent start_i="150" start_j="120" goal_i="91" goal_j="92"/>
    <agent start_i="51" start_j="93" goal_i="91" goal_j="110"/>
    <agent start_i="165" start_j="105" goal_i="96" goal_j="143"/>
</root>
