<?xml version="1.0" ?>
<root>
    <agent start_i="67" start_j="203" goal_i="227" goal_j="145"/>
    <agent start_i="166" start_j="176" goal_i="204" goal_j="225"/>
    <agent start_i="175" start_j="14" goal_i="104" goal_j="101"/>
    <agent start_i="202" start_j="227" goal_i="170" goal_j="195"/>
    <agent start_i="145" start_j="23" goal_i="92" goal_j="173"/>
    <agent start_i="33" start_j="195" goal_i="53" goal_j="218"/>
    <agent start_i="154" start_j="59" goal_i="73" goal_j="229"/>
    <agent start_i="105" start_j="238" goal_i="207" goal_j="86"/>
    <agent start_i="200" start_j="84" goal_i="158" goal_j="84"/>
    <agent start_i="171" start_j="187" goal_i="232" goal_j="105"/>
</root>
