<?xml version="1.0" ?>
<root>
    <agent start_i="125" start_j="220" goal_i="44" goal_j="184"/>
    <agent start_i="97" start_j="237" goal_i="44" goal_j="120"/>
    <agent start_i="221" start_j="108" goal_i="122" goal_j="243"/>
    <agent start_i="195" start_j="15" goal_i="42" goal_j="188"/>
    <agent start_i="146" start_j="55" goal_i="178" goal_j="206"/>
    <agent start_i="118" start_j="225" goal_i="104" goal_j="126"/>
    <agent start_i="119" start_j="224" goal_i="178" goal_j="161"/>
    <agent start_i="43" start_j="241" goal_i="163" goal_j="154"/>
    <agent start_i="79" start_j="62" goal_i="63" goal_j="233"/>
    <agent start_i="175" start_j="70" goal_i="108" goal_j="102"/>
</root>
