<?xml version="1.0" ?>
<root>
    <agent start_i="148" start_j="54" goal_i="66" goal_j="173"/>
    <agent start_i="41" start_j="200" goal_i="169" goal_j="159"/>
    <agent start_i="192" start_j="98" goal_i="192" goal_j="15"/>
    <agent start_i="31" start_j="163" goal_i="78" goal_j="167"/>
    <agent start_i="39" start_j="201" goal_i="146" goal_j="79"/>
    <agent start_i="134" start_j="249" goal_i="161" goal_j="129"/>
    <agent start_i="124" start_j="182" goal_i="193" goal_j="225"/>
    <agent start_i="91" start_j="62" goal_i="184" goal_j="9"/>
    <agent start_i="194" start_j="17" goal_i="57" goal_j="61"/>
    <agent start_i="174" start_j="105" goal_i="71" goal_j="197"/>
</root>
