<?xml version="1.0" ?>
<root>
    <agent start_i="62" start_j="221" goal_i="95" goal_j="97"/>
    <agent start_i="216" start_j="76" goal_i="177" goal_j="12"/>
    <agent start_i="207" start_j="142" goal_i="85" goal_j="158"/>
    <agent start_i="29" start_j="159" goal_i="164" goal_j="14"/>
    <agent start_i="209" start_j="77" goal_i="113" goal_j="107"/>
    <agent start_i="214" start_j="19" goal_i="142" goal_j="98"/>
    <agent start_i="49" start_j="183" goal_i="76" goal_j="47"/>
    <agent start_i="175" start_j="146" goal_i="94" goal_j="176"/>
    <agent start_i="70" start_j="131" goal_i="87" goal_j="61"/>
    <agent start_i="36" start_j="120" goal_i="135" goal_j="79"/>
</root>
