<?xml version="1.0" ?>
<root>
    <agent start_i="118" start_j="163" goal_i="145" goal_j="156"/>
    <agent start_i="110" start_j="158" goal_i="78" goal_j="43"/>
    <agent start_i="60" start_j="126" goal_i="20" goal_j="137"/>
    <agent start_i="56" start_j="47" goal_i="101" goal_j="88"/>
    <agent start_i="163" start_j="21" goal_i="76" goal_j="15"/>
    <agent start_i="43" start_j="147" goal_i="33" goal_j="176"/>
    <agent start_i="148" start_j="143" goal_i="109" goal_j="96"/>
    <agent start_i="21" start_j="171" goal_i="88" goal_j="169"/>
    <agent start_i="38" start_j="105" goal_i="204" goal_j="77"/>
    <agent start_i="228" start_j="100" goal_i="58" goal_j="86"/>
</root>
