<?xml version="1.0" ?>
<root>
    <agent start_i="73" start_j="172" goal_i="167" goal_j="97"/>
    <agent start_i="98" start_j="153" goal_i="65" goal_j="183"/>
    <agent start_i="108" start_j="232" goal_i="157" goal_j="128"/>
    <agent start_i="99" start_j="116" goal_i="70" goal_j="206"/>
    <agent start_i="46" start_j="250" goal_i="171" goal_j="65"/>
    <agent start_i="92" start_j="120" goal_i="66" goal_j="60"/>
    <agent start_i="90" start_j="75" goal_i="44" goal_j="67"/>
    <agent start_i="170" start_j="135" goal_i="44" goal_j="132"/>
    <agent start_i="45" start_j="179" goal_i="169" goal_j="63"/>
    <agent start_i="38" start_j="87" goal_i="103" goal_j="78"/>
</root>
