<?xml version="1.0" ?>
<root>
    <agent start_i="202" start_j="223" goal_i="196" goal_j="92"/>
    <agent start_i="93" start_j="107" goal_i="152" goal_j="172"/>
    <agent start_i="159" start_j="148" goal_i="175" goal_j="73"/>
    <agent start_i="101" start_j="100" goal_i="228" goal_j="76"/>
    <agent start_i="205" start_j="141" goal_i="152" goal_j="137"/>
    <agent start_i="116" start_j="116" goal_i="215" goal_j="142"/>
    <agent start_i="60" start_j="201" goal_i="178" goal_j="198"/>
    <agent start_i="89" start_j="56" goal_i="48" goal_j="116"/>
    <agent start_i="67" start_j="174" goal_i="208" goal_j="220"/>
    <agent start_i="212" start_j="153" goal_i="184" goal_j="16"/>
</root>
