<?xml version="1.0" ?>
<root>
    <agent start_i="66" start_j="222" goal_i="153" goal_j="178"/>
    <agent start_i="52" start_j="170" goal_i="70" goal_j="41"/>
    <agent start_i="171" start_j="38" goal_i="33" goal_j="200"/>
    <agent start_i="89" start_j="87" goal_i="42" goal_j="67"/>
    <agent start_i="139" start_j="82" goal_i="214" goal_j="136"/>
    <agent start_i="47" start_j="64" goal_i="71" goal_j="199"/>
    <agent start_i="198" start_j="218" goal_i="155" goal_j="76"/>
    <agent start_i="149" start_j="137" goal_i="72" goal_j="55"/>
    <agent start_i="82" start_j="236" goal_i="202" goal_j="229"/>
    <agent start_i="165" start_j="99" goal_i="81" goal_j="242"/>
</root>
