<?xml version="1.0" ?>
<root>
    <agent start_i="180" start_j="66" goal_i="37" goal_j="60"/>
    <agent start_i="142" start_j="249" goal_i="43" goal_j="234"/>
    <agent start_i="96" start_j="213" goal_i="139" goal_j="79"/>
    <agent start_i="77" start_j="240" goal_i="95" goal_j="168"/>
    <agent start_i="199" start_j="68" goal_i="99" goal_j="161"/>
    <agent start_i="224" start_j="104" goal_i="113" goal_j="144"/>
    <agent start_i="72" start_j="176" goal_i="180" goal_j="184"/>
    <agent start_i="169" start_j="167" goal_i="82" goal_j="102"/>
    <agent start_i="107" start_j="96" goal_i="136" goal_j="78"/>
    <agent start_i="48" start_j="240" goal_i="136" goal_j="165"/>
</root>
