<?xml version="1.0" ?>
<root>
    <agent start_i="158" start_j="9" goal_i="82" goal_j="76"/>
    <agent start_i="47" start_j="49" goal_i="234" goal_j="100"/>
    <agent start_i="57" start_j="214" goal_i="50" goal_j="157"/>
    <agent start_i="158" start_j="189" goal_i="169" goal_j="198"/>
    <agent start_i="168" start_j="143" goal_i="141" goal_j="11"/>
    <agent start_i="198" start_j="211" goal_i="44" goal_j="112"/>
    <agent start_i="149" start_j="164" goal_i="159" goal_j="194"/>
    <agent start_i="172" start_j="128" goal_i="211" goal_j="224"/>
    <agent start_i="100" start_j="103" goal_i="136" goal_j="45"/>
    <agent start_i="105" start_j="223" goal_i="161" goal_j="53"/>
</root>
