<?xml version="1.0" ?>
<root>
    <agent start_i="145" start_j="66" goal_i="77" goal_j="86"/>
    <agent start_i="194" start_j="228" goal_i="62" goal_j="224"/>
    <agent start_i="95" start_j="74" goal_i="213" goal_j="155"/>
    <agent start_i="85" start_j="222" goal_i="38" goal_j="175"/>
    <agent start_i="193" start_j="203" goal_i="46" goal_j="161"/>
    <agent start_i="37" start_j="136" goal_i="199" goal_j="197"/>
    <agent start_i="164" start_j="55" goal_i="61" goal_j="230"/>
    <agent start_i="202" start_j="222" goal_i="169" goal_j="177"/>
    <agent start_i="170" start_j="104" goal_i="132" goal_j="177"/>
    <agent start_i="33" start_j="163" goal_i="150" goal_j="93"/>
</root>
