<?xml version="1.0" ?>
<root>
    <agent start_i="53" start_j="128" goal_i="175" goal_j="168"/>
    <agent start_i="176" start_j="43" goal_i="166" goal_j="92"/>
    <agent start_i="38" start_j="105" goal_i="204" goal_j="77"/>
    <agent start_i="83" start_j="214" goal_i="216" goal_j="238"/>
    <agent start_i="209" start_j="157" goal_i="192" goal_j="71"/>
    <agent start_i="89" start_j="102" goal_i="35" goal_j="208"/>
    <agent start_i="168" start_j="61" goal_i="36" goal_j="137"/>
    <agent start_i="46" start_j="144" goal_i="28" goal_j="126"/>
    <agent start_i="73" start_j="227" goal_i="62" goal_j="127"/>
    <agent start_i="83" start_j="207" goal_i="39" goal_j="252"/>
</root>
