<?xml version="1.0" ?>
<root>
    <agent start_i="162" start_j="139" goal_i="47" goal_j="237"/>
    <agent start_i="186" start_j="234" goal_i="193" goal_j="202"/>
    <agent start_i="168" start_j="22" goal_i="216" goal_j="85"/>
    <agent start_i="53" start_j="79" goal_i="204" goal_j="147"/>
    <agent start_i="33" start_j="198" goal_i="136" goal_j="91"/>
    <agent start_i="40" start_j="191" goal_i="159" goal_j="99"/>
    <agent start_i="227" start_j="138" goal_i="38" goal_j="235"/>
    <agent start_i="127" start_j="170" goal_i="47" goal_j="61"/>
    <agent start_i="163" start_j="140" goal_i="179" goal_j="34"/>
    <agent start_i="159" start_j="115" goal_i="66" goal_j="222"/>
</root>
