<?xml version="1.0" ?>
<root>
    <agent start_i="183" start_j="22" goal_i="102" goal_j="110"/>
    <agent start_i="108" start_j="243" goal_i="225" goal_j="116"/>
    <agent start_i="106" start_j="164" goal_i="188" goal_j="16"/>
    <agent start_i="163" start_j="18" goal_i="98" goal_j="93"/>
    <agent start_i="125" start_j="164" goal_i="81" goal_j="80"/>
    <agent start_i="157" start_j="162" goal_i="172" goal_j="69"/>
    <agent start_i="62" start_j="198" goal_i="65" goal_j="172"/>
    <agent start_i="49" start_j="84" goal_i="214" goal_j="99"/>
    <agent start_i="198" start_j="95" goal_i="26" goal_j="245"/>
    <agent start_i="88" start_j="221" goal_i="98" goal_j="165"/>
</root>
