<?xml version="1.0" ?>
<root>
    <agent start_i="195" start_j="12" goal_i="124" goal_j="159"/>
    <agent start_i="148" start_j="35" goal_i="221" goal_j="138"/>
    <agent start_i="73" start_j="211" goal_i="184" goal_j="233"/>
    <agent start_i="175" start_j="84" goal_i="198" goal_j="200"/>
    <agent start_i="61" start_j="235" goal_i="41" goal_j="242"/>
    <agent start_i="75" start_j="41" goal_i="107" goal_j="153"/>
    <agent start_i="198" start_j="239" goal_i="71" goal_j="51"/>
    <agent start_i="84" start_j="217" goal_i="103" goal_j="132"/>
    <agent start_i="38" start_j="191" goal_i="143" goal_j="79"/>
    <agent start_i="173" start_j="112" goal_i="88" goal_j="114"/>
</root>
