<?xml version="1.0" ?>
<root>
    <agent start_i="190" start_j="230" goal_i="89" goal_j="185"/>
    <agent start_i="52" start_j="209" goal_i="60" goal_j="73"/>
    <agent start_i="159" start_j="161" goal_i="95" goal_j="241"/>
    <agent start_i="218" start_j="79" goal_i="194" goal_j="203"/>
    <agent start_i="78" start_j="76" goal_i="46" goal_j="55"/>
    <agent start_i="62" start_j="233" goal_i="170" goal_j="63"/>
    <agent start_i="95" start_j="177" goal_i="98" goal_j="118"/>
    <agent start_i="158" start_j="90" goal_i="147" goal_j="79"/>
    <agent start_i="117" start_j="222" goal_i="155" goal_j="185"/>
    <agent start_i="90" start_j="86" goal_i="34" goal_j="71"/>
</root>
