<?xml version="1.0" ?>
<root>
    <agent start_i="174" start_j="183" goal_i="191" goal_j="13"/>
    <agent start_i="37" start_j="188" goal_i="105" goal_j="114"/>
    <agent start_i="101" start_j="161" goal_i="145" goal_j="54"/>
    <agent start_i="197" start_j="91" goal_i="80" goal_j="223"/>
    <agent start_i="209" start_j="219" goal_i="93" goal_j="185"/>
    <agent start_i="213" start_j="209" goal_i="100" goal_j="96"/>
    <agent start_i="88" start_j="114" goal_i="170" goal_j="164"/>
    <agent start_i="230" start_j="87" goal_i="59" goal_j="176"/>
    <agent start_i="156" start_j="126" goal_i="79" goal_j="225"/>
    <agent start_i="85" start_j="120" goal_i="173" goal_j="194"/>
</root>
