<?xml version="1.0" ?>
<root>
    <agent start_i="45" start_j="66" goal_i="100" goal_j="185"/>
    <agent start_i="223" start_j="155" goal_i="84" goal_j="206"/>
    <agent start_i="173" start_j="53" goal_i="48" goal_j="151"/>
    <agent start_i="138" start_j="56" goal_i="113" goal_j="165"/>
    <agent start_i="168" start_j="164" goal_i="126" goal_j="221"/>
    <agent start_i="110" start_j="159" goal_i="79" goal_j="188"/>
    <agent start_i="54" start_j="72" goal_i="163" goal_j="159"/>
    <agent start_i="200" start_j="239" goal_i="168" goal_j="141"/>
    <agent start_i="150" start_j="83" goal_i="66" goal_j="62"/>
    <agent start_i="94" start_j="228" goal_i="30" goal_j="246"/>
</root>
