<?xml version="1.0" ?>
<root>
    <agent start_i="181" start_j="233" goal_i="208" goal_j="156"/>
    <agent start_i="147" start_j="179" goal_i="105" goal_j="150"/>
    <agent start_i="172" start_j="16" goal_i="156" goal_j="124"/>
    <agent start_i="55" start_j="201" goal_i="188" goal_j="30"/>
    <agent start_i="108" start_j="240" goal_i="84" goal_j="111"/>
    <agent start_i="169" start_j="81" goal_i="114" goal_j="108"/>
    <agent start_i="77" start_j="78" goal_i="87" goal_j="76"/>
    <agent start_i="66" start_j="186" goal_i="81" goal_j="98"/>
    <agent start_i="82" start_j="161" goal_i="198" goal_j="72"/>
    <agent start_i="87" start_j="226" goal_i="76" goal_j="32"/>
</root>
