<?xml version="1.0" ?>
<root>
    <agent start_i="93" start_j="102" goal_i="62" goal_j="191"/>
    <agent start_i="201" start_j="17" goal_i="102" goal_j="85"/>
    <agent start_i="161" start_j="112" goal_i="208" goal_j="224"/>
    <agent start_i="41" start_j="189" goal_i="109" goal_j="177"/>
    <agent start_i="96" start_j="138" goal_i="186" goal_j="230"/>
    <agent start_i="38" start_j="203" goal_i="74" goal_j="68"/>
    <agent start_i="95" start_j="105" goal_i="142" goal_j="172"/>
    <agent start_i="220" start_j="90" goal_i="195" goal_j="202"/>
    <agent start_i="78" start_j="223" goal_i="38" goal_j="152"/>
    <agent start_i="109" start_j="102" goal_i="99" goal_j="94"/>
</root>
