<?xml version="1.0" ?>
<root>
    <agent start_i="112" start_j="108" goal_i="59" goal_j="90"/>
    <agent start_i="207" start_j="85" goal_i="183" goal_j="201"/>
    <agent start_i="181" start_j="201" goal_i="34" goal_j="71"/>
    <agent start_i="158" start_j="66" goal_i="58" goal_j="72"/>
    <agent start_i="165" start_j="81" goal_i="186" goal_j="215"/>
    <agent start_i="195" start_j="9" goal_i="57" goal_j="212"/>
    <agent start_i="202" start_j="80" goal_i="28" goal_j="246"/>
    <agent start_i="72" start_j="54" goal_i="144" goal_j="59"/>
    <agent start_i="219" start_j="131" goal_i="68" goal_j="193"/>
    <agent start_i="57" start_j="199" goal_i="65" goal_j="208"/>
</root>
