<?xml version="1.0" ?>
<root>
    <agent start_i="212" start_j="233" goal_i="68" goal_j="216"/>
    <agent start_i="174" start_j="181" goal_i="43" goal_j="60"/>
    <agent start_i="164" start_j="80" goal_i="96" goal_j="93"/>
    <agent start_i="161" start_j="42" goal_i="61" goal_j="193"/>
    <agent start_i="108" start_j="140" goal_i="67" goal_j="166"/>
    <agent start_i="222" start_j="104" goal_i="195" goal_j="96"/>
    <agent start_i="225" start_j="126" goal_i="86" goal_j="210"/>
    <agent start_i="79" start_j="192" goal_i="37" goal_j="122"/>
    <agent start_i="179" start_j="175" goal_i="170" goal_j="33"/>
    <agent start_i="102" start_j="216" goal_i="115" goal_j="176"/>
</root>
