<?xml version="1.0" ?>
<root>
    <agent start_i="71" start_j="179" goal_i="72" goal_j="185"/>
    <agent start_i="103" start_j="78" goal_i="203" goal_j="10"/>
    <agent start_i="176" start_j="194" goal_i="229" goal_j="95"/>
    <agent start_i="151" start_j="96" goal_i="215" goal_j="110"/>
    <agent start_i="90" start_j="122" goal_i="160" goal_j="103"/>
    <agent start_i="167" start_j="12" goal_i="216" goal_j="85"/>
    <agent start_i="115" start_j="178" goal_i="200" goal_j="201"/>
    <agent start_i="74" start_j="51" goal_i="213" goal_j="237"/>
    <agent start_i="104" start_j="244" goal_i="117" goal_j="178"/>
    <agent start_i="18" start_j="161" goal_i="222" goal_j="229"/>
</root>
