<?xml version="1.0" ?>
<root>
    <agent start_i="63" start_j="46" goal_i="176" goal_j="217"/>
    <agent start_i="207" start_j="95" goal_i="225" goal_j="55"/>
    <agent start_i="42" start_j="233" goal_i="149" goal_j="13"/>
    <agent start_i="184" start_j="222" goal_i="173" goal_j="177"/>
    <agent start_i="39" start_j="64" goal_i="34" goal_j="218"/>
    <agent start_i="30" start_j="242" goal_i="116" goal_j="237"/>
    <agent start_i="61" start_j="184" goal_i="60" goal_j="227"/>
    <agent start_i="83" start_j="75" goal_i="23" goal_j="162"/>
    <agent start_i="29" start_j="180" goal_i="127" goal_j="218"/>
    <agent start_i="56" start_j="167" goal_i="222" goal_j="115"/>
</root>
