<?xml version="1.0" ?>
<root>
    <agent start_i="146" start_j="28" goal_i="97" goal_j="130"/>
    <agent start_i="118" start_j="227" goal_i="155" goal_j="28"/>
    <agent start_i="207" start_j="207" goal_i="70" goal_j="204"/>
    <agent start_i="230" start_j="129" goal_i="96" goal_j="180"/>
    <agent start_i="75" start_j="169" goal_i="100" goal_j="145"/>
    <agent start_i="220" start_j="216" goal_i="129" goal_j="219"/>
    <agent start_i="147" start_j="170" goal_i="67" goal_j="58"/>
    <agent start_i="182" start_j="40" goal_i="62" goal_j="69"/>
    <agent start_i="224" start_j="99" goal_i="25" goal_j="248"/>
    <agent start_i="35" start_j="218" goal_i="92" goal_j="128"/>
</root>
