<?xml version="1.0" ?>
<root>
    <agent start_i="213" start_j="117" goal_i="98" goal_j="168"/>
    <agent start_i="152" start_j="77" goal_i="162" goal_j="137"/>
    <agent start_i="58" start_j="241" goal_i="103" goal_j="116"/>
    <agent start_i="104" start_j="141" goal_i="155" goal_j="179"/>
    <agent start_i="154" start_j="67" goal_i="71" goal_j="205"/>
    <agent start_i="15" start_j="136" goal_i="156" goal_j="177"/>
    <agent start_i="165" start_j="85" goal_i="59" goal_j="185"/>
    <agent start_i="31" start_j="239" goal_i="84" goal_j="179"/>
    <agent start_i="43" start_j="169" goal_i="181" goal_j="147"/>
    <agent start_i="134" start_j="251" goal_i="97" goal_j="77"/>
</root>
