<?xml version="1.0" ?>
<root>
    <agent start_i="151" start_j="42" goal_i="211" goal_j="241"/>
    <agent start_i="166" start_j="78" goal_i="58" goal_j="84"/>
    <agent start_i="107" start_j="143" goal_i="58" goal_j="193"/>
    <agent start_i="85" start_j="232" goal_i="203" goal_j="210"/>
    <agent start_i="225" start_j="110" goal_i="87" goal_j="216"/>
    <agent start_i="44" start_j="235" goal_i="108" goal_j="229"/>
    <agent start_i="98" start_j="133" goal_i="78" goal_j="71"/>
    <agent start_i="156" start_j="175" goal_i="38" goal_j="193"/>
    <agent start_i="71" start_j="61" goal_i="208" goal_j="203"/>
    <agent start_i="40" start_j="209" goal_i="155" goal_j="50"/>
</root>
