<?xml version="1.0" ?>
<root>
    <agent start_i="221" start_j="227" goal_i="38" goal_j="116"/>
    <agent start_i="166" start_j="161" goal_i="179" goal_j="138"/>
    <agent start_i="63" start_j="238" goal_i="144" goal_j="18"/>
    <agent start_i="168" start_j="196" goal_i="55" goal_j="85"/>
    <agent start_i="104" start_j="238" goal_i="42" goal_j="173"/>
    <agent start_i="113" start_j="100" goal_i="216" goal_j="141"/>
    <agent start_i="39" start_j="69" goal_i="42" goal_j="182"/>
    <agent start_i="49" start_j="63" goal_i="211" goal_j="216"/>
    <agent start_i="181" start_j="51" goal_i="83" goal_j="185"/>
    <agent start_i="221" start_j="101" goal_i="158" goal_j="171"/>
</root>
