<?xml version="1.0" ?>
<root>
    <agent start_i="94" start_j="167" goal_i="171" goal_j="160"/>
    <agent start_i="85" start_j="189" goal_i="167" goal_j="60"/>
    <agent start_i="77" start_j="84" goal_i="5" goal_j="242"/>
    <agent start_i="173" start_j="223" goal_i="66" goal_j="217"/>
    <agent start_i="195" start_j="214" goal_i="14" goal_j="243"/>
    <agent start_i="39" start_j="231" goal_i="27" goal_j="242"/>
    <agent start_i="65" start_j="178" goal_i="154" goal_j="141"/>
    <agent start_i="174" start_j="109" goal_i="150" goal_j="49"/>
    <agent start_i="185" start_j="213" goal_i="166" goal_j="138"/>
    <agent start_i="204" start_j="8" goal_i="174" goal_j="102"/>
</root>
