<?xml version="1.0" ?>
<root>
    <agent start_i="117" start_j="114" goal_i="132" goal_j="175"/>
    <agent start_i="99" start_j="180" goal_i="49" goal_j="117"/>
    <agent start_i="34" start_j="95" goal_i="223" goal_j="85"/>
    <agent start_i="52" start_j="91" goal_i="176" goal_j="73"/>
    <agent start_i="13" start_j="236" goal_i="209" goal_j="230"/>
    <agent start_i="149" start_j="62" goal_i="97" goal_j="76"/>
    <agent start_i="191" start_j="235" goal_i="41" goal_j="183"/>
    <agent start_i="83" start_j="188" goal_i="101" goal_j="139"/>
    <agent start_i="37" start_j="122" goal_i="218" goal_j="106"/>
    <agent start_i="75" start_j="245" goal_i="49" goal_j="163"/>
</root>
