<?xml version="1.0" ?>
<root>
    <agent start_i="161" start_j="42" goal_i="61" goal_j="193"/>
    <agent start_i="126" start_j="232" goal_i="27" goal_j="173"/>
    <agent start_i="229" start_j="103" goal_i="53" goal_j="215"/>
    <agent start_i="51" start_j="118" goal_i="86" goal_j="85"/>
    <agent start_i="174" start_j="108" goal_i="59" goal_j="47"/>
    <agent start_i="194" start_j="206" goal_i="91" goal_j="201"/>
    <agent start_i="101" start_j="113" goal_i="108" goal_j="137"/>
    <agent start_i="113" start_j="219" goal_i="168" goal_j="128"/>
    <agent start_i="93" start_j="76" goal_i="163" goal_j="12"/>
    <agent start_i="102" start_j="123" goal_i="195" goal_j="250"/>
</root>
