<?xml version="1.0" ?>
<root>
    <agent start_i="28" start_j="151" goal_i="142" goal_j="56"/>
    <agent start_i="151" start_j="32" goal_i="40" goal_j="195"/>
    <agent start_i="57" start_j="60" goal_i="100" goal_j="142"/>
    <agent start_i="47" start_j="243" goal_i="230" goal_j="97"/>
    <agent start_i="160" start_j="140" goal_i="167" goal_j="122"/>
    <agent start_i="139" start_j="247" goal_i="69" goal_j="200"/>
    <agent start_i="166" start_j="169" goal_i="22" goal_j="180"/>
    <agent start_i="95" start_j="110" goal_i="27" goal_j="144"/>
    <agent start_i="87" start_j="165" goal_i="21" goal_j="153"/>
    <agent start_i="157" start_j="167" goal_i="75" goal_j="232"/>
</root>
