<?xml version="1.0" ?>
<root>
    <agent start_i="225" start_j="77" goal_i="157" goal_j="26"/>
    <agent start_i="107" start_j="171" goal_i="162" goal_j="108"/>
    <agent start_i="196" start_j="99" goal_i="196" goal_j="14"/>
    <agent start_i="34" start_j="242" goal_i="91" goal_j="130"/>
    <agent start_i="83" start_j="180" goal_i="142" goal_j="20"/>
    <agent start_i="214" start_j="92" goal_i="30" goal_j="175"/>
    <agent start_i="56" start_j="81" goal_i="86" goal_j="162"/>
    <agent start_i="133" start_j="252" goal_i="52" goal_j="109"/>
    <agent start_i="150" start_j="142" goal_i="133" goal_j="179"/>
    <agent start_i="180" start_j="214" goal_i="167" goal_j="163"/>
</root>
