<?xml version="1.0" ?>
<root>
    <agent start_i="88" start_j="234" goal_i="106" goal_j="176"/>
    <agent start_i="175" start_j="178" goal_i="59" goal_j="46"/>
    <agent start_i="86" start_j="100" goal_i="78" goal_j="42"/>
    <agent start_i="107" start_j="151" goal_i="188" goal_j="222"/>
    <agent start_i="222" start_j="225" goal_i="161" goal_j="183"/>
    <agent start_i="189" start_j="219" goal_i="111" goal_j="125"/>
    <agent start_i="89" start_j="215" goal_i="144" goal_j="12"/>
    <agent start_i="36" start_j="123" goal_i="128" goal_j="229"/>
    <agent start_i="46" start_j="92" goal_i="93" goal_j="165"/>
    <agent start_i="95" start_j="232" goal_i="56" goal_j="100"/>
</root>
