<?xml version="1.0" ?>
<root>
    <agent start_i="216" start_j="138" goal_i="52" goal_j="184"/>
    <agent start_i="175" start_j="160" goal_i="182" goal_j="59"/>
    <agent start_i="36" start_j="181" goal_i="151" goal_j="145"/>
    <agent start_i="21" start_j="140" goal_i="71" goal_j="46"/>
    <agent start_i="121" start_j="234" goal_i="102" goal_j="85"/>
    <agent start_i="158" start_j="135" goal_i="154" goal_j="28"/>
    <agent start_i="61" start_j="190" goal_i="224" goal_j="77"/>
    <agent start_i="92" start_j="87" goal_i="106" goal_j="157"/>
    <agent start_i="218" start_j="223" goal_i="42" goal_j="108"/>
    <agent start_i="215" start_j="213" goal_i="163" goal_j="100"/>
</root>
