<?xml version="1.0" ?>
<root>
    <agent start_i="125" start_j="163" goal_i="55" goal_j="221"/>
    <agent start_i="178" start_j="81" goal_i="49" goal_j="58"/>
    <agent start_i="90" start_j="76" goal_i="212" goal_j="77"/>
    <agent start_i="107" start_j="241" goal_i="183" goal_j="79"/>
    <agent start_i="188" start_j="209" goal_i="218" goal_j="114"/>
    <agent start_i="50" start_j="112" goal_i="152" goal_j="76"/>
    <agent start_i="59" start_j="69" goal_i="177" goal_j="178"/>
    <agent start_i="172" start_j="127" goal_i="210" goal_j="144"/>
    <agent start_i="34" start_j="207" goal_i="87" goal_j="59"/>
    <agent start_i="119" start_j="166" goal_i="25" goal_j="243"/>
</root>
