<?xml version="1.0" ?>
<root>
    <agent start_i="193" start_j="93" goal_i="156" goal_j="93"/>
    <agent start_i="147" start_j="67" goal_i="94" goal_j="71"/>
    <agent start_i="158" start_j="122" goal_i="39" goal_j="142"/>
    <agent start_i="91" start_j="99" goal_i="219" goal_j="70"/>
    <agent start_i="155" start_j="127" goal_i="194" goal_j="16"/>
    <agent start_i="126" start_j="171" goal_i="160" goal_j="53"/>
    <agent start_i="197" start_j="67" goal_i="87" goal_j="95"/>
    <agent start_i="212" start_j="240" goal_i="117" goal_j="230"/>
    <agent start_i="232" start_j="110" goal_i="178" goal_j="150"/>
    <agent start_i="59" start_j="194" goal_i="197" goal_j="77"/>
</root>
