<?xml version="1.0" ?>
<root>
    <agent start_i="218" start_j="224" goal_i="157" goal_j="149"/>
    <agent start_i="57" start_j="90" goal_i="21" goal_j="172"/>
    <agent start_i="38" start_j="202" goal_i="46" goal_j="238"/>
    <agent start_i="85" start_j="188" goal_i="151" goal_j="172"/>
    <agent start_i="230" start_j="108" goal_i="51" goal_j="243"/>
    <agent start_i="42" start_j="190" goal_i="69" goal_j="233"/>
    <agent start_i="150" start_j="26" goal_i="219" goal_j="102"/>
    <agent start_i="128" start_j="177" goal_i="133" goal_j="51"/>
    <agent start_i="195" start_j="228" goal_i="12" goal_j="136"/>
    <agent start_i="73" start_j="34" goal_i="101" goal_j="84"/>
</root>
