<?xml version="1.0" ?>
<root>
    <agent start_i="185" start_j="205" goal_i="139" goal_j="75"/>
    <agent start_i="175" start_j="45" goal_i="49" goal_j="73"/>
    <agent start_i="128" start_j="236" goal_i="82" goal_j="66"/>
    <agent start_i="81" start_j="227" goal_i="85" goal_j="167"/>
    <agent start_i="154" start_j="162" goal_i="188" goal_j="15"/>
    <agent start_i="214" start_j="109" goal_i="216" goal_j="223"/>
    <agent start_i="60" start_j="214" goal_i="83" goal_j="235"/>
    <agent start_i="56" start_j="123" goal_i="148" goal_j="65"/>
    <agent start_i="180" start_j="187" goal_i="177" goal_j="229"/>
    <agent start_i="214" start_j="216" goal_i="120" goal_j="179"/>
</root>
