<?xml version="1.0" ?>
<root>
    <agent start_i="138" start_j="46" goal_i="49" goal_j="58"/>
    <agent start_i="33" start_j="127" goal_i="160" goal_j="45"/>
    <agent start_i="16" start_j="237" goal_i="79" goal_j="79"/>
    <agent start_i="95" start_j="170" goal_i="38" goal_j="117"/>
    <agent start_i="100" start_j="122" goal_i="29" goal_j="144"/>
    <agent start_i="96" start_j="243" goal_i="147" goal_j="171"/>
    <agent start_i="91" start_j="215" goal_i="202" goal_j="93"/>
    <agent start_i="217" start_j="215" goal_i="197" goal_j="10"/>
    <agent start_i="171" start_j="76" goal_i="212" goal_j="87"/>
    <agent start_i="168" start_j="171" goal_i="52" goal_j="88"/>
</root>
