<?xml version="1.0" ?>
<root>
    <agent start_i="23" start_j="128" goal_i="34" goal_j="90"/>
    <agent start_i="219" start_j="92" goal_i="206" goal_j="206"/>
    <agent start_i="44" start_j="132" goal_i="119" goal_j="177"/>
    <agent start_i="86" start_j="174" goal_i="218" goal_j="217"/>
    <agent start_i="126" start_j="213" goal_i="72" goal_j="205"/>
    <agent start_i="77" start_j="25" goal_i="132" goal_j="165"/>
    <agent start_i="35" start_j="192" goal_i="162" goal_j="21"/>
    <agent start_i="29" start_j="137" goal_i="123" goal_j="214"/>
    <agent start_i="114" start_j="159" goal_i="132" goal_j="183"/>
    <agent start_i="215" start_j="230" goal_i="106" goal_j="133"/>
</root>
