<?xml version="1.0" ?>
<root>
    <agent start_i="193" start_j="68" goal_i="92" goal_j="81"/>
    <agent start_i="139" start_j="185" goal_i="43" goal_j="185"/>
    <agent start_i="188" start_j="199" goal_i="133" goal_j="176"/>
    <agent start_i="108" start_j="180" goal_i="172" goal_j="66"/>
    <agent start_i="154" start_j="155" goal_i="199" goal_j="214"/>
    <agent start_i="146" start_j="103" goal_i="172" goal_j="225"/>
    <agent start_i="138" start_j="86" goal_i="211" goal_j="240"/>
    <agent start_i="153" start_j="39" goal_i="125" goal_j="159"/>
    <agent start_i="151" start_j="151" goal_i="167" goal_j="124"/>
    <agent start_i="189" start_j="240" goal_i="87" goal_j="186"/>
</root>
