<?xml version="1.0" ?>
<root>
    <agent start_i="57" start_j="235" goal_i="157" goal_j="34"/>
    <agent start_i="136" start_j="66" goal_i="23" goal_j="153"/>
    <agent start_i="163" start_j="88" goal_i="26" goal_j="171"/>
    <agent start_i="220" start_j="105" goal_i="67" goal_j="203"/>
    <agent start_i="86" start_j="188" goal_i="139" goal_j="250"/>
    <agent start_i="96" start_j="90" goal_i="186" goal_j="222"/>
    <agent start_i="102" start_j="96" goal_i="42" goal_j="82"/>
    <agent start_i="58" start_j="57" goal_i="149" goal_j="179"/>
    <agent start_i="45" start_j="98" goal_i="81" goal_j="108"/>
    <agent start_i="221" start_j="125" goal_i="120" goal_j="182"/>
</root>
