<?xml version="1.0" ?>
<root>
    <agent start_i="164" start_j="81" goal_i="152" goal_j="160"/>
    <agent start_i="88" start_j="75" goal_i="165" goal_j="37"/>
    <agent start_i="172" start_j="157" goal_i="111" goal_j="221"/>
    <agent start_i="138" start_j="15" goal_i="151" goal_j="173"/>
    <agent start_i="22" start_j="179" goal_i="160" goal_j="182"/>
    <agent start_i="113" start_j="106" goal_i="43" goal_j="53"/>
    <agent start_i="192" start_j="212" goal_i="80" goal_j="201"/>
    <agent start_i="79" start_j="37" goal_i="48" goal_j="93"/>
    <agent start_i="142" start_j="100" goal_i="45" goal_j="116"/>
    <agent start_i="97" start_j="217" goal_i="109" goal_j="97"/>
</root>
