<?xml version="1.0" ?>
<root>
    <agent start_i="88" start_j="160" goal_i="33" goal_j="194"/>
    <agent start_i="138" start_j="214" goal_i="178" goal_j="40"/>
    <agent start_i="219" start_j="99" goal_i="70" goal_j="214"/>
    <agent start_i="106" start_j="152" goal_i="56" goal_j="217"/>
    <agent start_i="228" start_j="87" goal_i="46" goal_j="244"/>
    <agent start_i="84" start_j="191" goal_i="142" goal_j="60"/>
    <agent start_i="22" start_j="144" goal_i="95" goal_j="144"/>
    <agent start_i="91" start_j="77" goal_i="148" goal_j="68"/>
    <agent start_i="52" start_j="129" goal_i="205" goal_j="209"/>
    <agent start_i="153" start_j="21" goal_i="194" goal_j="94"/>
</root>
