<?xml version="1.0" ?>
<root>
    <agent start_i="157" start_j="181" goal_i="175" goal_j="48"/>
    <agent start_i="152" start_j="133" goal_i="176" goal_j="88"/>
    <agent start_i="97" start_j="183" goal_i="175" goal_j="218"/>
    <agent start_i="178" start_j="133" goal_i="56" goal_j="159"/>
    <agent start_i="43" start_j="193" goal_i="171" goal_j="31"/>
    <agent start_i="171" start_j="177" goal_i="166" goal_j="192"/>
    <agent start_i="28" start_j="170" goal_i="209" goal_j="239"/>
    <agent start_i="226" start_j="101" goal_i="213" goal_j="71"/>
    <agent start_i="36" start_j="165" goal_i="176" goal_j="51"/>
    <agent start_i="74" start_j="217" goal_i="76" goal_j="179"/>
</root>
