<?xml version="1.0" ?>
<root>
    <agent start_i="172" start_j="158" goal_i="135" goal_j="51"/>
    <agent start_i="207" start_j="17" goal_i="153" goal_j="14"/>
    <agent start_i="143" start_j="89" goal_i="189" goal_j="203"/>
    <agent start_i="45" start_j="52" goal_i="141" goal_j="60"/>
    <agent start_i="125" start_j="217" goal_i="177" goal_j="200"/>
    <agent start_i="141" start_j="31" goal_i="125" goal_j="249"/>
    <agent start_i="31" start_j="131" goal_i="222" goal_j="89"/>
    <agent start_i="214" start_j="234" goal_i="210" goal_j="84"/>
    <agent start_i="23" start_j="175" goal_i="148" goal_j="47"/>
    <agent start_i="211" start_j="147" goal_i="48" goal_j="146"/>
</root>
