<?xml version="1.0" ?>
<root>
    <agent start_i="62" start_j="52" goal_i="94" goal_j="109"/>
    <agent start_i="22" start_j="160" goal_i="104" goal_j="239"/>
    <agent start_i="151" start_j="83" goal_i="181" goal_j="11"/>
    <agent start_i="133" start_j="252" goal_i="52" goal_j="109"/>
    <agent start_i="180" start_j="173" goal_i="209" goal_j="151"/>
    <agent start_i="145" start_j="71" goal_i="175" goal_j="138"/>
    <agent start_i="118" start_j="238" goal_i="110" goal_j="179"/>
    <agent start_i="199" start_j="12" goal_i="114" goal_j="221"/>
    <agent start_i="56" start_j="76" goal_i="186" goal_j="211"/>
    <agent start_i="214" start_j="72" goal_i="84" goal_j="91"/>
</root>
