<?xml version="1.0" ?>
<root>
    <agent start_i="146" start_j="54" goal_i="59" goal_j="247"/>
    <agent start_i="232" start_j="140" goal_i="150" goal_j="140"/>
    <agent start_i="218" start_j="149" goal_i="172" goal_j="173"/>
    <agent start_i="164" start_j="199" goal_i="19" goal_j="177"/>
    <agent start_i="35" start_j="239" goal_i="77" goal_j="23"/>
    <agent start_i="224" start_j="151" goal_i="44" goal_j="99"/>
    <agent start_i="73" start_j="32" goal_i="38" goal_j="118"/>
    <agent start_i="65" start_j="41" goal_i="205" goal_j="98"/>
    <agent start_i="161" start_j="91" goal_i="11" goal_j="236"/>
    <agent start_i="151" start_j="144" goal_i="217" goal_j="229"/>
</root>
