<?xml version="1.0" ?>
<root>
    <agent start_i="104" start_j="238" goal_i="42" goal_j="173"/>
    <agent start_i="224" start_j="72" goal_i="215" goal_j="215"/>
    <agent start_i="170" start_j="25" goal_i="190" goal_j="99"/>
    <agent start_i="70" start_j="61" goal_i="114" goal_j="232"/>
    <agent start_i="101" start_j="149" goal_i="59" goal_j="184"/>
    <agent start_i="177" start_j="217" goal_i="70" goal_j="163"/>
    <agent start_i="171" start_j="100" goal_i="202" goal_j="213"/>
    <agent start_i="143" start_j="85" goal_i="75" goal_j="240"/>
    <agent start_i="191" start_j="11" goal_i="32" goal_j="128"/>
    <agent start_i="163" start_j="150" goal_i="148" goal_j="104"/>
</root>
