<?xml version="1.0" ?>
<root>
    <agent start_i="168" start_j="70" goal_i="93" goal_j="106"/>
    <agent start_i="101" start_j="161" goal_i="145" goal_j="54"/>
    <agent start_i="67" start_j="47" goal_i="183" goal_j="89"/>
    <agent start_i="28" start_j="185" goal_i="216" goal_j="96"/>
    <agent start_i="78" start_j="187" goal_i="171" goal_j="187"/>
    <agent start_i="50" start_j="86" goal_i="94" goal_j="173"/>
    <agent start_i="143" start_j="176" goal_i="170" goal_j="100"/>
    <agent start_i="151" start_j="16" goal_i="109" goal_j="109"/>
    <agent start_i="218" start_j="104" goal_i="203" goal_j="219"/>
    <agent start_i="226" start_j="57" goal_i="103" goal_j="140"/>
</root>
