<?xml version="1.0" ?>
<root>
    <agent start_i="153" start_j="21" goal_i="194" goal_j="94"/>
    <agent start_i="81" start_j="117" goal_i="69" goal_j="187"/>
    <agent start_i="200" start_j="227" goal_i="53" goal_j="166"/>
    <agent start_i="88" start_j="64" goal_i="84" goal_j="183"/>
    <agent start_i="172" start_j="223" goal_i="168" goal_j="86"/>
    <agent start_i="153" start_j="99" goal_i="114" goal_j="115"/>
    <agent start_i="138" start_j="18" goal_i="142" goal_j="57"/>
    <agent start_i="196" start_j="68" goal_i="221" goal_j="97"/>
    <agent start_i="160" start_j="56" goal_i="163" goal_j="69"/>
    <agent start_i="209" start_j="95" goal_i="35" goal_j="192"/>
</root>
