<?xml version="1.0" ?>
<root>
    <agent start_i="73" start_j="235" goal_i="104" goal_j="87"/>
    <agent start_i="125" start_j="176" goal_i="59" goal_j="61"/>
    <agent start_i="193" start_j="99" goal_i="63" goal_j="45"/>
    <agent start_i="33" start_j="126" goal_i="177" goal_j="25"/>
    <agent start_i="127" start_j="221" goal_i="143" goal_j="79"/>
    <agent start_i="170" start_j="62" goal_i="158" goal_j="63"/>
    <agent start_i="226" start_j="86" goal_i="96" goal_j="176"/>
    <agent start_i="53" start_j="178" goal_i="187" goal_j="236"/>
    <agent start_i="21" start_j="239" goal_i="200" goal_j="244"/>
    <agent start_i="55" start_j="187" goal_i="195" goal_j="17"/>
</root>
