<?xml version="1.0" ?>
<root>
    <agent start_i="212" start_j="147" goal_i="89" goal_j="180"/>
    <agent start_i="71" start_j="40" goal_i="225" goal_j="64"/>
    <agent start_i="162" start_j="68" goal_i="33" goal_j="208"/>
    <agent start_i="39" start_j="55" goal_i="98" goal_j="81"/>
    <agent start_i="16" start_j="141" goal_i="182" goal_j="74"/>
    <agent start_i="158" start_j="156" goal_i="19" goal_j="139"/>
    <agent start_i="167" start_j="174" goal_i="77" goal_j="192"/>
    <agent start_i="54" start_j="213" goal_i="82" goal_j="62"/>
    <agent start_i="46" start_j="58" goal_i="152" goal_j="187"/>
    <agent start_i="169" start_j="119" goal_i="39" goal_j="174"/>
</root>
