<?xml version="1.0" ?>
<root>
    <agent start_i="92" start_j="221" goal_i="189" goal_j="74"/>
    <agent start_i="192" start_j="83" goal_i="98" goal_j="169"/>
    <agent start_i="53" start_j="89" goal_i="73" goal_j="241"/>
    <agent start_i="146" start_j="8" goal_i="35" goal_j="127"/>
    <agent start_i="203" start_j="11" goal_i="176" goal_j="166"/>
    <agent start_i="36" start_j="163" goal_i="203" goal_j="202"/>
    <agent start_i="35" start_j="127" goal_i="84" goal_j="108"/>
    <agent start_i="35" start_j="127" goal_i="53" goal_j="214"/>
    <agent start_i="35" start_j="127" goal_i="182" goal_j="222"/>
    <agent start_i="31" start_j="131" goal_i="222" goal_j="89"/>
</root>
