<?xml version="1.0" ?>
<root>
    <agent start_i="154" start_j="119" goal_i="26" goal_j="173"/>
    <agent start_i="131" start_j="169" goal_i="199" goal_j="198"/>
    <agent start_i="56" start_j="165" goal_i="58" goal_j="186"/>
    <agent start_i="110" start_j="150" goal_i="48" goal_j="165"/>
    <agent start_i="214" start_j="144" goal_i="98" goal_j="144"/>
    <agent start_i="50" start_j="120" goal_i="230" goal_j="72"/>
    <agent start_i="199" start_j="246" goal_i="26" goal_j="127"/>
    <agent start_i="51" start_j="114" goal_i="160" goal_j="185"/>
    <agent start_i="167" start_j="36" goal_i="118" goal_j="237"/>
    <agent start_i="109" start_j="135" goal_i="15" goal_j="138"/>
</root>
