<?xml version="1.0" ?>
<root>
    <agent start_i="146" start_j="96" goal_i="159" goal_j="181"/>
    <agent start_i="76" start_j="175" goal_i="44" goal_j="132"/>
    <agent start_i="179" start_j="217" goal_i="191" goal_j="86"/>
    <agent start_i="157" start_j="134" goal_i="180" goal_j="195"/>
    <agent start_i="41" start_j="240" goal_i="53" goal_j="50"/>
    <agent start_i="82" start_j="119" goal_i="177" goal_j="54"/>
    <agent start_i="93" start_j="118" goal_i="160" goal_j="107"/>
    <agent start_i="86" start_j="183" goal_i="212" goal_j="95"/>
    <agent start_i="90" start_j="92" goal_i="169" goal_j="70"/>
    <agent start_i="64" start_j="228" goal_i="58" goal_j="204"/>
</root>
