<?xml version="1.0" ?>
<root>
    <agent start_i="215" start_j="218" goal_i="53" goal_j="127"/>
    <agent start_i="216" start_j="88" goal_i="108" goal_j="169"/>
    <agent start_i="65" start_j="170" goal_i="62" goal_j="235"/>
    <agent start_i="148" start_j="44" goal_i="57" goal_j="62"/>
    <agent start_i="113" start_j="217" goal_i="152" goal_j="15"/>
    <agent start_i="199" start_j="80" goal_i="59" goal_j="64"/>
    <agent start_i="138" start_j="169" goal_i="149" goal_j="50"/>
    <agent start_i="107" start_j="133" goal_i="45" goal_j="208"/>
    <agent start_i="65" start_j="64" goal_i="212" goal_j="68"/>
    <agent start_i="222" start_j="223" goal_i="41" goal_j="247"/>
</root>
