<?xml version="1.0" ?>
<root>
    <agent start_i="151" start_j="12" goal_i="170" goal_j="54"/>
    <agent start_i="43" start_j="149" goal_i="95" goal_j="151"/>
    <agent start_i="92" start_j="62" goal_i="40" goal_j="95"/>
    <agent start_i="145" start_j="77" goal_i="159" goal_j="198"/>
    <agent start_i="103" start_j="112" goal_i="71" goal_j="202"/>
    <agent start_i="60" start_j="240" goal_i="116" goal_j="239"/>
    <agent start_i="147" start_j="76" goal_i="215" goal_j="78"/>
    <agent start_i="24" start_j="182" goal_i="26" goal_j="181"/>
    <agent start_i="105" start_j="131" goal_i="117" goal_j="221"/>
    <agent start_i="162" start_j="148" goal_i="44" goal_j="93"/>
</root>
