<?xml version="1.0" ?>
<root>
    <agent start_i="172" start_j="83" goal_i="103" goal_j="149"/>
    <agent start_i="18" start_j="240" goal_i="179" goal_j="147"/>
    <agent start_i="166" start_j="69" goal_i="99" goal_j="134"/>
    <agent start_i="44" start_j="190" goal_i="30" goal_j="180"/>
    <agent start_i="159" start_j="85" goal_i="46" goal_j="181"/>
    <agent start_i="154" start_j="50" goal_i="91" goal_j="125"/>
    <agent start_i="43" start_j="74" goal_i="127" goal_j="182"/>
    <agent start_i="139" start_j="41" goal_i="116" goal_j="225"/>
    <agent start_i="218" start_j="120" goal_i="169" goal_j="141"/>
    <agent start_i="157" start_j="121" goal_i="29" goal_j="174"/>
</root>
