<?xml version="1.0" ?>
<root>
    <agent start_i="144" start_j="161" goal_i="57" goal_j="222"/>
    <agent start_i="85" start_j="224" goal_i="85" goal_j="55"/>
    <agent start_i="167" start_j="103" goal_i="111" goal_j="115"/>
    <agent start_i="68" start_j="55" goal_i="74" goal_j="204"/>
    <agent start_i="197" start_j="18" goal_i="94" goal_j="181"/>
    <agent start_i="220" start_j="98" goal_i="206" goal_j="151"/>
    <agent start_i="50" start_j="118" goal_i="212" goal_j="228"/>
    <agent start_i="204" start_j="85" goal_i="141" goal_j="61"/>
    <agent start_i="131" start_j="251" goal_i="140" goal_j="57"/>
    <agent start_i="207" start_j="93" goal_i="140" goal_j="94"/>
</root>
