<?xml version="1.0" ?>
<root>
    <agent start_i="83" start_j="166" goal_i="132" goal_j="166"/>
    <agent start_i="202" start_j="215" goal_i="108" goal_j="94"/>
    <agent start_i="145" start_j="39" goal_i="168" goal_j="174"/>
    <agent start_i="175" start_j="10" goal_i="61" goal_j="96"/>
    <agent start_i="173" start_j="113" goal_i="105" goal_j="149"/>
    <agent start_i="191" start_j="241" goal_i="69" goal_j="184"/>
    <agent start_i="109" start_j="161" goal_i="111" goal_j="106"/>
    <agent start_i="165" start_j="85" goal_i="59" goal_j="185"/>
    <agent start_i="169" start_j="40" goal_i="44" goal_j="107"/>
    <agent start_i="66" start_j="127" goal_i="109" goal_j="159"/>
</root>
