<?xml version="1.0" ?>
<root>
    <agent start_i="106" start_j="153" goal_i="50" goal_j="76"/>
    <agent start_i="71" start_j="211" goal_i="160" goal_j="80"/>
    <agent start_i="225" start_j="70" goal_i="219" goal_j="226"/>
    <agent start_i="59" start_j="50" goal_i="211" goal_j="144"/>
    <agent start_i="43" start_j="50" goal_i="161" goal_j="184"/>
    <agent start_i="144" start_j="97" goal_i="69" goal_j="70"/>
    <agent start_i="173" start_j="124" goal_i="155" goal_j="33"/>
    <agent start_i="31" start_j="237" goal_i="117" goal_j="125"/>
    <agent start_i="159" start_j="20" goal_i="215" goal_j="78"/>
    <agent start_i="202" start_j="20" goal_i="20" goal_j="131"/>
</root>
