<?xml version="1.0" ?>
<root>
    <agent start_i="145" start_j="92" goal_i="159" goal_j="107"/>
    <agent start_i="95" start_j="159" goal_i="166" goal_j="135"/>
    <agent start_i="204" start_j="98" goal_i="192" goal_j="8"/>
    <agent start_i="38" start_j="134" goal_i="148" goal_j="95"/>
    <agent start_i="131" start_j="160" goal_i="230" goal_j="129"/>
    <agent start_i="23" start_j="181" goal_i="106" goal_j="126"/>
    <agent start_i="211" start_j="214" goal_i="217" goal_j="215"/>
    <agent start_i="67" start_j="214" goal_i="51" goal_j="125"/>
    <agent start_i="52" start_j="126" goal_i="28" goal_j="240"/>
    <agent start_i="86" start_j="131" goal_i="233" goal_j="154"/>
</root>
