<?xml version="1.0" ?>
<root>
    <agent start_i="55" start_j="104" goal_i="54" goal_j="84"/>
    <agent start_i="71" start_j="217" goal_i="186" goal_j="30"/>
    <agent start_i="214" start_j="209" goal_i="97" goal_j="229"/>
    <agent start_i="89" start_j="108" goal_i="49" goal_j="117"/>
    <agent start_i="134" start_j="52" goal_i="85" goal_j="85"/>
    <agent start_i="178" start_j="18" goal_i="45" goal_j="120"/>
    <agent start_i="91" start_j="171" goal_i="94" goal_j="228"/>
    <agent start_i="176" start_j="13" goal_i="103" goal_j="104"/>
    <agent start_i="44" start_j="128" goal_i="151" goal_j="43"/>
    <agent start_i="177" start_j="230" goal_i="184" goal_j="39"/>
</root>
