<?xml version="1.0" ?>
<root>
    <agent start_i="23" start_j="241" goal_i="37" goal_j="95"/>
    <agent start_i="153" start_j="173" goal_i="91" goal_j="240"/>
    <agent start_i="176" start_j="96" goal_i="41" goal_j="62"/>
    <agent start_i="103" start_j="166" goal_i="220" goal_j="143"/>
    <agent start_i="201" start_j="210" goal_i="171" goal_j="195"/>
    <agent start_i="228" start_j="102" goal_i="192" goal_j="220"/>
    <agent start_i="173" start_j="36" goal_i="133" goal_j="174"/>
    <agent start_i="57" start_j="178" goal_i="152" goal_j="184"/>
    <agent start_i="132" start_j="215" goal_i="157" goal_j="128"/>
    <agent start_i="104" start_j="219" goal_i="88" goal_j="158"/>
</root>
