<?xml version="1.0" ?>
<root>
    <agent start_i="137" start_j="62" goal_i="232" goal_j="110"/>
    <agent start_i="51" start_j="234" goal_i="173" goal_j="139"/>
    <agent start_i="232" start_j="106" goal_i="56" goal_j="192"/>
    <agent start_i="104" start_j="140" goal_i="162" goal_j="92"/>
    <agent start_i="90" start_j="88" goal_i="86" goal_j="240"/>
    <agent start_i="85" start_j="71" goal_i="100" goal_j="226"/>
    <agent start_i="64" start_j="191" goal_i="163" goal_j="7"/>
    <agent start_i="93" start_j="149" goal_i="83" goal_j="235"/>
    <agent start_i="72" start_j="63" goal_i="172" goal_j="58"/>
    <agent start_i="138" start_j="16" goal_i="174" goal_j="65"/>
</root>
