<?xml version="1.0" ?>
<root>
    <agent start_i="167" start_j="104" goal_i="190" goal_j="216"/>
    <agent start_i="123" start_j="167" goal_i="133" goal_j="164"/>
    <agent start_i="178" start_j="209" goal_i="221" goal_j="103"/>
    <agent start_i="188" start_j="70" goal_i="116" goal_j="158"/>
    <agent start_i="211" start_j="69" goal_i="22" goal_j="143"/>
    <agent start_i="136" start_j="248" goal_i="74" goal_j="64"/>
    <agent start_i="53" start_j="62" goal_i="144" goal_j="68"/>
    <agent start_i="206" start_j="9" goal_i="199" goal_j="79"/>
    <agent start_i="152" start_j="15" goal_i="143" goal_j="164"/>
    <agent start_i="205" start_j="146" goal_i="78" goal_j="240"/>
</root>
