<?xml version="1.0" ?>
<root>
    <agent start_i="27" start_j="182" goal_i="64" goal_j="233"/>
    <agent start_i="31" start_j="181" goal_i="153" goal_j="75"/>
    <agent start_i="87" start_j="162" goal_i="32" goal_j="203"/>
    <agent start_i="135" start_j="56" goal_i="76" goal_j="58"/>
    <agent start_i="36" start_j="181" goal_i="151" goal_j="145"/>
    <agent start_i="115" start_j="232" goal_i="89" goal_j="72"/>
    <agent start_i="67" start_j="200" goal_i="38" goal_j="150"/>
    <agent start_i="158" start_j="128" goal_i="201" goal_j="18"/>
    <agent start_i="159" start_j="27" goal_i="24" goal_j="144"/>
    <agent start_i="79" start_j="50" goal_i="190" goal_j="206"/>
</root>
