<?xml version="1.0" ?>
<root>
    <agent start_i="14" start_j="126" goal_i="203" goal_j="71"/>
    <agent start_i="151" start_j="42" goal_i="211" goal_j="241"/>
    <agent start_i="97" start_j="116" goal_i="44" goal_j="67"/>
    <agent start_i="161" start_j="111" goal_i="171" goal_j="50"/>
    <agent start_i="139" start_j="53" goal_i="208" goal_j="207"/>
    <agent start_i="28" start_j="237" goal_i="159" goal_j="26"/>
    <agent start_i="175" start_j="21" goal_i="212" goal_j="223"/>
    <agent start_i="89" start_j="223" goal_i="135" goal_j="43"/>
    <agent start_i="189" start_j="240" goal_i="87" goal_j="186"/>
    <agent start_i="222" start_j="72" goal_i="90" goal_j="123"/>
</root>
