<?xml version="1.0" ?>
<root>
    <agent start_i="214" start_j="18" goal_i="78" goal_j="212"/>
    <agent start_i="90" start_j="135" goal_i="180" goal_j="49"/>
    <agent start_i="195" start_j="240" goal_i="70" goal_j="192"/>
    <agent start_i="46" start_j="49" goal_i="65" goal_j="181"/>
    <agent start_i="213" start_j="121" goal_i="97" goal_j="122"/>
    <agent start_i="107" start_j="167" goal_i="60" goal_j="83"/>
    <agent start_i="94" start_j="99" goal_i="162" goal_j="127"/>
    <agent start_i="67" start_j="232" goal_i="85" goal_j="191"/>
    <agent start_i="174" start_j="201" goal_i="155" goal_j="66"/>
    <agent start_i="117" start_j="171" goal_i="84" goal_j="198"/>
</root>
