<?xml version="1.0" ?>
<root>
    <agent start_i="69" start_j="62" goal_i="105" goal_j="240"/>
    <agent start_i="202" start_j="148" goal_i="17" goal_j="153"/>
    <agent start_i="151" start_j="154" goal_i="106" goal_j="126"/>
    <agent start_i="128" start_j="224" goal_i="179" goal_j="220"/>
    <agent start_i="185" start_j="212" goal_i="176" goal_j="9"/>
    <agent start_i="8" start_j="243" goal_i="144" goal_j="160"/>
    <agent start_i="48" start_j="163" goal_i="231" goal_j="137"/>
    <agent start_i="179" start_j="22" goal_i="155" goal_j="129"/>
    <agent start_i="153" start_j="83" goal_i="212" goal_j="102"/>
    <agent start_i="71" start_j="204" goal_i="36" goal_j="203"/>
</root>
