<?xml version="1.0" ?>
<root>
    <agent start_i="157" start_j="117" goal_i="144" goal_j="16"/>
    <agent start_i="84" start_j="225" goal_i="69" goal_j="193"/>
    <agent start_i="36" start_j="140" goal_i="58" goal_j="122"/>
    <agent start_i="43" start_j="49" goal_i="134" goal_j="185"/>
    <agent start_i="70" start_j="170" goal_i="175" goal_j="157"/>
    <agent start_i="125" start_j="158" goal_i="36" goal_j="212"/>
    <agent start_i="53" start_j="185" goal_i="79" goal_j="197"/>
    <agent start_i="155" start_j="13" goal_i="36" goal_j="73"/>
    <agent start_i="99" start_j="129" goal_i="150" goal_j="156"/>
    <agent start_i="165" start_j="192" goal_i="71" goal_j="174"/>
</root>
