<?xml version="1.0" ?>
<root>
    <agent start_i="25" start_j="129" goal_i="30" goal_j="164"/>
    <agent start_i="197" start_j="11" goal_i="155" goal_j="35"/>
    <agent start_i="167" start_j="88" goal_i="148" goal_j="57"/>
    <agent start_i="98" start_j="144" goal_i="88" goal_j="161"/>
    <agent start_i="56" start_j="180" goal_i="137" goal_j="216"/>
    <agent start_i="28" start_j="250" goal_i="203" goal_j="92"/>
    <agent start_i="104" start_j="97" goal_i="198" goal_j="227"/>
    <agent start_i="181" start_j="36" goal_i="72" goal_j="204"/>
    <agent start_i="61" start_j="188" goal_i="109" goal_j="228"/>
    <agent start_i="76" start_j="87" goal_i="172" goal_j="77"/>
</root>
