<?xml version="1.0" ?>
<root>
    <agent start_i="179" start_j="205" goal_i="165" goal_j="117"/>
    <agent start_i="228" start_j="107" goal_i="137" goal_j="214"/>
    <agent start_i="188" start_j="15" goal_i="225" goal_j="142"/>
    <agent start_i="112" start_j="151" goal_i="223" goal_j="92"/>
    <agent start_i="87" start_j="222" goal_i="160" goal_j="145"/>
    <agent start_i="103" start_j="89" goal_i="96" goal_j="229"/>
    <agent start_i="222" start_j="135" goal_i="27" goal_j="235"/>
    <agent start_i="96" start_j="96" goal_i="104" goal_j="123"/>
    <agent start_i="39" start_j="238" goal_i="166" goal_j="126"/>
    <agent start_i="44" start_j="115" goal_i="119" goal_j="168"/>
</root>
