<?xml version="1.0" ?>
<root>
    <agent start_i="97" start_j="163" goal_i="146" goal_j="93"/>
    <agent start_i="33" start_j="97" goal_i="84" goal_j="44"/>
    <agent start_i="34" start_j="173" goal_i="99" goal_j="176"/>
    <agent start_i="163" start_j="51" goal_i="96" goal_j="129"/>
    <agent start_i="211" start_j="159" goal_i="169" goal_j="149"/>
    <agent start_i="175" start_j="217" goal_i="144" goal_j="21"/>
    <agent start_i="153" start_j="195" goal_i="88" goal_j="235"/>
    <agent start_i="137" start_j="252" goal_i="167" goal_j="182"/>
    <agent start_i="153" start_j="172" goal_i="180" goal_j="64"/>
    <agent start_i="112" start_j="145" goal_i="198" goal_j="73"/>
</root>
