<?xml version="1.0" ?>
<root>
    <agent start_i="95" start_j="65" goal_i="225" goal_j="128"/>
    <agent start_i="199" start_j="88" goal_i="170" goal_j="80"/>
    <agent start_i="173" start_j="71" goal_i="39" goal_j="235"/>
    <agent start_i="139" start_j="183" goal_i="72" goal_j="161"/>
    <agent start_i="170" start_j="53" goal_i="202" goal_j="237"/>
    <agent start_i="172" start_j="197" goal_i="170" goal_j="67"/>
    <agent start_i="89" start_j="224" goal_i="47" goal_j="68"/>
    <agent start_i="103" start_j="149" goal_i="137" goal_j="15"/>
    <agent start_i="184" start_j="169" goal_i="61" goal_j="246"/>
    <agent start_i="165" start_j="165" goal_i="203" goal_j="11"/>
</root>
