<?xml version="1.0" ?>
<root>
    <agent start_i="38" start_j="251" goal_i="92" goal_j="127"/>
    <agent start_i="35" start_j="185" goal_i="204" goal_j="234"/>
    <agent start_i="57" start_j="197" goal_i="206" goal_j="13"/>
    <agent start_i="150" start_j="39" goal_i="161" goal_j="196"/>
    <agent start_i="62" start_j="205" goal_i="144" goal_j="18"/>
    <agent start_i="73" start_j="31" goal_i="142" goal_j="29"/>
    <agent start_i="137" start_j="82" goal_i="152" goal_j="130"/>
    <agent start_i="180" start_j="25" goal_i="30" goal_j="143"/>
    <agent start_i="18" start_j="171" goal_i="115" goal_j="108"/>
    <agent start_i="50" start_j="124" goal_i="173" goal_j="147"/>
</root>
