<?xml version="1.0" ?>
<root>
    <agent start_i="108" start_j="180" goal_i="172" goal_j="66"/>
    <agent start_i="52" start_j="73" goal_i="54" goal_j="127"/>
    <agent start_i="159" start_j="139" goal_i="106" goal_j="98"/>
    <agent start_i="52" start_j="139" goal_i="221" goal_j="226"/>
    <agent start_i="188" start_j="219" goal_i="163" goal_j="127"/>
    <agent start_i="206" start_j="140" goal_i="200" goal_j="86"/>
    <agent start_i="58" start_j="70" goal_i="227" goal_j="80"/>
    <agent start_i="142" start_j="47" goal_i="142" goal_j="74"/>
    <agent start_i="180" start_j="225" goal_i="142" goal_j="101"/>
    <agent start_i="184" start_j="90" goal_i="92" goal_j="101"/>
</root>
