<?xml version="1.0" ?>
<root>
    <agent start_i="96" start_j="78" goal_i="18" goal_j="125"/>
    <agent start_i="47" start_j="160" goal_i="96" goal_j="95"/>
    <agent start_i="138" start_j="247" goal_i="75" goal_j="226"/>
    <agent start_i="155" start_j="116" goal_i="140" goal_j="95"/>
    <agent start_i="214" start_j="13" goal_i="197" goal_j="235"/>
    <agent start_i="202" start_j="95" goal_i="86" goal_j="117"/>
    <agent start_i="85" start_j="168" goal_i="175" goal_j="96"/>
    <agent start_i="97" start_j="104" goal_i="94" goal_j="224"/>
    <agent start_i="43" start_j="152" goal_i="171" goal_j="80"/>
    <agent start_i="89" start_j="188" goal_i="136" goal_j="42"/>
</root>
