<?xml version="1.0" ?>
<root>
    <agent start_i="229" start_j="126" goal_i="18" goal_j="124"/>
    <agent start_i="195" start_j="13" goal_i="173" goal_j="66"/>
    <agent start_i="226" start_j="102" goal_i="44" goal_j="70"/>
    <agent start_i="101" start_j="181" goal_i="96" goal_j="216"/>
    <agent start_i="44" start_j="244" goal_i="37" goal_j="173"/>
    <agent start_i="43" start_j="103" goal_i="169" goal_j="67"/>
    <agent start_i="91" start_j="129" goal_i="179" goal_j="195"/>
    <agent start_i="174" start_j="205" goal_i="73" goal_j="182"/>
    <agent start_i="162" start_j="83" goal_i="85" goal_j="244"/>
    <agent start_i="69" start_j="187" goal_i="153" goal_j="181"/>
</root>
