<?xml version="1.0" ?>
<root>
    <agent start_i="203" start_j="16" goal_i="99" goal_j="122"/>
    <agent start_i="176" start_j="76" goal_i="39" goal_j="216"/>
    <agent start_i="41" start_j="124" goal_i="21" goal_j="153"/>
    <agent start_i="140" start_j="48" goal_i="150" goal_j="158"/>
    <agent start_i="131" start_j="163" goal_i="94" goal_j="124"/>
    <agent start_i="166" start_j="171" goal_i="229" goal_j="136"/>
    <agent start_i="59" start_j="167" goal_i="163" goal_j="51"/>
    <agent start_i="213" start_j="151" goal_i="59" goal_j="61"/>
    <agent start_i="85" start_j="221" goal_i="31" goal_j="161"/>
    <agent start_i="27" start_j="239" goal_i="184" goal_j="80"/>
</root>
