<?xml version="1.0" ?>
<root>
    <agent start_i="168" start_j="70" goal_i="93" goal_j="106"/>
    <agent start_i="122" start_j="165" goal_i="136" goal_j="180"/>
    <agent start_i="57" start_j="80" goal_i="66" goal_j="34"/>
    <agent start_i="57" start_j="59" goal_i="182" goal_j="166"/>
    <agent start_i="86" start_j="179" goal_i="149" goal_j="162"/>
    <agent start_i="12" start_j="245" goal_i="105" goal_j="178"/>
    <agent start_i="205" start_j="229" goal_i="163" goal_j="139"/>
    <agent start_i="37" start_j="176" goal_i="64" goal_j="210"/>
    <agent start_i="183" start_j="92" goal_i="170" goal_j="105"/>
    <agent start_i="57" start_j="57" goal_i="102" goal_j="124"/>
</root>
