<?xml version="1.0" ?>
<root>
    <agent start_i="43" start_j="240" goal_i="39" goal_j="221"/>
    <agent start_i="72" start_j="36" goal_i="91" goal_j="203"/>
    <agent start_i="116" start_j="217" goal_i="144" goal_j="182"/>
    <agent start_i="154" start_j="168" goal_i="60" goal_j="192"/>
    <agent start_i="156" start_j="78" goal_i="42" goal_j="245"/>
    <agent start_i="37" start_j="120" goal_i="53" goal_j="198"/>
    <agent start_i="41" start_j="239" goal_i="160" goal_j="178"/>
    <agent start_i="153" start_j="145" goal_i="101" goal_j="119"/>
    <agent start_i="107" start_j="113" goal_i="177" goal_j="140"/>
    <agent start_i="51" start_j="219" goal_i="219" goal_j="79"/>
</root>
