<?xml version="1.0" ?>
<root>
    <agent start_i="81" start_j="109" goal_i="55" goal_j="168"/>
    <agent start_i="53" start_j="189" goal_i="90" goal_j="86"/>
    <agent start_i="147" start_j="43" goal_i="78" goal_j="185"/>
    <agent start_i="67" start_j="221" goal_i="90" goal_j="119"/>
    <agent start_i="80" start_j="228" goal_i="69" goal_j="179"/>
    <agent start_i="147" start_j="33" goal_i="94" goal_j="236"/>
    <agent start_i="205" start_j="137" goal_i="211" goal_j="230"/>
    <agent start_i="160" start_j="124" goal_i="197" goal_j="227"/>
    <agent start_i="148" start_j="81" goal_i="177" goal_j="67"/>
    <agent start_i="78" start_j="39" goal_i="27" goal_j="184"/>
</root>
