<?xml version="1.0" ?>
<root>
    <agent start_i="186" start_j="33" goal_i="144" goal_j="151"/>
    <agent start_i="164" start_j="132" goal_i="81" goal_j="107"/>
    <agent start_i="83" start_j="75" goal_i="23" goal_j="162"/>
    <agent start_i="150" start_j="99" goal_i="44" goal_j="235"/>
    <agent start_i="34" start_j="105" goal_i="191" goal_j="220"/>
    <agent start_i="99" start_j="110" goal_i="52" goal_j="72"/>
    <agent start_i="169" start_j="193" goal_i="128" goal_j="237"/>
    <agent start_i="58" start_j="125" goal_i="149" goal_j="35"/>
    <agent start_i="73" start_j="212" goal_i="167" goal_j="129"/>
    <agent start_i="94" start_j="243" goal_i="93" goal_j="144"/>
</root>
