<?xml version="1.0" ?>
<root>
    <agent start_i="236" start_j="65" goal_i="180" goal_j="80"/>
    <agent start_i="41" start_j="100" goal_i="163" goal_j="62"/>
    <agent start_i="85" start_j="238" goal_i="81" goal_j="196"/>
    <agent start_i="77" start_j="65" goal_i="224" goal_j="75"/>
    <agent start_i="154" start_j="88" goal_i="195" goal_j="208"/>
    <agent start_i="41" start_j="182" goal_i="34" goal_j="127"/>
    <agent start_i="123" start_j="235" goal_i="152" goal_j="83"/>
    <agent start_i="217" start_j="104" goal_i="202" goal_j="140"/>
    <agent start_i="75" start_j="226" goal_i="53" goal_j="247"/>
    <agent start_i="196" start_j="80" goal_i="12" goal_j="240"/>
</root>
