<?xml version="1.0" ?>
<root>
    <agent start_i="45" start_j="218" goal_i="86" goal_j="78"/>
    <agent start_i="183" start_j="82" goal_i="40" goal_j="166"/>
    <agent start_i="209" start_j="76" goal_i="163" goal_j="28"/>
    <agent start_i="91" start_j="176" goal_i="164" goal_j="94"/>
    <agent start_i="164" start_j="36" goal_i="66" goal_j="238"/>
    <agent start_i="171" start_j="70" goal_i="81" goal_j="47"/>
    <agent start_i="62" start_j="217" goal_i="140" goal_j="41"/>
    <agent start_i="169" start_j="37" goal_i="175" goal_j="178"/>
    <agent start_i="169" start_j="154" goal_i="16" goal_j="240"/>
    <agent start_i="213" start_j="129" goal_i="145" goal_j="71"/>
</root>
