<?xml version="1.0" ?>
<root>
    <agent start_i="172" start_j="220" goal_i="54" goal_j="245"/>
    <agent start_i="155" start_j="15" goal_i="65" goal_j="235"/>
    <agent start_i="56" start_j="84" goal_i="90" goal_j="239"/>
    <agent start_i="54" start_j="244" goal_i="75" goal_j="13"/>
    <agent start_i="147" start_j="97" goal_i="35" goal_j="213"/>
    <agent start_i="157" start_j="93" goal_i="42" goal_j="204"/>
    <agent start_i="127" start_j="221" goal_i="143" goal_j="79"/>
    <agent start_i="130" start_j="161" goal_i="126" goal_j="241"/>
    <agent start_i="161" start_j="135" goal_i="162" goal_j="18"/>
    <agent start_i="64" start_j="55" goal_i="71" goal_j="180"/>
</root>
