<?xml version="1.0" ?>
<root>
    <agent start_i="46" start_j="116" goal_i="200" goal_j="202"/>
    <agent start_i="131" start_j="214" goal_i="166" goal_j="128"/>
    <agent start_i="163" start_j="183" goal_i="83" goal_j="105"/>
    <agent start_i="93" start_j="113" goal_i="71" goal_j="234"/>
    <agent start_i="164" start_j="71" goal_i="232" goal_j="97"/>
    <agent start_i="108" start_j="164" goal_i="147" goal_j="25"/>
    <agent start_i="162" start_j="57" goal_i="77" goal_j="85"/>
    <agent start_i="31" start_j="160" goal_i="105" goal_j="216"/>
    <agent start_i="133" start_j="54" goal_i="209" goal_j="218"/>
    <agent start_i="226" start_j="87" goal_i="150" goal_j="181"/>
</root>
