<?xml version="1.0" ?>
<root>
    <agent start_i="102" start_j="223" goal_i="202" goal_j="70"/>
    <agent start_i="176" start_j="59" goal_i="53" goal_j="82"/>
    <agent start_i="82" start_j="211" goal_i="95" goal_j="230"/>
    <agent start_i="21" start_j="173" goal_i="83" goal_j="241"/>
    <agent start_i="151" start_j="44" goal_i="74" goal_j="67"/>
    <agent start_i="46" start_j="60" goal_i="224" goal_j="71"/>
    <agent start_i="213" start_j="76" goal_i="73" goal_j="228"/>
    <agent start_i="112" start_j="218" goal_i="156" goal_j="18"/>
    <agent start_i="57" start_j="47" goal_i="143" goal_j="72"/>
    <agent start_i="148" start_j="86" goal_i="210" goal_j="71"/>
</root>
