<?xml version="1.0" ?>
<root>
    <agent start_i="229" start_j="112" goal_i="213" goal_j="10"/>
    <agent start_i="176" start_j="216" goal_i="178" goal_j="41"/>
    <agent start_i="143" start_j="187" goal_i="60" goal_j="92"/>
    <agent start_i="207" start_j="214" goal_i="97" goal_j="175"/>
    <agent start_i="117" start_j="182" goal_i="196" goal_j="244"/>
    <agent start_i="97" start_j="142" goal_i="161" goal_j="39"/>
    <agent start_i="163" start_j="139" goal_i="94" goal_j="64"/>
    <agent start_i="193" start_j="7" goal_i="45" goal_j="57"/>
    <agent start_i="156" start_j="123" goal_i="89" goal_j="71"/>
    <agent start_i="232" start_j="101" goal_i="114" goal_j="244"/>
</root>
