<?xml version="1.0" ?>
<root>
    <agent start_i="6" start_j="243" goal_i="177" goal_j="185"/>
    <agent start_i="91" start_j="219" goal_i="200" goal_j="228"/>
    <agent start_i="162" start_j="121" goal_i="93" goal_j="130"/>
    <agent start_i="180" start_j="184" goal_i="223" goal_j="114"/>
    <agent start_i="72" start_j="227" goal_i="170" goal_j="17"/>
    <agent start_i="56" start_j="82" goal_i="178" goal_j="138"/>
    <agent start_i="53" start_j="220" goal_i="216" goal_j="147"/>
    <agent start_i="210" start_j="6" goal_i="36" goal_j="99"/>
    <agent start_i="176" start_j="203" goal_i="182" goal_j="215"/>
    <agent start_i="83" start_j="199" goal_i="87" goal_j="217"/>
</root>
