<?xml version="1.0" ?>
<root>
    <agent start_i="133" start_j="187" goal_i="142" goal_j="174"/>
    <agent start_i="84" start_j="107" goal_i="68" goal_j="167"/>
    <agent start_i="185" start_j="19" goal_i="102" goal_j="110"/>
    <agent start_i="96" start_j="88" goal_i="183" goal_j="207"/>
    <agent start_i="150" start_j="175" goal_i="141" goal_j="84"/>
    <agent start_i="158" start_j="72" goal_i="182" goal_j="31"/>
    <agent start_i="188" start_j="95" goal_i="107" goal_j="84"/>
    <agent start_i="56" start_j="65" goal_i="156" goal_j="46"/>
    <agent start_i="182" start_j="84" goal_i="79" goal_j="57"/>
    <agent start_i="193" start_j="18" goal_i="79" goal_j="44"/>
</root>
