<?xml version="1.0" ?>
<root>
    <agent start_i="86" start_j="90" goal_i="193" goal_j="229"/>
    <agent start_i="20" start_j="173" goal_i="65" goal_j="200"/>
    <agent start_i="103" start_j="221" goal_i="158" goal_j="69"/>
    <agent start_i="58" start_j="53" goal_i="230" goal_j="96"/>
    <agent start_i="160" start_j="142" goal_i="54" goal_j="237"/>
    <agent start_i="17" start_j="177" goal_i="168" goal_j="63"/>
    <agent start_i="155" start_j="116" goal_i="140" goal_j="95"/>
    <agent start_i="218" start_j="91" goal_i="73" goal_j="63"/>
    <agent start_i="170" start_j="120" goal_i="227" goal_j="110"/>
    <agent start_i="182" start_j="202" goal_i="160" goal_j="192"/>
</root>
