<?xml version="1.0" ?>
<root>
    <agent start_i="43" start_j="219" goal_i="33" goal_j="109"/>
    <agent start_i="88" start_j="184" goal_i="94" goal_j="153"/>
    <agent start_i="151" start_j="60" goal_i="110" goal_j="241"/>
    <agent start_i="163" start_j="202" goal_i="226" goal_j="115"/>
    <agent start_i="62" start_j="183" goal_i="102" goal_j="130"/>
    <agent start_i="130" start_j="213" goal_i="99" goal_j="128"/>
    <agent start_i="88" start_j="168" goal_i="164" goal_j="142"/>
    <agent start_i="75" start_j="69" goal_i="81" goal_j="209"/>
    <agent start_i="128" start_j="224" goal_i="179" goal_j="220"/>
    <agent start_i="36" start_j="72" goal_i="119" goal_j="226"/>
</root>
