<?xml version="1.0" ?>
<root>
    <agent start_i="110" start_j="237" goal_i="26" goal_j="138"/>
    <agent start_i="168" start_j="66" goal_i="130" goal_j="219"/>
    <agent start_i="54" start_j="79" goal_i="82" goal_j="107"/>
    <agent start_i="174" start_j="41" goal_i="100" goal_j="77"/>
    <agent start_i="67" start_j="199" goal_i="37" goal_j="96"/>
    <agent start_i="145" start_j="98" goal_i="96" goal_j="235"/>
    <agent start_i="206" start_j="147" goal_i="58" goal_j="198"/>
    <agent start_i="161" start_j="133" goal_i="195" goal_j="77"/>
    <agent start_i="152" start_j="149" goal_i="195" goal_j="208"/>
    <agent start_i="183" start_j="14" goal_i="232" goal_j="69"/>
</root>
