<?xml version="1.0" ?>
<root>
    <agent start_i="154" start_j="59" goal_i="73" goal_j="229"/>
    <agent start_i="57" start_j="125" goal_i="124" goal_j="173"/>
    <agent start_i="47" start_j="100" goal_i="190" goal_j="85"/>
    <agent start_i="90" start_j="189" goal_i="176" goal_j="168"/>
    <agent start_i="80" start_j="167" goal_i="161" goal_j="101"/>
    <agent start_i="10" start_j="235" goal_i="184" goal_j="73"/>
    <agent start_i="90" start_j="182" goal_i="183" goal_j="17"/>
    <agent start_i="194" start_j="204" goal_i="100" goal_j="184"/>
    <agent start_i="18" start_j="124" goal_i="61" goal_j="213"/>
    <agent start_i="91" start_j="95" goal_i="175" goal_j="61"/>
</root>
