<?xml version="1.0" ?>
<root>
    <agent start_i="99" start_j="96" goal_i="143" goal_j="15"/>
    <agent start_i="142" start_j="151" goal_i="70" goal_j="33"/>
    <agent start_i="57" start_j="74" goal_i="108" goal_j="145"/>
    <agent start_i="228" start_j="116" goal_i="222" goal_j="119"/>
    <agent start_i="162" start_j="88" goal_i="145" goal_j="188"/>
    <agent start_i="183" start_j="88" goal_i="176" goal_j="162"/>
    <agent start_i="93" start_j="143" goal_i="209" goal_j="80"/>
    <agent start_i="100" start_j="90" goal_i="61" goal_j="211"/>
    <agent start_i="145" start_j="27" goal_i="86" goal_j="95"/>
    <agent start_i="60" start_j="205" goal_i="164" goal_j="183"/>
</root>
