<?xml version="1.0" ?>
<root>
    <agent start_i="42" start_j="198" goal_i="37" goal_j="249"/>
    <agent start_i="57" start_j="68" goal_i="183" goal_j="172"/>
    <agent start_i="149" start_j="79" goal_i="121" goal_j="221"/>
    <agent start_i="127" start_j="181" goal_i="214" goal_j="91"/>
    <agent start_i="182" start_j="228" goal_i="52" goal_j="155"/>
    <agent start_i="165" start_j="142" goal_i="154" goal_j="121"/>
    <agent start_i="156" start_j="139" goal_i="95" goal_j="58"/>
    <agent start_i="218" start_j="154" goal_i="83" goal_j="188"/>
    <agent start_i="152" start_j="14" goal_i="154" goal_j="70"/>
    <agent start_i="16" start_j="137" goal_i="68" goal_j="205"/>
</root>
