<?xml version="1.0" ?>
<root>
    <agent start_i="209" start_j="228" goal_i="177" goal_j="27"/>
    <agent start_i="214" start_j="77" goal_i="186" goal_j="210"/>
    <agent start_i="157" start_j="52" goal_i="113" goal_j="122"/>
    <agent start_i="33" start_j="113" goal_i="72" goal_j="217"/>
    <agent start_i="141" start_j="38" goal_i="85" goal_j="220"/>
    <agent start_i="177" start_j="202" goal_i="202" goal_j="92"/>
    <agent start_i="203" start_j="146" goal_i="195" goal_j="208"/>
    <agent start_i="184" start_j="37" goal_i="122" goal_j="228"/>
    <agent start_i="56" start_j="188" goal_i="193" goal_j="222"/>
    <agent start_i="184" start_j="19" goal_i="165" goal_j="163"/>
</root>
