<?xml version="1.0" ?>
<root>
    <agent start_i="58" start_j="57" goal_i="149" goal_j="179"/>
    <agent start_i="224" start_j="118" goal_i="179" goal_j="178"/>
    <agent start_i="144" start_j="146" goal_i="155" goal_j="185"/>
    <agent start_i="67" start_j="47" goal_i="183" goal_j="89"/>
    <agent start_i="170" start_j="123" goal_i="75" goal_j="165"/>
    <agent start_i="97" start_j="225" goal_i="162" goal_j="123"/>
    <agent start_i="115" start_j="148" goal_i="37" goal_j="217"/>
    <agent start_i="62" start_j="184" goal_i="142" goal_j="49"/>
    <agent start_i="99" start_j="219" goal_i="107" goal_j="165"/>
    <agent start_i="219" start_j="127" goal_i="26" goal_j="162"/>
</root>
