<?xml version="1.0" ?>
<root>
    <agent start_i="109" start_j="236" goal_i="102" goal_j="182"/>
    <agent start_i="184" start_j="10" goal_i="156" goal_j="141"/>
    <agent start_i="36" start_j="134" goal_i="80" goal_j="184"/>
    <agent start_i="189" start_j="18" goal_i="228" goal_j="102"/>
    <agent start_i="98" start_j="243" goal_i="33" goal_j="98"/>
    <agent start_i="81" start_j="100" goal_i="166" goal_j="112"/>
    <agent start_i="88" start_j="179" goal_i="69" goal_j="222"/>
    <agent start_i="45" start_j="154" goal_i="83" goal_j="187"/>
    <agent start_i="56" start_j="212" goal_i="81" goal_j="103"/>
    <agent start_i="151" start_j="40" goal_i="102" goal_j="149"/>
</root>
