<?xml version="1.0" ?>
<root>
    <agent start_i="183" start_j="56" goal_i="61" goal_j="130"/>
    <agent start_i="80" start_j="180" goal_i="159" goal_j="54"/>
    <agent start_i="12" start_j="125" goal_i="89" goal_j="122"/>
    <agent start_i="212" start_j="147" goal_i="89" goal_j="180"/>
    <agent start_i="160" start_j="120" goal_i="94" goal_j="112"/>
    <agent start_i="149" start_j="51" goal_i="59" goal_j="94"/>
    <agent start_i="110" start_j="121" goal_i="163" goal_j="61"/>
    <agent start_i="161" start_j="11" goal_i="108" goal_j="98"/>
    <agent start_i="81" start_j="79" goal_i="146" goal_j="88"/>
    <agent start_i="175" start_j="164" goal_i="84" goal_j="108"/>
</root>
