<?xml version="1.0" ?>
<root>
    <agent start_i="105" start_j="222" goal_i="56" goal_j="158"/>
    <agent start_i="167" start_j="129" goal_i="60" goal_j="177"/>
    <agent start_i="157" start_j="111" goal_i="51" goal_j="182"/>
    <agent start_i="51" start_j="241" goal_i="82" goal_j="162"/>
    <agent start_i="168" start_j="65" goal_i="155" goal_j="98"/>
    <agent start_i="185" start_j="231" goal_i="129" goal_j="231"/>
    <agent start_i="160" start_j="193" goal_i="84" goal_j="54"/>
    <agent start_i="38" start_j="195" goal_i="112" goal_j="174"/>
    <agent start_i="60" start_j="74" goal_i="93" goal_j="239"/>
    <agent start_i="29" start_j="157" goal_i="50" goal_j="131"/>
</root>
