<?xml version="1.0" ?>
<root>
    <agent start_i="219" start_j="134" goal_i="50" goal_j="155"/>
    <agent start_i="43" start_j="243" goal_i="106" goal_j="100"/>
    <agent start_i="178" start_j="62" goal_i="37" goal_j="116"/>
    <agent start_i="45" start_j="120" goal_i="154" goal_j="20"/>
    <agent start_i="67" start_j="190" goal_i="58" goal_j="51"/>
    <agent start_i="205" start_j="98" goal_i="72" goal_j="180"/>
    <agent start_i="41" start_j="172" goal_i="140" goal_j="79"/>
    <agent start_i="25" start_j="145" goal_i="185" goal_j="18"/>
    <agent start_i="62" start_j="177" goal_i="149" goal_j="30"/>
    <agent start_i="164" start_j="162" goal_i="52" goal_j="242"/>
</root>
