<?xml version="1.0" ?>
<root>
    <agent start_i="94" start_j="92" goal_i="99" goal_j="102"/>
    <agent start_i="203" start_j="219" goal_i="33" goal_j="117"/>
    <agent start_i="40" start_j="102" goal_i="104" goal_j="146"/>
    <agent start_i="187" start_j="214" goal_i="199" goal_j="212"/>
    <agent start_i="176" start_j="15" goal_i="163" goal_j="16"/>
    <agent start_i="111" start_j="226" goal_i="79" goal_j="73"/>
    <agent start_i="197" start_j="99" goal_i="47" goal_j="246"/>
    <agent start_i="136" start_j="178" goal_i="173" goal_j="141"/>
    <agent start_i="52" start_j="218" goal_i="159" goal_j="25"/>
    <agent start_i="49" start_j="70" goal_i="103" goal_j="147"/>
</root>
