<?xml version="1.0" ?>
<root>
    <agent start_i="48" start_j="109" goal_i="184" goal_j="10"/>
    <agent start_i="39" start_j="108" goal_i="70" goal_j="211"/>
    <agent start_i="51" start_j="238" goal_i="37" goal_j="241"/>
    <agent start_i="204" start_j="215" goal_i="152" goal_j="67"/>
    <agent start_i="168" start_j="84" goal_i="162" goal_j="76"/>
    <agent start_i="50" start_j="90" goal_i="87" goal_j="79"/>
    <agent start_i="192" start_j="220" goal_i="58" goal_j="196"/>
    <agent start_i="142" start_j="44" goal_i="218" goal_j="134"/>
    <agent start_i="182" start_j="196" goal_i="166" goal_j="118"/>
    <agent start_i="205" start_j="85" goal_i="97" goal_j="217"/>
</root>
