<?xml version="1.0" ?>
<root>
    <agent start_i="103" start_j="99" goal_i="142" goal_j="152"/>
    <agent start_i="166" start_j="77" goal_i="174" goal_j="13"/>
    <agent start_i="179" start_j="206" goal_i="99" goal_j="240"/>
    <agent start_i="193" start_j="209" goal_i="181" goal_j="86"/>
    <agent start_i="108" start_j="236" goal_i="141" goal_j="68"/>
    <agent start_i="209" start_j="141" goal_i="175" goal_j="96"/>
    <agent start_i="213" start_j="149" goal_i="167" goal_j="79"/>
    <agent start_i="155" start_j="15" goal_i="65" goal_j="235"/>
    <agent start_i="143" start_j="72" goal_i="41" goal_j="152"/>
    <agent start_i="167" start_j="30" goal_i="85" goal_j="93"/>
</root>
