<?xml version="1.0" ?>
<root>
    <agent start_i="70" start_j="189" goal_i="207" goal_j="93"/>
    <agent start_i="72" start_j="63" goal_i="172" goal_j="58"/>
    <agent start_i="103" start_j="179" goal_i="195" goal_j="218"/>
    <agent start_i="143" start_j="49" goal_i="162" goal_j="9"/>
    <agent start_i="138" start_j="180" goal_i="156" goal_j="38"/>
    <agent start_i="66" start_j="171" goal_i="38" goal_j="124"/>
    <agent start_i="13" start_j="248" goal_i="121" goal_j="178"/>
    <agent start_i="32" start_j="166" goal_i="147" goal_j="177"/>
    <agent start_i="165" start_j="64" goal_i="150" goal_j="51"/>
    <agent start_i="98" start_j="67" goal_i="219" goal_j="119"/>
</root>
