<?xml version="1.0" ?>
<root>
    <agent start_i="141" start_j="105" goal_i="85" goal_j="198"/>
    <agent start_i="181" start_j="164" goal_i="64" goal_j="173"/>
    <agent start_i="28" start_j="234" goal_i="93" goal_j="84"/>
    <agent start_i="75" start_j="201" goal_i="101" goal_j="170"/>
    <agent start_i="177" start_j="79" goal_i="166" goal_j="141"/>
    <agent start_i="211" start_j="14" goal_i="224" goal_j="102"/>
    <agent start_i="225" start_j="67" goal_i="191" goal_j="68"/>
    <agent start_i="99" start_j="102" goal_i="11" goal_j="242"/>
    <agent start_i="210" start_j="238" goal_i="108" goal_j="155"/>
    <agent start_i="183" start_j="206" goal_i="73" goal_j="72"/>
</root>
