<?xml version="1.0" ?>
<root>
    <agent start_i="58" start_j="76" goal_i="118" goal_j="237"/>
    <agent start_i="41" start_j="179" goal_i="51" goal_j="158"/>
    <agent start_i="142" start_j="82" goal_i="52" goal_j="183"/>
    <agent start_i="24" start_j="147" goal_i="175" goal_j="186"/>
    <agent start_i="196" start_j="15" goal_i="177" goal_j="56"/>
    <agent start_i="42" start_j="216" goal_i="166" goal_j="11"/>
    <agent start_i="162" start_j="148" goal_i="44" goal_j="93"/>
    <agent start_i="103" start_j="161" goal_i="188" goal_j="18"/>
    <agent start_i="239" start_j="65" goal_i="40" goal_j="63"/>
    <agent start_i="191" start_j="216" goal_i="97" goal_j="110"/>
</root>
