<?xml version="1.0" ?>
<root>
    <agent start_i="92" start_j="158" goal_i="165" goal_j="17"/>
    <agent start_i="54" start_j="74" goal_i="181" goal_j="82"/>
    <agent start_i="32" start_j="72" goal_i="157" goal_j="100"/>
    <agent start_i="42" start_j="80" goal_i="219" goal_j="149"/>
    <agent start_i="190" start_j="206" goal_i="67" goal_j="202"/>
    <agent start_i="127" start_j="232" goal_i="210" goal_j="9"/>
    <agent start_i="42" start_j="58" goal_i="44" goal_j="206"/>
    <agent start_i="57" start_j="236" goal_i="95" goal_j="126"/>
    <agent start_i="151" start_j="79" goal_i="226" goal_j="120"/>
    <agent start_i="88" start_j="75" goal_i="165" goal_j="37"/>
</root>
