<?xml version="1.0" ?>
<root>
    <agent start_i="146" start_j="186" goal_i="155" goal_j="11"/>
    <agent start_i="29" start_j="140" goal_i="88" goal_j="130"/>
    <agent start_i="131" start_j="220" goal_i="81" goal_j="187"/>
    <agent start_i="56" start_j="194" goal_i="89" goal_j="241"/>
    <agent start_i="97" start_j="125" goal_i="166" goal_j="60"/>
    <agent start_i="63" start_j="41" goal_i="168" goal_j="87"/>
    <agent start_i="61" start_j="232" goal_i="82" goal_j="88"/>
    <agent start_i="91" start_j="63" goal_i="83" goal_j="102"/>
    <agent start_i="62" start_j="212" goal_i="88" goal_j="244"/>
    <agent start_i="81" start_j="56" goal_i="196" goal_j="97"/>
</root>
