<?xml version="1.0" ?>
<root>
    <agent start_i="231" start_j="105" goal_i="126" goal_j="230"/>
    <agent start_i="178" start_j="137" goal_i="143" goal_j="62"/>
    <agent start_i="209" start_j="100" goal_i="78" goal_j="228"/>
    <agent start_i="44" start_j="67" goal_i="94" goal_j="236"/>
    <agent start_i="105" start_j="119" goal_i="74" goal_j="231"/>
    <agent start_i="226" start_j="110" goal_i="20" goal_j="139"/>
    <agent start_i="75" start_j="225" goal_i="47" goal_j="105"/>
    <agent start_i="146" start_j="56" goal_i="92" goal_j="104"/>
    <agent start_i="199" start_j="89" goal_i="200" goal_j="10"/>
    <agent start_i="49" start_j="238" goal_i="217" goal_j="127"/>
</root>
