<?xml version="1.0" ?>
<root>
    <agent start_i="80" start_j="178" goal_i="17" goal_j="154"/>
    <agent start_i="94" start_j="70" goal_i="125" goal_j="244"/>
    <agent start_i="86" start_j="177" goal_i="173" goal_j="67"/>
    <agent start_i="114" start_j="103" goal_i="39" goal_j="245"/>
    <agent start_i="14" start_j="249" goal_i="206" goal_j="229"/>
    <agent start_i="106" start_j="154" goal_i="196" goal_j="77"/>
    <agent start_i="232" start_j="67" goal_i="74" goal_j="172"/>
    <agent start_i="74" start_j="42" goal_i="74" goal_j="55"/>
    <agent start_i="188" start_j="36" goal_i="115" goal_j="150"/>
    <agent start_i="40" start_j="54" goal_i="84" goal_j="120"/>
</root>
