<?xml version="1.0" ?>
<root>
    <agent start_i="155" start_j="171" goal_i="71" goal_j="34"/>
    <agent start_i="94" start_j="101" goal_i="160" goal_j="116"/>
    <agent start_i="168" start_j="107" goal_i="95" goal_j="69"/>
    <agent start_i="84" start_j="211" goal_i="93" goal_j="61"/>
    <agent start_i="113" start_j="171" goal_i="143" goal_j="69"/>
    <agent start_i="215" start_j="127" goal_i="89" goal_j="121"/>
    <agent start_i="67" start_j="57" goal_i="217" goal_j="106"/>
    <agent start_i="56" start_j="165" goal_i="58" goal_j="186"/>
    <agent start_i="162" start_j="39" goal_i="43" goal_j="76"/>
    <agent start_i="217" start_j="113" goal_i="85" goal_j="206"/>
</root>
