<?xml version="1.0" ?>
<root>
    <agent start_i="204" start_j="201" goal_i="30" goal_j="160"/>
    <agent start_i="168" start_j="12" goal_i="196" goal_j="73"/>
    <agent start_i="51" start_j="113" goal_i="203" goal_j="195"/>
    <agent start_i="57" start_j="182" goal_i="173" goal_j="78"/>
    <agent start_i="87" start_j="101" goal_i="150" goal_j="68"/>
    <agent start_i="81" start_j="214" goal_i="78" goal_j="176"/>
    <agent start_i="182" start_j="31" goal_i="60" goal_j="177"/>
    <agent start_i="177" start_j="214" goal_i="225" goal_j="92"/>
    <agent start_i="165" start_j="55" goal_i="104" goal_j="132"/>
    <agent start_i="143" start_j="91" goal_i="185" goal_j="89"/>
</root>
