<?xml version="1.0" ?>
<root>
    <agent start_i="225" start_j="124" goal_i="33" goal_j="186"/>
    <agent start_i="8" start_j="138" goal_i="94" goal_j="238"/>
    <agent start_i="73" start_j="182" goal_i="162" goal_j="126"/>
    <agent start_i="181" start_j="24" goal_i="138" goal_j="170"/>
    <agent start_i="163" start_j="73" goal_i="42" goal_j="74"/>
    <agent start_i="68" start_j="127" goal_i="75" goal_j="219"/>
    <agent start_i="232" start_j="94" goal_i="50" goal_j="148"/>
    <agent start_i="53" start_j="245" goal_i="155" goal_j="177"/>
    <agent start_i="152" start_j="24" goal_i="53" goal_j="78"/>
    <agent start_i="30" start_j="131" goal_i="143" goal_j="149"/>
</root>
