<?xml version="1.0" ?>
<root>
    <agent start_i="41" start_j="107" goal_i="76" goal_j="222"/>
    <agent start_i="33" start_j="195" goal_i="53" goal_j="218"/>
    <agent start_i="72" start_j="35" goal_i="72" goal_j="9"/>
    <agent start_i="33" start_j="84" goal_i="105" goal_j="236"/>
    <agent start_i="175" start_j="84" goal_i="198" goal_j="200"/>
    <agent start_i="147" start_j="56" goal_i="53" goal_j="188"/>
    <agent start_i="85" start_j="157" goal_i="44" goal_j="98"/>
    <agent start_i="110" start_j="228" goal_i="203" goal_j="13"/>
    <agent start_i="36" start_j="179" goal_i="154" goal_j="24"/>
    <agent start_i="177" start_j="24" goal_i="205" goal_j="208"/>
</root>
