<?xml version="1.0" ?>
<root>
    <agent start_i="207" start_j="232" goal_i="97" goal_j="105"/>
    <agent start_i="29" start_j="143" goal_i="93" goal_j="179"/>
    <agent start_i="81" start_j="229" goal_i="85" goal_j="84"/>
    <agent start_i="117" start_j="161" goal_i="165" goal_j="30"/>
    <agent start_i="169" start_j="43" goal_i="48" goal_j="58"/>
    <agent start_i="92" start_j="110" goal_i="61" goal_j="130"/>
    <agent start_i="66" start_j="195" goal_i="226" goal_j="61"/>
    <agent start_i="56" start_j="101" goal_i="189" goal_j="76"/>
    <agent start_i="154" start_j="87" goal_i="106" goal_j="83"/>
    <agent start_i="133" start_j="173" goal_i="156" goal_j="106"/>
</root>
