<?xml version="1.0" ?>
<root>
    <agent start_i="48" start_j="246" goal_i="100" goal_j="98"/>
    <agent start_i="128" start_j="171" goal_i="194" goal_j="230"/>
    <agent start_i="69" start_j="220" goal_i="209" goal_j="138"/>
    <agent start_i="25" start_j="124" goal_i="88" goal_j="177"/>
    <agent start_i="99" start_j="144" goal_i="195" goal_j="17"/>
    <agent start_i="55" start_j="47" goal_i="138" goal_j="57"/>
    <agent start_i="164" start_j="81" goal_i="152" goal_j="160"/>
    <agent start_i="162" start_j="7" goal_i="147" goal_j="43"/>
    <agent start_i="125" start_j="163" goal_i="55" goal_j="221"/>
    <agent start_i="109" start_j="232" goal_i="147" goal_j="41"/>
</root>
