<?xml version="1.0" ?>
<root>
    <agent start_i="190" start_j="85" goal_i="159" goal_j="176"/>
    <agent start_i="209" start_j="92" goal_i="168" goal_j="65"/>
    <agent start_i="161" start_j="69" goal_i="188" goal_j="219"/>
    <agent start_i="36" start_j="63" goal_i="18" goal_j="143"/>
    <agent start_i="152" start_j="107" goal_i="55" goal_j="188"/>
    <agent start_i="188" start_j="200" goal_i="96" goal_j="81"/>
    <agent start_i="200" start_j="94" goal_i="53" goal_j="231"/>
    <agent start_i="70" start_j="184" goal_i="59" goal_j="189"/>
    <agent start_i="165" start_j="62" goal_i="21" goal_j="176"/>
    <agent start_i="73" start_j="181" goal_i="168" goal_j="157"/>
</root>
