<?xml version="1.0" ?>
<root>
    <agent start_i="146" start_j="37" goal_i="65" goal_j="212"/>
    <agent start_i="69" start_j="45" goal_i="55" goal_j="58"/>
    <agent start_i="38" start_j="84" goal_i="107" goal_j="228"/>
    <agent start_i="160" start_j="86" goal_i="145" goal_j="18"/>
    <agent start_i="171" start_j="31" goal_i="165" goal_j="169"/>
    <agent start_i="78" start_j="238" goal_i="179" goal_j="57"/>
    <agent start_i="209" start_j="152" goal_i="231" goal_j="74"/>
    <agent start_i="204" start_j="85" goal_i="141" goal_j="61"/>
    <agent start_i="216" start_j="77" goal_i="188" goal_j="199"/>
    <agent start_i="162" start_j="150" goal_i="55" goal_j="181"/>
</root>
