<?xml version="1.0" ?>
<root>
    <agent start_i="90" start_j="79" goal_i="146" goal_j="60"/>
    <agent start_i="127" start_j="161" goal_i="142" goal_j="77"/>
    <agent start_i="174" start_j="179" goal_i="20" goal_j="175"/>
    <agent start_i="182" start_j="99" goal_i="179" goal_j="48"/>
    <agent start_i="194" start_j="221" goal_i="211" goal_j="236"/>
    <agent start_i="144" start_j="182" goal_i="13" goal_j="129"/>
    <agent start_i="107" start_j="143" goal_i="58" goal_j="193"/>
    <agent start_i="144" start_j="147" goal_i="52" goal_j="89"/>
    <agent start_i="140" start_j="8" goal_i="73" goal_j="25"/>
    <agent start_i="34" start_j="206" goal_i="200" goal_j="9"/>
</root>
