<?xml version="1.0" ?>
<root>
    <agent start_i="232" start_j="110" goal_i="178" goal_j="150"/>
    <agent start_i="98" start_j="140" goal_i="167" goal_j="47"/>
    <agent start_i="35" start_j="246" goal_i="155" goal_j="125"/>
    <agent start_i="183" start_j="81" goal_i="29" goal_j="244"/>
    <agent start_i="95" start_j="241" goal_i="33" goal_j="171"/>
    <agent start_i="72" start_j="166" goal_i="145" goal_j="84"/>
    <agent start_i="166" start_j="59" goal_i="96" goal_j="148"/>
    <agent start_i="34" start_j="80" goal_i="168" goal_j="44"/>
    <agent start_i="143" start_j="52" goal_i="154" goal_j="146"/>
    <agent start_i="182" start_j="219" goal_i="208" goal_j="11"/>
</root>
