<?xml version="1.0" ?>
<root>
    <agent start_i="94" start_j="89" goal_i="200" goal_j="202"/>
    <agent start_i="224" start_j="137" goal_i="129" goal_j="222"/>
    <agent start_i="99" start_j="82" goal_i="192" goal_j="232"/>
    <agent start_i="130" start_j="160" goal_i="183" goal_j="35"/>
    <agent start_i="29" start_j="185" goal_i="174" goal_j="92"/>
    <agent start_i="201" start_j="202" goal_i="100" goal_j="121"/>
    <agent start_i="49" start_j="99" goal_i="35" goal_j="63"/>
    <agent start_i="174" start_j="147" goal_i="206" goal_j="198"/>
    <agent start_i="105" start_j="134" goal_i="60" goal_j="225"/>
    <agent start_i="17" start_j="248" goal_i="36" goal_j="210"/>
</root>
