<?xml version="1.0" ?>
<root>
    <agent start_i="168" start_j="131" goal_i="210" goal_j="75"/>
    <agent start_i="50" start_j="183" goal_i="43" goal_j="71"/>
    <agent start_i="144" start_j="67" goal_i="82" goal_j="213"/>
    <agent start_i="83" start_j="76" goal_i="179" goal_j="82"/>
    <agent start_i="47" start_j="138" goal_i="182" goal_j="176"/>
    <agent start_i="96" start_j="116" goal_i="177" goal_j="76"/>
    <agent start_i="183" start_j="20" goal_i="47" goal_j="242"/>
    <agent start_i="202" start_j="76" goal_i="151" goal_j="119"/>
    <agent start_i="78" start_j="242" goal_i="80" goal_j="209"/>
    <agent start_i="141" start_j="72" goal_i="62" goal_j="223"/>
</root>
