<?xml version="1.0" ?>
<root>
    <agent start_i="166" start_j="99" goal_i="126" goal_j="227"/>
    <agent start_i="35" start_j="65" goal_i="208" goal_j="148"/>
    <agent start_i="175" start_j="137" goal_i="142" goal_j="71"/>
    <agent start_i="163" start_j="152" goal_i="161" goal_j="105"/>
    <agent start_i="68" start_j="178" goal_i="99" goal_j="143"/>
    <agent start_i="214" start_j="116" goal_i="227" goal_j="74"/>
    <agent start_i="51" start_j="214" goal_i="203" goal_j="231"/>
    <agent start_i="162" start_j="25" goal_i="211" goal_j="70"/>
    <agent start_i="97" start_j="139" goal_i="210" goal_j="228"/>
    <agent start_i="100" start_j="184" goal_i="36" goal_j="206"/>
</root>
