<?xml version="1.0" ?>
<root>
    <agent start_i="47" start_j="157" goal_i="199" goal_j="233"/>
    <agent start_i="106" start_j="151" goal_i="176" goal_j="91"/>
    <agent start_i="98" start_j="68" goal_i="43" goal_j="159"/>
    <agent start_i="103" start_j="243" goal_i="176" goal_j="75"/>
    <agent start_i="37" start_j="61" goal_i="74" goal_j="44"/>
    <agent start_i="162" start_j="175" goal_i="157" goal_j="76"/>
    <agent start_i="40" start_j="106" goal_i="22" goal_j="252"/>
    <agent start_i="47" start_j="124" goal_i="172" goal_j="20"/>
    <agent start_i="54" start_j="69" goal_i="173" goal_j="168"/>
    <agent start_i="114" start_j="157" goal_i="104" goal_j="226"/>
</root>
