<?xml version="1.0" ?>
<root>
    <agent start_i="149" start_j="139" goal_i="130" goal_j="242"/>
    <agent start_i="147" start_j="78" goal_i="86" goal_j="193"/>
    <agent start_i="86" start_j="159" goal_i="89" goal_j="116"/>
    <agent start_i="37" start_j="243" goal_i="203" goal_j="231"/>
    <agent start_i="72" start_j="28" goal_i="91" goal_j="158"/>
    <agent start_i="192" start_j="18" goal_i="162" goal_j="131"/>
    <agent start_i="37" start_j="73" goal_i="219" goal_j="105"/>
    <agent start_i="191" start_j="219" goal_i="225" goal_j="66"/>
    <agent start_i="84" start_j="82" goal_i="79" goal_j="235"/>
    <agent start_i="209" start_j="76" goal_i="163" goal_j="28"/>
</root>
