<?xml version="1.0" ?>
<root>
    <agent start_i="46" start_j="60" goal_i="224" goal_j="71"/>
    <agent start_i="36" start_j="248" goal_i="27" goal_j="180"/>
    <agent start_i="194" start_j="10" goal_i="66" goal_j="198"/>
    <agent start_i="151" start_j="82" goal_i="185" goal_j="236"/>
    <agent start_i="161" start_j="88" goal_i="37" goal_j="95"/>
    <agent start_i="12" start_j="129" goal_i="145" goal_j="65"/>
    <agent start_i="41" start_j="218" goal_i="166" goal_j="148"/>
    <agent start_i="34" start_j="157" goal_i="29" goal_j="250"/>
    <agent start_i="147" start_j="55" goal_i="225" goal_j="99"/>
    <agent start_i="117" start_j="151" goal_i="79" goal_j="186"/>
</root>
