<?xml version="1.0" ?>
<root>
    <agent start_i="176" start_j="56" goal_i="169" goal_j="88"/>
    <agent start_i="116" start_j="165" goal_i="47" goal_j="70"/>
    <agent start_i="91" start_j="69" goal_i="40" goal_j="106"/>
    <agent start_i="139" start_j="90" goal_i="166" goal_j="139"/>
    <agent start_i="98" start_j="63" goal_i="162" goal_j="176"/>
    <agent start_i="61" start_j="231" goal_i="145" goal_j="186"/>
    <agent start_i="122" start_j="230" goal_i="32" goal_j="195"/>
    <agent start_i="141" start_j="250" goal_i="36" goal_j="118"/>
    <agent start_i="230" start_j="104" goal_i="73" goal_j="81"/>
    <agent start_i="89" start_j="105" goal_i="176" goal_j="201"/>
</root>
