<?xml version="1.0" ?>
<root>
    <agent start_i="159" start_j="128" goal_i="108" goal_j="141"/>
    <agent start_i="80" start_j="198" goal_i="207" goal_j="144"/>
    <agent start_i="206" start_j="80" goal_i="140" goal_j="49"/>
    <agent start_i="42" start_j="159" goal_i="191" goal_j="208"/>
    <agent start_i="178" start_j="149" goal_i="185" goal_j="222"/>
    <agent start_i="176" start_j="85" goal_i="51" goal_j="220"/>
    <agent start_i="181" start_j="61" goal_i="63" goal_j="127"/>
    <agent start_i="159" start_j="170" goal_i="199" goal_j="227"/>
    <agent start_i="151" start_j="107" goal_i="154" goal_j="93"/>
    <agent start_i="209" start_j="85" goal_i="182" goal_j="20"/>
</root>
