<?xml version="1.0" ?>
<root>
    <agent start_i="151" start_j="120" goal_i="155" goal_j="138"/>
    <agent start_i="221" start_j="119" goal_i="75" goal_j="37"/>
    <agent start_i="55" start_j="54" goal_i="106" goal_j="225"/>
    <agent start_i="151" start_j="95" goal_i="183" goal_j="231"/>
    <agent start_i="56" start_j="95" goal_i="162" goal_j="51"/>
    <agent start_i="203" start_j="78" goal_i="140" goal_j="94"/>
    <agent start_i="14" start_j="128" goal_i="47" goal_j="241"/>
    <agent start_i="67" start_j="57" goal_i="217" goal_j="106"/>
    <agent start_i="163" start_j="178" goal_i="204" goal_j="96"/>
    <agent start_i="79" start_j="164" goal_i="83" goal_j="87"/>
</root>
