<?xml version="1.0" ?>
<root>
    <agent start_i="65" start_j="51" goal_i="223" goal_j="139"/>
    <agent start_i="14" start_j="238" goal_i="44" goal_j="249"/>
    <agent start_i="151" start_j="71" goal_i="205" goal_j="218"/>
    <agent start_i="224" start_j="102" goal_i="67" goal_j="165"/>
    <agent start_i="47" start_j="63" goal_i="141" goal_j="90"/>
    <agent start_i="161" start_j="112" goal_i="208" goal_j="224"/>
    <agent start_i="108" start_j="179" goal_i="110" goal_j="157"/>
    <agent start_i="20" start_j="126" goal_i="223" goal_j="124"/>
    <agent start_i="157" start_j="26" goal_i="99" goal_j="139"/>
    <agent start_i="177" start_j="181" goal_i="144" goal_j="103"/>
</root>
