<?xml version="1.0" ?>
<root>
    <agent start_i="128" start_j="228" goal_i="78" goal_j="47"/>
    <agent start_i="37" start_j="189" goal_i="144" goal_j="73"/>
    <agent start_i="198" start_j="196" goal_i="158" goal_j="113"/>
    <agent start_i="90" start_j="108" goal_i="33" goal_j="115"/>
    <agent start_i="55" start_j="83" goal_i="115" goal_j="220"/>
    <agent start_i="68" start_j="172" goal_i="200" goal_j="198"/>
    <agent start_i="102" start_j="85" goal_i="161" goal_j="163"/>
    <agent start_i="24" start_j="232" goal_i="153" goal_j="141"/>
    <agent start_i="172" start_j="162" goal_i="72" goal_j="197"/>
    <agent start_i="73" start_j="43" goal_i="116" goal_j="223"/>
</root>
