<?xml version="1.0" ?>
<root>
    <agent start_i="200" start_j="13" goal_i="214" goal_j="95"/>
    <agent start_i="44" start_j="106" goal_i="175" goal_j="78"/>
    <agent start_i="142" start_j="29" goal_i="154" goal_j="73"/>
    <agent start_i="27" start_j="237" goal_i="82" goal_j="186"/>
    <agent start_i="126" start_j="240" goal_i="116" goal_j="170"/>
    <agent start_i="221" start_j="122" goal_i="57" goal_j="57"/>
    <agent start_i="226" start_j="89" goal_i="45" goal_j="62"/>
    <agent start_i="62" start_j="128" goal_i="89" goal_j="225"/>
    <agent start_i="108" start_j="123" goal_i="213" goal_j="127"/>
    <agent start_i="171" start_j="84" goal_i="98" goal_j="217"/>
</root>
