<?xml version="1.0" ?>
<root>
    <agent start_i="81" start_j="110" goal_i="109" goal_j="174"/>
    <agent start_i="93" start_j="176" goal_i="57" goal_j="124"/>
    <agent start_i="101" start_j="100" goal_i="228" goal_j="76"/>
    <agent start_i="80" start_j="212" goal_i="186" goal_j="20"/>
    <agent start_i="83" start_j="125" goal_i="50" goal_j="80"/>
    <agent start_i="52" start_j="167" goal_i="106" goal_j="138"/>
    <agent start_i="150" start_j="151" goal_i="198" goal_j="73"/>
    <agent start_i="148" start_j="93" goal_i="176" goal_j="226"/>
    <agent start_i="43" start_j="206" goal_i="157" goal_j="96"/>
    <agent start_i="52" start_j="220" goal_i="216" goal_j="105"/>
</root>
