<?xml version="1.0" ?>
<root>
    <agent start_i="122" start_j="221" goal_i="159" goal_j="123"/>
    <agent start_i="227" start_j="155" goal_i="101" goal_j="237"/>
    <agent start_i="83" start_j="53" goal_i="61" goal_j="85"/>
    <agent start_i="57" start_j="60" goal_i="100" goal_j="142"/>
    <agent start_i="165" start_j="138" goal_i="70" goal_j="208"/>
    <agent start_i="167" start_j="42" goal_i="68" goal_j="176"/>
    <agent start_i="40" start_j="192" goal_i="51" goal_j="208"/>
    <agent start_i="73" start_j="71" goal_i="138" goal_j="173"/>
    <agent start_i="196" start_j="68" goal_i="221" goal_j="97"/>
    <agent start_i="199" start_j="236" goal_i="156" goal_j="173"/>
</root>
