<?xml version="1.0" ?>
<root>
    <agent start_i="217" start_j="144" goal_i="177" goal_j="54"/>
    <agent start_i="159" start_j="50" goal_i="115" goal_j="236"/>
    <agent start_i="40" start_j="70" goal_i="151" goal_j="152"/>
    <agent start_i="161" start_j="37" goal_i="170" goal_j="91"/>
    <agent start_i="104" start_j="215" goal_i="72" goal_j="227"/>
    <agent start_i="40" start_j="204" goal_i="129" goal_j="170"/>
    <agent start_i="181" start_j="31" goal_i="112" goal_j="232"/>
    <agent start_i="27" start_j="162" goal_i="86" goal_j="126"/>
    <agent start_i="213" start_j="152" goal_i="46" goal_j="56"/>
    <agent start_i="98" start_j="172" goal_i="230" goal_j="156"/>
</root>
