<?xml version="1.0" ?>
<root>
    <agent start_i="60" start_j="215" goal_i="86" goal_j="79"/>
    <agent start_i="43" start_j="199" goal_i="142" goal_j="101"/>
    <agent start_i="94" start_j="90" goal_i="68" goal_j="168"/>
    <agent start_i="53" start_j="189" goal_i="90" goal_j="86"/>
    <agent start_i="79" start_j="216" goal_i="174" goal_j="205"/>
    <agent start_i="114" start_j="181" goal_i="60" goal_j="220"/>
    <agent start_i="156" start_j="17" goal_i="168" goal_j="24"/>
    <agent start_i="30" start_j="240" goal_i="191" goal_j="7"/>
    <agent start_i="108" start_j="177" goal_i="45" goal_j="209"/>
    <agent start_i="37" start_j="140" goal_i="71" goal_j="209"/>
</root>
