<?xml version="1.0" ?>
<root>
    <agent start_i="45" start_j="240" goal_i="140" goal_j="65"/>
    <agent start_i="167" start_j="93" goal_i="48" goal_j="243"/>
    <agent start_i="154" start_j="150" goal_i="186" goal_j="82"/>
    <agent start_i="200" start_j="7" goal_i="55" goal_j="46"/>
    <agent start_i="33" start_j="91" goal_i="153" goal_j="79"/>
    <agent start_i="149" start_j="31" goal_i="18" goal_j="172"/>
    <agent start_i="75" start_j="225" goal_i="47" goal_j="105"/>
    <agent start_i="159" start_j="71" goal_i="112" goal_j="241"/>
    <agent start_i="206" start_j="99" goal_i="58" goal_j="235"/>
    <agent start_i="157" start_j="93" goal_i="42" goal_j="204"/>
</root>
