<?xml version="1.0" ?>
<root>
    <agent start_i="23" start_j="171" goal_i="174" goal_j="144"/>
    <agent start_i="76" start_j="217" goal_i="88" goal_j="242"/>
    <agent start_i="61" start_j="131" goal_i="173" goal_j="151"/>
    <agent start_i="107" start_j="233" goal_i="51" goal_j="214"/>
    <agent start_i="97" start_j="168" goal_i="154" goal_j="120"/>
    <agent start_i="106" start_j="113" goal_i="116" goal_j="153"/>
    <agent start_i="174" start_j="17" goal_i="107" goal_j="104"/>
    <agent start_i="183" start_j="233" goal_i="227" goal_j="113"/>
    <agent start_i="100" start_j="109" goal_i="96" goal_j="227"/>
    <agent start_i="76" start_j="203" goal_i="54" goal_j="89"/>
</root>
