<?xml version="1.0" ?>
<root>
    <agent start_i="41" start_j="56" goal_i="157" goal_j="111"/>
    <agent start_i="12" start_j="233" goal_i="96" goal_j="242"/>
    <agent start_i="215" start_j="209" goal_i="52" goal_j="122"/>
    <agent start_i="141" start_j="170" goal_i="218" goal_j="120"/>
    <agent start_i="149" start_j="76" goal_i="140" goal_j="66"/>
    <agent start_i="198" start_j="247" goal_i="138" goal_j="157"/>
    <agent start_i="45" start_j="64" goal_i="44" goal_j="191"/>
    <agent start_i="39" start_j="131" goal_i="182" goal_j="231"/>
    <agent start_i="158" start_j="113" goal_i="92" goal_j="78"/>
    <agent start_i="87" start_j="70" goal_i="105" goal_j="151"/>
</root>
