<?xml version="1.0" ?>
<root>
    <agent start_i="78" start_j="80" goal_i="93" goal_j="115"/>
    <agent start_i="166" start_j="53" goal_i="143" goal_j="90"/>
    <agent start_i="176" start_j="191" goal_i="220" goal_j="150"/>
    <agent start_i="67" start_j="208" goal_i="43" goal_j="71"/>
    <agent start_i="44" start_j="104" goal_i="142" goal_j="248"/>
    <agent start_i="173" start_j="104" goal_i="228" goal_j="154"/>
    <agent start_i="174" start_j="112" goal_i="84" goal_j="207"/>
    <agent start_i="118" start_j="238" goal_i="110" goal_j="179"/>
    <agent start_i="93" start_j="142" goal_i="51" goal_j="75"/>
    <agent start_i="104" start_j="229" goal_i="209" goal_j="69"/>
</root>
