<?xml version="1.0" ?>
<root>
    <agent start_i="197" start_j="68" goal_i="56" goal_j="232"/>
    <agent start_i="107" start_j="169" goal_i="147" goal_j="75"/>
    <agent start_i="146" start_j="104" goal_i="86" goal_j="170"/>
    <agent start_i="109" start_j="96" goal_i="44" goal_j="242"/>
    <agent start_i="62" start_j="70" goal_i="179" goal_j="199"/>
    <agent start_i="20" start_j="155" goal_i="173" goal_j="143"/>
    <agent start_i="138" start_j="42" goal_i="39" goal_j="245"/>
    <agent start_i="180" start_j="34" goal_i="133" goal_j="248"/>
    <agent start_i="94" start_j="213" goal_i="182" goal_j="171"/>
    <agent start_i="87" start_j="178" goal_i="55" goal_j="239"/>
</root>
