<?xml version="1.0" ?>
<root>
    <agent start_i="31" start_j="76" goal_i="178" goal_j="182"/>
    <agent start_i="70" start_j="169" goal_i="47" goal_j="145"/>
    <agent start_i="103" start_j="184" goal_i="118" goal_j="178"/>
    <agent start_i="169" start_j="57" goal_i="168" goal_j="17"/>
    <agent start_i="6" start_j="241" goal_i="171" goal_j="121"/>
    <agent start_i="204" start_j="83" goal_i="143" goal_j="44"/>
    <agent start_i="104" start_j="118" goal_i="183" goal_j="236"/>
    <agent start_i="66" start_j="60" goal_i="156" goal_j="36"/>
    <agent start_i="104" start_j="162" goal_i="53" goal_j="235"/>
    <agent start_i="135" start_j="80" goal_i="43" goal_j="152"/>
</root>
