<?xml version="1.0" ?>
<root>
    <agent start_i="111" start_j="113" goal_i="177" goal_j="93"/>
    <agent start_i="75" start_j="25" goal_i="177" goal_j="69"/>
    <agent start_i="83" start_j="229" goal_i="124" goal_j="242"/>
    <agent start_i="150" start_j="141" goal_i="87" goal_j="57"/>
    <agent start_i="138" start_j="58" goal_i="213" goal_j="233"/>
    <agent start_i="92" start_j="77" goal_i="20" goal_j="164"/>
    <agent start_i="159" start_j="19" goal_i="178" goal_j="87"/>
    <agent start_i="151" start_j="69" goal_i="178" goal_j="146"/>
    <agent start_i="174" start_j="132" goal_i="221" goal_j="111"/>
    <agent start_i="80" start_j="210" goal_i="74" goal_j="33"/>
</root>
