<?xml version="1.0" ?>
<root>
    <agent start_i="153" start_j="146" goal_i="97" goal_j="179"/>
    <agent start_i="202" start_j="221" goal_i="68" goal_j="56"/>
    <agent start_i="151" start_j="190" goal_i="66" goal_j="211"/>
    <agent start_i="110" start_j="160" goal_i="96" goal_j="237"/>
    <agent start_i="60" start_j="201" goal_i="178" goal_j="198"/>
    <agent start_i="93" start_j="74" goal_i="149" goal_j="52"/>
    <agent start_i="85" start_j="222" goal_i="38" goal_j="175"/>
    <agent start_i="212" start_j="80" goal_i="114" goal_j="226"/>
    <agent start_i="44" start_j="173" goal_i="107" goal_j="138"/>
    <agent start_i="83" start_j="189" goal_i="210" goal_j="158"/>
</root>
