<?xml version="1.0" ?>
<root>
    <agent start_i="92" start_j="123" goal_i="201" goal_j="72"/>
    <agent start_i="88" start_j="224" goal_i="68" goal_j="223"/>
    <agent start_i="43" start_j="131" goal_i="152" goal_j="155"/>
    <agent start_i="67" start_j="241" goal_i="155" goal_j="108"/>
    <agent start_i="26" start_j="160" goal_i="89" goal_j="109"/>
    <agent start_i="158" start_j="150" goal_i="166" goal_j="114"/>
    <agent start_i="111" start_j="154" goal_i="49" goal_j="121"/>
    <agent start_i="146" start_j="94" goal_i="43" goal_j="114"/>
    <agent start_i="174" start_j="175" goal_i="227" goal_j="142"/>
    <agent start_i="100" start_j="97" goal_i="164" goal_j="82"/>
</root>
