<?xml version="1.0" ?>
<root>
    <agent start_i="24" start_j="244" goal_i="34" goal_j="191"/>
    <agent start_i="43" start_j="240" goal_i="39" goal_j="221"/>
    <agent start_i="92" start_j="171" goal_i="88" goal_j="174"/>
    <agent start_i="102" start_j="131" goal_i="125" goal_j="241"/>
    <agent start_i="138" start_j="67" goal_i="209" goal_j="217"/>
    <agent start_i="75" start_j="180" goal_i="143" goal_j="50"/>
    <agent start_i="76" start_j="213" goal_i="191" goal_j="232"/>
    <agent start_i="213" start_j="116" goal_i="38" goal_j="182"/>
    <agent start_i="229" start_j="138" goal_i="55" goal_j="179"/>
    <agent start_i="44" start_j="102" goal_i="64" goal_j="186"/>
</root>
