<?xml version="1.0" ?>
<root>
    <agent start_i="145" start_j="27" goal_i="86" goal_j="95"/>
    <agent start_i="160" start_j="144" goal_i="46" goal_j="152"/>
    <agent start_i="100" start_j="87" goal_i="74" goal_j="176"/>
    <agent start_i="210" start_j="80" goal_i="46" goal_j="235"/>
    <agent start_i="173" start_j="102" goal_i="94" goal_j="114"/>
    <agent start_i="117" start_j="227" goal_i="49" goal_j="85"/>
    <agent start_i="63" start_j="210" goal_i="174" goal_j="87"/>
    <agent start_i="158" start_j="129" goal_i="184" goal_j="35"/>
    <agent start_i="60" start_j="227" goal_i="60" goal_j="48"/>
    <agent start_i="100" start_j="164" goal_i="129" goal_j="228"/>
</root>
