<?xml version="1.0" ?>
<root>
    <agent start_i="79" start_j="57" goal_i="104" goal_j="228"/>
    <agent start_i="156" start_j="170" goal_i="162" goal_j="78"/>
    <agent start_i="66" start_j="212" goal_i="150" goal_j="43"/>
    <agent start_i="186" start_j="94" goal_i="144" goal_j="78"/>
    <agent start_i="88" start_j="82" goal_i="99" goal_j="140"/>
    <agent start_i="35" start_j="164" goal_i="17" goal_j="249"/>
    <agent start_i="95" start_j="83" goal_i="183" goal_j="79"/>
    <agent start_i="148" start_j="149" goal_i="40" goal_j="136"/>
    <agent start_i="99" start_j="82" goal_i="192" goal_j="232"/>
    <agent start_i="216" start_j="227" goal_i="200" goal_j="226"/>
</root>
