<?xml version="1.0" ?>
<root>
    <agent start_i="28" start_j="153" goal_i="53" goal_j="81"/>
    <agent start_i="167" start_j="127" goal_i="226" goal_j="147"/>
    <agent start_i="150" start_j="78" goal_i="65" goal_j="69"/>
    <agent start_i="215" start_j="73" goal_i="218" goal_j="148"/>
    <agent start_i="40" start_j="218" goal_i="90" goal_j="82"/>
    <agent start_i="114" start_j="155" goal_i="61" goal_j="204"/>
    <agent start_i="19" start_j="185" goal_i="35" goal_j="117"/>
    <agent start_i="110" start_j="100" goal_i="155" goal_j="148"/>
    <agent start_i="195" start_j="219" goal_i="158" goal_j="84"/>
    <agent start_i="176" start_j="69" goal_i="140" goal_j="88"/>
</root>
