<?xml version="1.0" ?>
<root>
    <agent start_i="137" start_j="80" goal_i="186" goal_j="90"/>
    <agent start_i="199" start_j="237" goal_i="109" goal_j="151"/>
    <agent start_i="44" start_j="244" goal_i="37" goal_j="173"/>
    <agent start_i="45" start_j="57" goal_i="85" goal_j="195"/>
    <agent start_i="130" start_j="169" goal_i="40" goal_j="118"/>
    <agent start_i="181" start_j="208" goal_i="195" goal_j="86"/>
    <agent start_i="163" start_j="20" goal_i="37" goal_j="115"/>
    <agent start_i="64" start_j="170" goal_i="28" goal_j="235"/>
    <agent start_i="27" start_j="127" goal_i="159" goal_j="127"/>
    <agent start_i="82" start_j="114" goal_i="183" goal_j="57"/>
</root>
