<?xml version="1.0" ?>
<root>
    <agent start_i="125" start_j="170" goal_i="66" goal_j="188"/>
    <agent start_i="94" start_j="75" goal_i="79" goal_j="240"/>
    <agent start_i="223" start_j="73" goal_i="99" goal_j="87"/>
    <agent start_i="40" start_j="89" goal_i="71" goal_j="181"/>
    <agent start_i="180" start_j="22" goal_i="123" goal_j="158"/>
    <agent start_i="71" start_j="208" goal_i="134" goal_j="248"/>
    <agent start_i="136" start_j="163" goal_i="226" goal_j="73"/>
    <agent start_i="81" start_j="92" goal_i="80" goal_j="241"/>
    <agent start_i="59" start_j="187" goal_i="223" goal_j="70"/>
    <agent start_i="71" start_j="178" goal_i="157" goal_j="163"/>
</root>
