<?xml version="1.0" ?>
<root>
    <agent start_i="52" start_j="251" goal_i="95" goal_j="102"/>
    <agent start_i="148" start_j="187" goal_i="76" goal_j="165"/>
    <agent start_i="207" start_j="74" goal_i="226" goal_j="142"/>
    <agent start_i="101" start_j="99" goal_i="188" goal_j="223"/>
    <agent start_i="62" start_j="174" goal_i="216" goal_j="104"/>
    <agent start_i="67" start_j="175" goal_i="175" goal_j="123"/>
    <agent start_i="215" start_j="148" goal_i="63" goal_j="192"/>
    <agent start_i="168" start_j="180" goal_i="186" goal_j="83"/>
    <agent start_i="106" start_j="163" goal_i="182" goal_j="213"/>
    <agent start_i="183" start_j="207" goal_i="100" goal_j="147"/>
</root>
