<?xml version="1.0" ?>
<root>
    <agent start_i="203" start_j="75" goal_i="99" goal_j="244"/>
    <agent start_i="99" start_j="162" goal_i="35" goal_j="187"/>
    <agent start_i="163" start_j="128" goal_i="218" goal_j="86"/>
    <agent start_i="161" start_j="173" goal_i="231" goal_j="94"/>
    <agent start_i="139" start_j="161" goal_i="82" goal_j="231"/>
    <agent start_i="158" start_j="26" goal_i="37" goal_j="148"/>
    <agent start_i="185" start_j="217" goal_i="94" goal_j="78"/>
    <agent start_i="53" start_j="247" goal_i="20" goal_j="182"/>
    <agent start_i="143" start_j="40" goal_i="42" goal_j="62"/>
    <agent start_i="167" start_j="25" goal_i="211" goal_j="98"/>
</root>
