<?xml version="1.0" ?>
<root>
    <agent start_i="40" start_j="110" goal_i="170" goal_j="120"/>
    <agent start_i="167" start_j="186" goal_i="36" goal_j="71"/>
    <agent start_i="142" start_j="169" goal_i="155" goal_j="143"/>
    <agent start_i="60" start_j="200" goal_i="42" goal_j="211"/>
    <agent start_i="88" start_j="124" goal_i="189" goal_j="8"/>
    <agent start_i="39" start_j="96" goal_i="141" goal_j="96"/>
    <agent start_i="80" start_j="56" goal_i="192" goal_j="7"/>
    <agent start_i="9" start_j="234" goal_i="28" goal_j="241"/>
    <agent start_i="211" start_j="68" goal_i="167" goal_j="109"/>
    <agent start_i="233" start_j="69" goal_i="91" goal_j="95"/>
</root>
