<?xml version="1.0" ?>
<root>
    <agent start_i="147" start_j="54" goal_i="209" goal_j="83"/>
    <agent start_i="206" start_j="78" goal_i="104" goal_j="150"/>
    <agent start_i="224" start_j="107" goal_i="38" goal_j="208"/>
    <agent start_i="163" start_j="135" goal_i="100" goal_j="229"/>
    <agent start_i="80" start_j="161" goal_i="137" goal_j="173"/>
    <agent start_i="221" start_j="74" goal_i="131" goal_j="225"/>
    <agent start_i="42" start_j="68" goal_i="44" goal_j="63"/>
    <agent start_i="157" start_j="48" goal_i="90" goal_j="107"/>
    <agent start_i="61" start_j="69" goal_i="96" goal_j="228"/>
    <agent start_i="63" start_j="183" goal_i="118" goal_j="240"/>
</root>
