<?xml version="1.0" ?>
<root>
    <agent start_i="163" start_j="150" goal_i="148" goal_j="104"/>
    <agent start_i="113" start_j="220" goal_i="204" goal_j="210"/>
    <agent start_i="64" start_j="243" goal_i="156" goal_j="192"/>
    <agent start_i="141" start_j="64" goal_i="156" goal_j="51"/>
    <agent start_i="69" start_j="199" goal_i="75" goal_j="216"/>
    <agent start_i="191" start_j="11" goal_i="32" goal_j="128"/>
    <agent start_i="91" start_j="123" goal_i="37" goal_j="216"/>
    <agent start_i="38" start_j="74" goal_i="162" goal_j="63"/>
    <agent start_i="208" start_j="14" goal_i="42" goal_j="182"/>
    <agent start_i="219" start_j="157" goal_i="25" goal_j="173"/>
</root>
