<?xml version="1.0" ?>
<root>
    <agent start_i="36" start_j="86" goal_i="136" goal_j="49"/>
    <agent start_i="20" start_j="138" goal_i="160" goal_j="155"/>
    <agent start_i="199" start_j="97" goal_i="224" goal_j="91"/>
    <agent start_i="59" start_j="79" goal_i="18" goal_j="180"/>
    <agent start_i="47" start_j="80" goal_i="80" goal_j="83"/>
    <agent start_i="88" start_j="244" goal_i="37" goal_j="181"/>
    <agent start_i="145" start_j="162" goal_i="97" goal_j="118"/>
    <agent start_i="124" start_j="160" goal_i="134" goal_j="52"/>
    <agent start_i="34" start_j="214" goal_i="80" goal_j="199"/>
    <agent start_i="221" start_j="127" goal_i="167" goal_j="74"/>
</root>
