<?xml version="1.0" ?>
<root>
    <agent start_i="169" start_j="157" goal_i="35" goal_j="85"/>
    <agent start_i="187" start_j="72" goal_i="111" goal_j="160"/>
    <agent start_i="49" start_j="154" goal_i="145" goal_j="49"/>
    <agent start_i="167" start_j="80" goal_i="68" goal_j="47"/>
    <agent start_i="133" start_j="51" goal_i="82" goal_j="195"/>
    <agent start_i="61" start_j="238" goal_i="48" goal_j="93"/>
    <agent start_i="149" start_j="20" goal_i="62" goal_j="208"/>
    <agent start_i="47" start_j="97" goal_i="130" goal_j="217"/>
    <agent start_i="157" start_j="143" goal_i="43" goal_j="125"/>
    <agent start_i="196" start_j="228" goal_i="75" goal_j="69"/>
</root>
