<?xml version="1.0" ?>
<root>
    <agent start_i="104" start_j="216" goal_i="59" goal_j="74"/>
    <agent start_i="176" start_j="180" goal_i="189" goal_j="16"/>
    <agent start_i="32" start_j="195" goal_i="221" goal_j="88"/>
    <agent start_i="41" start_j="156" goal_i="188" goal_j="81"/>
    <agent start_i="171" start_j="194" goal_i="169" goal_j="191"/>
    <agent start_i="78" start_j="168" goal_i="73" goal_j="220"/>
    <agent start_i="107" start_j="136" goal_i="87" goal_j="179"/>
    <agent start_i="159" start_j="169" goal_i="178" goal_j="221"/>
    <agent start_i="35" start_j="205" goal_i="193" goal_j="201"/>
    <agent start_i="111" start_j="227" goal_i="154" goal_j="194"/>
</root>
