<?xml version="1.0" ?>
<root>
    <agent start_i="46" start_j="80" goal_i="137" goal_j="84"/>
    <agent start_i="185" start_j="91" goal_i="179" goal_j="202"/>
    <agent start_i="187" start_j="79" goal_i="150" goal_j="153"/>
    <agent start_i="64" start_j="67" goal_i="67" goal_j="184"/>
    <agent start_i="144" start_j="45" goal_i="146" goal_j="83"/>
    <agent start_i="163" start_j="130" goal_i="90" goal_j="183"/>
    <agent start_i="199" start_j="226" goal_i="152" goal_j="194"/>
    <agent start_i="219" start_j="111" goal_i="112" goal_j="153"/>
    <agent start_i="157" start_j="161" goal_i="93" goal_j="219"/>
    <agent start_i="61" start_j="203" goal_i="137" goal_j="71"/>
</root>
