<?xml version="1.0" ?>
<root>
    <agent start_i="178" start_j="195" goal_i="82" goal_j="184"/>
    <agent start_i="102" start_j="240" goal_i="47" goal_j="135"/>
    <agent start_i="90" start_j="153" goal_i="174" goal_j="188"/>
    <agent start_i="95" start_j="126" goal_i="205" goal_j="228"/>
    <agent start_i="61" start_j="221" goal_i="183" goal_j="20"/>
    <agent start_i="90" start_j="116" goal_i="79" goal_j="209"/>
    <agent start_i="75" start_j="208" goal_i="219" goal_j="131"/>
    <agent start_i="155" start_j="174" goal_i="163" goal_j="16"/>
    <agent start_i="58" start_j="227" goal_i="208" goal_j="75"/>
    <agent start_i="146" start_j="83" goal_i="161" goal_j="142"/>
</root>
