<?xml version="1.0" ?>
<root>
    <agent start_i="40" start_j="172" goal_i="145" goal_j="60"/>
    <agent start_i="39" start_j="152" goal_i="70" goal_j="41"/>
    <agent start_i="42" start_j="68" goal_i="44" goal_j="63"/>
    <agent start_i="40" start_j="62" goal_i="153" goal_j="108"/>
    <agent start_i="9" start_j="136" goal_i="64" goal_j="44"/>
    <agent start_i="62" start_j="234" goal_i="153" goal_j="158"/>
    <agent start_i="129" start_j="180" goal_i="187" goal_j="18"/>
    <agent start_i="178" start_j="199" goal_i="18" goal_j="241"/>
    <agent start_i="150" start_j="165" goal_i="88" goal_j="182"/>
    <agent start_i="143" start_j="26" goal_i="17" goal_j="179"/>
</root>
