<?xml version="1.0" ?>
<root>
    <agent start_i="143" start_j="69" goal_i="102" goal_j="240"/>
    <agent start_i="223" start_j="140" goal_i="178" goal_j="215"/>
    <agent start_i="100" start_j="140" goal_i="81" goal_j="118"/>
    <agent start_i="226" start_j="61" goal_i="113" goal_j="159"/>
    <agent start_i="86" start_j="72" goal_i="21" goal_j="240"/>
    <agent start_i="136" start_j="247" goal_i="72" goal_j="207"/>
    <agent start_i="226" start_j="141" goal_i="209" goal_j="202"/>
    <agent start_i="143" start_j="33" goal_i="120" goal_j="220"/>
    <agent start_i="107" start_j="88" goal_i="50" goal_j="150"/>
    <agent start_i="77" start_j="187" goal_i="102" goal_j="216"/>
</root>
