<?xml version="1.0" ?>
<root>
    <agent start_i="93" start_j="154" goal_i="196" goal_j="69"/>
    <agent start_i="147" start_j="148" goal_i="181" goal_j="15"/>
    <agent start_i="73" start_j="175" goal_i="60" goal_j="119"/>
    <agent start_i="24" start_j="184" goal_i="231" goal_j="97"/>
    <agent start_i="211" start_j="209" goal_i="95" goal_j="147"/>
    <agent start_i="213" start_j="240" goal_i="75" goal_j="71"/>
    <agent start_i="93" start_j="216" goal_i="18" goal_j="234"/>
    <agent start_i="96" start_j="221" goal_i="146" goal_j="84"/>
    <agent start_i="51" start_j="160" goal_i="203" goal_j="225"/>
    <agent start_i="37" start_j="233" goal_i="218" goal_j="152"/>
</root>
