<?xml version="1.0" ?>
<root>
    <agent start_i="50" start_j="76" goal_i="20" goal_j="154"/>
    <agent start_i="213" start_j="209" goal_i="100" goal_j="96"/>
    <agent start_i="186" start_j="205" goal_i="110" goal_j="178"/>
    <agent start_i="78" start_j="216" goal_i="184" goal_j="219"/>
    <agent start_i="51" start_j="168" goal_i="78" goal_j="65"/>
    <agent start_i="145" start_j="88" goal_i="65" goal_j="221"/>
    <agent start_i="16" start_j="237" goal_i="79" goal_j="79"/>
    <agent start_i="69" start_j="55" goal_i="151" goal_j="75"/>
    <agent start_i="61" start_j="70" goal_i="100" goal_j="226"/>
    <agent start_i="161" start_j="102" goal_i="166" goal_j="95"/>
</root>
