<?xml version="1.0" ?>
<root>
    <agent start_i="156" start_j="105" goal_i="219" goal_j="221"/>
    <agent start_i="32" start_j="194" goal_i="52" goal_j="60"/>
    <agent start_i="173" start_j="172" goal_i="165" goal_j="63"/>
    <agent start_i="155" start_j="147" goal_i="202" goal_j="224"/>
    <agent start_i="139" start_j="51" goal_i="112" goal_j="102"/>
    <agent start_i="172" start_j="34" goal_i="107" goal_j="110"/>
    <agent start_i="41" start_j="83" goal_i="103" goal_j="89"/>
    <agent start_i="22" start_j="156" goal_i="204" goal_j="98"/>
    <agent start_i="92" start_j="166" goal_i="26" goal_j="131"/>
    <agent start_i="32" start_j="168" goal_i="223" goal_j="106"/>
</root>
