<?xml version="1.0" ?>
<root>
    <agent start_i="185" start_j="75" goal_i="84" goal_j="188"/>
    <agent start_i="54" start_j="214" goal_i="37" goal_j="177"/>
    <agent start_i="156" start_j="53" goal_i="162" goal_j="22"/>
    <agent start_i="192" start_j="206" goal_i="76" goal_j="18"/>
    <agent start_i="200" start_j="213" goal_i="45" goal_j="163"/>
    <agent start_i="165" start_j="60" goal_i="46" goal_j="60"/>
    <agent start_i="53" start_j="250" goal_i="130" goal_j="178"/>
    <agent start_i="158" start_j="125" goal_i="28" goal_j="139"/>
    <agent start_i="227" start_j="89" goal_i="196" goal_j="79"/>
    <agent start_i="165" start_j="114" goal_i="30" goal_j="174"/>
</root>
