<?xml version="1.0" ?>
<root>
    <agent start_i="173" start_j="175" goal_i="163" goal_j="126"/>
    <agent start_i="43" start_j="236" goal_i="11" goal_j="128"/>
    <agent start_i="184" start_j="232" goal_i="75" goal_j="227"/>
    <agent start_i="224" start_j="77" goal_i="135" goal_j="62"/>
    <agent start_i="78" start_j="64" goal_i="117" goal_j="171"/>
    <agent start_i="155" start_j="177" goal_i="148" goal_j="72"/>
    <agent start_i="89" start_j="105" goal_i="176" goal_j="201"/>
    <agent start_i="152" start_j="167" goal_i="172" goal_j="31"/>
    <agent start_i="44" start_j="242" goal_i="134" goal_j="50"/>
    <agent start_i="57" start_j="122" goal_i="33" goal_j="108"/>
</root>
