<?xml version="1.0" ?>
<root>
    <agent start_i="87" start_j="79" goal_i="49" goal_j="87"/>
    <agent start_i="131" start_j="51" goal_i="70" goal_j="173"/>
    <agent start_i="106" start_j="146" goal_i="109" goal_j="180"/>
    <agent start_i="164" start_j="148" goal_i="215" goal_j="213"/>
    <agent start_i="66" start_j="49" goal_i="35" goal_j="85"/>
    <agent start_i="106" start_j="97" goal_i="83" goal_j="55"/>
    <agent start_i="210" start_j="84" goal_i="168" goal_j="55"/>
    <agent start_i="151" start_j="89" goal_i="176" goal_j="159"/>
    <agent start_i="46" start_j="112" goal_i="79" goal_j="163"/>
    <agent start_i="166" start_j="45" goal_i="162" goal_j="117"/>
</root>
