<?xml version="1.0" ?>
<root>
    <agent start_i="183" start_j="211" goal_i="140" goal_j="9"/>
    <agent start_i="24" start_j="169" goal_i="197" goal_j="16"/>
    <agent start_i="147" start_j="183" goal_i="161" goal_j="62"/>
    <agent start_i="96" start_j="240" goal_i="28" goal_j="137"/>
    <agent start_i="210" start_j="233" goal_i="125" goal_j="217"/>
    <agent start_i="115" start_j="111" goal_i="150" goal_j="53"/>
    <agent start_i="165" start_j="88" goal_i="33" goal_j="107"/>
    <agent start_i="66" start_j="211" goal_i="157" goal_j="38"/>
    <agent start_i="31" start_j="76" goal_i="178" goal_j="182"/>
    <agent start_i="109" start_j="235" goal_i="71" goal_j="185"/>
</root>
