<?xml version="1.0" ?>
<root>
    <agent start_i="221" start_j="101" goal_i="158" goal_j="171"/>
    <agent start_i="195" start_j="10" goal_i="47" goal_j="72"/>
    <agent start_i="210" start_j="232" goal_i="115" goal_j="234"/>
    <agent start_i="69" start_j="185" goal_i="212" goal_j="11"/>
    <agent start_i="37" start_j="235" goal_i="89" goal_j="53"/>
    <agent start_i="39" start_j="80" goal_i="144" goal_j="249"/>
    <agent start_i="170" start_j="133" goal_i="93" goal_j="218"/>
    <agent start_i="95" start_j="167" goal_i="152" goal_j="18"/>
    <agent start_i="160" start_j="33" goal_i="70" goal_j="178"/>
    <agent start_i="35" start_j="201" goal_i="213" goal_j="111"/>
</root>
