<?xml version="1.0" ?>
<root>
    <agent start_i="165" start_j="173" goal_i="17" goal_j="237"/>
    <agent start_i="93" start_j="235" goal_i="39" goal_j="189"/>
    <agent start_i="224" start_j="117" goal_i="72" goal_j="10"/>
    <agent start_i="170" start_j="185" goal_i="231" goal_j="78"/>
    <agent start_i="104" start_j="156" goal_i="207" goal_j="137"/>
    <agent start_i="19" start_j="238" goal_i="61" goal_j="131"/>
    <agent start_i="86" start_j="203" goal_i="36" goal_j="99"/>
    <agent start_i="40" start_j="201" goal_i="76" goal_j="47"/>
    <agent start_i="189" start_j="233" goal_i="175" goal_j="33"/>
    <agent start_i="23" start_j="129" goal_i="163" goal_j="147"/>
</root>
