<?xml version="1.0" ?>
<root>
    <agent start_i="40" start_j="148" goal_i="127" goal_j="183"/>
    <agent start_i="155" start_j="86" goal_i="204" goal_j="199"/>
    <agent start_i="149" start_j="142" goal_i="94" goal_j="145"/>
    <agent start_i="168" start_j="105" goal_i="84" goal_j="218"/>
    <agent start_i="144" start_j="84" goal_i="74" goal_j="71"/>
    <agent start_i="82" start_j="207" goal_i="149" goal_j="86"/>
    <agent start_i="66" start_j="231" goal_i="66" goal_j="221"/>
    <agent start_i="85" start_j="87" goal_i="201" goal_j="16"/>
    <agent start_i="220" start_j="215" goal_i="107" goal_j="134"/>
    <agent start_i="161" start_j="52" goal_i="167" goal_j="167"/>
</root>
