<?xml version="1.0" ?>
<root>
    <agent start_i="34" start_j="73" goal_i="66" goal_j="36"/>
    <agent start_i="22" start_j="158" goal_i="112" goal_j="140"/>
    <agent start_i="37" start_j="94" goal_i="36" goal_j="147"/>
    <agent start_i="211" start_j="87" goal_i="205" goal_j="67"/>
    <agent start_i="167" start_j="108" goal_i="176" goal_j="17"/>
    <agent start_i="82" start_j="164" goal_i="146" goal_j="39"/>
    <agent start_i="176" start_j="220" goal_i="231" goal_j="72"/>
    <agent start_i="160" start_j="169" goal_i="57" goal_j="208"/>
    <agent start_i="21" start_j="139" goal_i="83" goal_j="51"/>
    <agent start_i="84" start_j="210" goal_i="194" goal_j="85"/>
</root>
