<?xml version="1.0" ?>
<root>
    <agent start_i="169" start_j="39" goal_i="216" goal_j="144"/>
    <agent start_i="203" start_j="150" goal_i="231" goal_j="141"/>
    <agent start_i="54" start_j="62" goal_i="68" goal_j="71"/>
    <agent start_i="140" start_j="62" goal_i="80" goal_j="69"/>
    <agent start_i="230" start_j="73" goal_i="13" goal_j="137"/>
    <agent start_i="85" start_j="128" goal_i="163" goal_j="117"/>
    <agent start_i="158" start_j="136" goal_i="20" goal_j="152"/>
    <agent start_i="186" start_j="89" goal_i="92" goal_j="65"/>
    <agent start_i="66" start_j="173" goal_i="87" goal_j="44"/>
    <agent start_i="16" start_j="128" goal_i="81" goal_j="53"/>
</root>
