<?xml version="1.0" ?>
<root>
    <agent start_i="99" start_j="136" goal_i="55" goal_j="194"/>
    <agent start_i="132" start_j="52" goal_i="91" goal_j="108"/>
    <agent start_i="194" start_j="247" goal_i="93" goal_j="145"/>
    <agent start_i="44" start_j="100" goal_i="123" goal_j="227"/>
    <agent start_i="217" start_j="136" goal_i="182" goal_j="62"/>
    <agent start_i="35" start_j="206" goal_i="48" goal_j="83"/>
    <agent start_i="68" start_j="34" goal_i="177" goal_j="226"/>
    <agent start_i="78" start_j="37" goal_i="210" goal_j="70"/>
    <agent start_i="86" start_j="85" goal_i="112" goal_j="239"/>
    <agent start_i="150" start_j="180" goal_i="86" goal_j="54"/>
</root>
