<?xml version="1.0" ?>
<root>
    <agent start_i="94" start_j="87" goal_i="100" goal_j="84"/>
    <agent start_i="66" start_j="232" goal_i="120" goal_j="230"/>
    <agent start_i="150" start_j="106" goal_i="165" goal_j="102"/>
    <agent start_i="209" start_j="95" goal_i="35" goal_j="192"/>
    <agent start_i="137" start_j="44" goal_i="169" goal_j="32"/>
    <agent start_i="118" start_j="232" goal_i="73" goal_j="64"/>
    <agent start_i="64" start_j="238" goal_i="78" goal_j="39"/>
    <agent start_i="191" start_j="238" goal_i="43" goal_j="127"/>
    <agent start_i="93" start_j="108" goal_i="75" goal_j="73"/>
    <agent start_i="46" start_j="110" goal_i="186" goal_j="18"/>
</root>
