<?xml version="1.0" ?>
<root>
    <agent start_i="66" start_j="235" goal_i="130" goal_j="168"/>
    <agent start_i="18" start_j="249" goal_i="17" goal_j="235"/>
    <agent start_i="185" start_j="17" goal_i="97" goal_j="221"/>
    <agent start_i="161" start_j="199" goal_i="37" goal_j="58"/>
    <agent start_i="140" start_j="156" goal_i="11" goal_j="236"/>
    <agent start_i="168" start_j="155" goal_i="167" goal_j="71"/>
    <agent start_i="93" start_j="235" goal_i="39" goal_j="189"/>
    <agent start_i="19" start_j="238" goal_i="61" goal_j="131"/>
    <agent start_i="180" start_j="16" goal_i="100" goal_j="133"/>
    <agent start_i="73" start_j="52" goal_i="221" goal_j="217"/>
</root>
