<?xml version="1.0" ?>
<root>
    <agent start_i="114" start_j="112" goal_i="91" goal_j="173"/>
    <agent start_i="59" start_j="60" goal_i="54" goal_j="240"/>
    <agent start_i="162" start_j="42" goal_i="179" goal_j="14"/>
    <agent start_i="94" start_j="130" goal_i="217" goal_j="116"/>
    <agent start_i="151" start_j="186" goal_i="99" goal_j="152"/>
    <agent start_i="74" start_j="44" goal_i="232" goal_j="70"/>
    <agent start_i="72" start_j="209" goal_i="50" goal_j="123"/>
    <agent start_i="149" start_j="177" goal_i="70" goal_j="48"/>
    <agent start_i="47" start_j="247" goal_i="94" goal_j="117"/>
    <agent start_i="71" start_j="179" goal_i="72" goal_j="185"/>
</root>
