<?xml version="1.0" ?>
<root>
    <agent start_i="170" start_j="195" goal_i="183" goal_j="200"/>
    <agent start_i="219" start_j="81" goal_i="183" goal_j="232"/>
    <agent start_i="228" start_j="87" goal_i="46" goal_j="244"/>
    <agent start_i="61" start_j="224" goal_i="51" goal_j="128"/>
    <agent start_i="97" start_j="92" goal_i="35" goal_j="102"/>
    <agent start_i="98" start_j="81" goal_i="94" goal_j="97"/>
    <agent start_i="39" start_j="191" goal_i="95" goal_j="83"/>
    <agent start_i="165" start_j="127" goal_i="169" goal_j="44"/>
    <agent start_i="80" start_j="168" goal_i="102" goal_j="220"/>
    <agent start_i="163" start_j="34" goal_i="56" goal_j="197"/>
</root>
