<?xml version="1.0" ?>
<root>
    <agent start_i="38" start_j="130" goal_i="102" goal_j="161"/>
    <agent start_i="64" start_j="130" goal_i="173" goal_j="223"/>
    <agent start_i="94" start_j="106" goal_i="108" goal_j="176"/>
    <agent start_i="89" start_j="64" goal_i="52" goal_j="249"/>
    <agent start_i="38" start_j="178" goal_i="201" goal_j="241"/>
    <agent start_i="229" start_j="98" goal_i="155" goal_j="52"/>
    <agent start_i="49" start_j="159" goal_i="107" goal_j="104"/>
    <agent start_i="115" start_j="119" goal_i="47" goal_j="161"/>
    <agent start_i="217" start_j="216" goal_i="76" goal_j="23"/>
    <agent start_i="39" start_j="171" goal_i="33" goal_j="218"/>
</root>
