<?xml version="1.0" ?>
<root>
    <agent start_i="58" start_j="242" goal_i="197" goal_j="227"/>
    <agent start_i="34" start_j="65" goal_i="154" goal_j="108"/>
    <agent start_i="117" start_j="233" goal_i="149" goal_j="170"/>
    <agent start_i="225" start_j="151" goal_i="53" goal_j="177"/>
    <agent start_i="170" start_j="72" goal_i="100" goal_j="113"/>
    <agent start_i="197" start_j="82" goal_i="95" goal_j="158"/>
    <agent start_i="148" start_j="91" goal_i="40" goal_j="144"/>
    <agent start_i="214" start_j="110" goal_i="23" goal_j="244"/>
    <agent start_i="227" start_j="82" goal_i="162" goal_j="68"/>
    <agent start_i="157" start_j="136" goal_i="33" goal_j="100"/>
</root>
