<?xml version="1.0" ?>
<root>
    <agent start_i="98" start_j="237" goal_i="69" goal_j="197"/>
    <agent start_i="83" start_j="114" goal_i="117" goal_j="225"/>
    <agent start_i="94" start_j="244" goal_i="214" goal_j="234"/>
    <agent start_i="149" start_j="57" goal_i="106" goal_j="119"/>
    <agent start_i="75" start_j="198" goal_i="149" goal_j="70"/>
    <agent start_i="152" start_j="156" goal_i="209" goal_j="146"/>
    <agent start_i="49" start_j="95" goal_i="175" goal_j="47"/>
    <agent start_i="60" start_j="83" goal_i="98" goal_j="124"/>
    <agent start_i="196" start_j="215" goal_i="75" goal_j="179"/>
    <agent start_i="111" start_j="181" goal_i="155" goal_j="166"/>
</root>
