<?xml version="1.0" ?>
<root>
    <agent start_i="225" start_j="98" goal_i="159" goal_j="45"/>
    <agent start_i="164" start_j="197" goal_i="80" goal_j="187"/>
    <agent start_i="171" start_j="48" goal_i="66" goal_j="217"/>
    <agent start_i="105" start_j="240" goal_i="121" goal_j="227"/>
    <agent start_i="168" start_j="10" goal_i="205" goal_j="231"/>
    <agent start_i="54" start_j="58" goal_i="32" goal_j="195"/>
    <agent start_i="207" start_j="235" goal_i="185" goal_j="8"/>
    <agent start_i="95" start_j="154" goal_i="186" goal_j="236"/>
    <agent start_i="102" start_j="134" goal_i="19" goal_j="172"/>
    <agent start_i="13" start_j="136" goal_i="134" goal_j="172"/>
</root>
