<?xml version="1.0" ?>
<root>
    <agent start_i="175" start_j="16" goal_i="182" goal_j="26"/>
    <agent start_i="182" start_j="51" goal_i="63" goal_j="67"/>
    <agent start_i="44" start_j="94" goal_i="63" goal_j="49"/>
    <agent start_i="63" start_j="231" goal_i="42" goal_j="183"/>
    <agent start_i="86" start_j="53" goal_i="217" goal_j="129"/>
    <agent start_i="90" start_j="228" goal_i="78" goal_j="67"/>
    <agent start_i="215" start_j="132" goal_i="148" goal_j="26"/>
    <agent start_i="55" start_j="166" goal_i="43" goal_j="157"/>
    <agent start_i="174" start_j="69" goal_i="35" goal_j="65"/>
    <agent start_i="160" start_j="149" goal_i="37" goal_j="199"/>
</root>
