<?xml version="1.0" ?>
<root>
    <agent start_i="66" start_j="43" goal_i="173" goal_j="46"/>
    <agent start_i="170" start_j="157" goal_i="98" goal_j="68"/>
    <agent start_i="189" start_j="88" goal_i="56" goal_j="160"/>
    <agent start_i="49" start_j="246" goal_i="216" goal_j="140"/>
    <agent start_i="198" start_j="92" goal_i="27" goal_j="124"/>
    <agent start_i="174" start_j="38" goal_i="158" goal_j="169"/>
    <agent start_i="135" start_j="82" goal_i="30" goal_j="181"/>
    <agent start_i="35" start_j="141" goal_i="173" goal_j="75"/>
    <agent start_i="128" start_j="171" goal_i="194" goal_j="230"/>
    <agent start_i="125" start_j="227" goal_i="214" goal_j="222"/>
</root>
