<?xml version="1.0" ?>
<root>
    <agent start_i="36" start_j="245" goal_i="191" goal_j="206"/>
    <agent start_i="70" start_j="180" goal_i="12" goal_j="240"/>
    <agent start_i="93" start_j="82" goal_i="201" goal_j="76"/>
    <agent start_i="32" start_j="127" goal_i="57" goal_j="48"/>
    <agent start_i="81" start_j="117" goal_i="69" goal_j="187"/>
    <agent start_i="177" start_j="41" goal_i="165" goal_j="186"/>
    <agent start_i="215" start_j="150" goal_i="77" goal_j="57"/>
    <agent start_i="203" start_j="233" goal_i="36" goal_j="103"/>
    <agent start_i="170" start_j="66" goal_i="151" goal_j="130"/>
    <agent start_i="147" start_j="88" goal_i="66" goal_j="127"/>
</root>
