<?xml version="1.0" ?>
<root>
    <agent start_i="146" start_j="15" goal_i="169" goal_j="92"/>
    <agent start_i="142" start_j="12" goal_i="172" goal_j="165"/>
    <agent start_i="180" start_j="41" goal_i="61" goal_j="224"/>
    <agent start_i="204" start_j="238" goal_i="47" goal_j="58"/>
    <agent start_i="36" start_j="102" goal_i="86" goal_j="236"/>
    <agent start_i="184" start_j="204" goal_i="38" goal_j="100"/>
    <agent start_i="143" start_j="40" goal_i="42" goal_j="62"/>
    <agent start_i="60" start_j="56" goal_i="144" goal_j="36"/>
    <agent start_i="189" start_j="205" goal_i="40" goal_j="59"/>
    <agent start_i="223" start_j="226" goal_i="220" goal_j="148"/>
</root>
