<?xml version="1.0" ?>
<root>
    <agent start_i="100" start_j="177" goal_i="167" goal_j="109"/>
    <agent start_i="169" start_j="182" goal_i="184" goal_j="225"/>
    <agent start_i="124" start_j="226" goal_i="91" goal_j="131"/>
    <agent start_i="164" start_j="146" goal_i="163" goal_j="162"/>
    <agent start_i="100" start_j="142" goal_i="129" goal_j="247"/>
    <agent start_i="169" start_j="89" goal_i="119" goal_j="180"/>
    <agent start_i="160" start_j="83" goal_i="168" goal_j="116"/>
    <agent start_i="128" start_j="174" goal_i="104" goal_j="101"/>
    <agent start_i="177" start_j="218" goal_i="90" goal_j="164"/>
    <agent start_i="176" start_j="162" goal_i="116" goal_j="242"/>
</root>
