<?xml version="1.0" ?>
<root>
    <agent start_i="174" start_j="23" goal_i="188" goal_j="234"/>
    <agent start_i="20" start_j="161" goal_i="161" goal_j="24"/>
    <agent start_i="141" start_j="81" goal_i="182" goal_j="58"/>
    <agent start_i="150" start_j="34" goal_i="171" goal_j="152"/>
    <agent start_i="177" start_j="48" goal_i="172" goal_j="80"/>
    <agent start_i="86" start_j="165" goal_i="102" goal_j="223"/>
    <agent start_i="172" start_j="131" goal_i="38" goal_j="216"/>
    <agent start_i="27" start_j="167" goal_i="77" goal_j="43"/>
    <agent start_i="159" start_j="142" goal_i="28" goal_j="131"/>
    <agent start_i="202" start_j="19" goal_i="14" goal_j="129"/>
</root>
