<?xml version="1.0" ?>
<root>
    <agent start_i="30" start_j="150" goal_i="186" goal_j="69"/>
    <agent start_i="215" start_j="92" goal_i="225" goal_j="106"/>
    <agent start_i="90" start_j="64" goal_i="159" goal_j="165"/>
    <agent start_i="143" start_j="97" goal_i="58" goal_j="220"/>
    <agent start_i="42" start_j="157" goal_i="153" goal_j="39"/>
    <agent start_i="76" start_j="169" goal_i="172" goal_j="58"/>
    <agent start_i="78" start_j="72" goal_i="9" goal_j="234"/>
    <agent start_i="165" start_j="19" goal_i="127" goal_j="158"/>
    <agent start_i="149" start_j="16" goal_i="172" goal_j="90"/>
    <agent start_i="197" start_j="250" goal_i="228" goal_j="128"/>
</root>
