<?xml version="1.0" ?>
<root>
    <agent start_i="86" start_j="228" goal_i="195" goal_j="204"/>
    <agent start_i="155" start_j="184" goal_i="161" goal_j="151"/>
    <agent start_i="34" start_j="208" goal_i="201" goal_j="86"/>
    <agent start_i="30" start_j="179" goal_i="45" goal_j="89"/>
    <agent start_i="181" start_j="211" goal_i="168" goal_j="59"/>
    <agent start_i="106" start_j="148" goal_i="89" goal_j="114"/>
    <agent start_i="208" start_j="83" goal_i="73" goal_j="62"/>
    <agent start_i="138" start_j="49" goal_i="58" goal_j="90"/>
    <agent start_i="141" start_j="82" goal_i="155" goal_j="37"/>
    <agent start_i="34" start_j="207" goal_i="87" goal_j="59"/>
</root>
