<?xml version="1.0" ?>
<root>
    <agent start_i="195" start_j="228" goal_i="12" goal_j="136"/>
    <agent start_i="144" start_j="37" goal_i="107" goal_j="104"/>
    <agent start_i="157" start_j="175" goal_i="195" goal_j="74"/>
    <agent start_i="193" start_j="204" goal_i="48" goal_j="60"/>
    <agent start_i="53" start_j="46" goal_i="53" goal_j="160"/>
    <agent start_i="126" start_j="162" goal_i="38" goal_j="122"/>
    <agent start_i="138" start_j="12" goal_i="110" goal_j="219"/>
    <agent start_i="159" start_j="78" goal_i="219" goal_j="94"/>
    <agent start_i="96" start_j="62" goal_i="40" goal_j="233"/>
    <agent start_i="56" start_j="184" goal_i="170" goal_j="185"/>
</root>
