<?xml version="1.0" ?>
<root>
    <agent start_i="108" start_j="236" goal_i="141" goal_j="68"/>
    <agent start_i="43" start_j="244" goal_i="19" goal_j="242"/>
    <agent start_i="172" start_j="199" goal_i="100" goal_j="138"/>
    <agent start_i="94" start_j="68" goal_i="192" goal_j="94"/>
    <agent start_i="97" start_j="216" goal_i="156" goal_j="33"/>
    <agent start_i="101" start_j="133" goal_i="81" goal_j="41"/>
    <agent start_i="52" start_j="165" goal_i="108" goal_j="143"/>
    <agent start_i="160" start_j="19" goal_i="170" goal_j="114"/>
    <agent start_i="166" start_j="19" goal_i="95" goal_j="60"/>
    <agent start_i="84" start_j="117" goal_i="112" goal_j="181"/>
</root>
