<?xml version="1.0" ?>
<root>
    <agent start_i="71" start_j="40" goal_i="225" goal_j="64"/>
    <agent start_i="156" start_j="189" goal_i="98" goal_j="145"/>
    <agent start_i="29" start_j="171" goal_i="34" goal_j="192"/>
    <agent start_i="111" start_j="171" goal_i="167" goal_j="112"/>
    <agent start_i="46" start_j="78" goal_i="211" goal_j="153"/>
    <agent start_i="115" start_j="158" goal_i="40" goal_j="175"/>
    <agent start_i="61" start_j="178" goal_i="32" goal_j="201"/>
    <agent start_i="168" start_j="58" goal_i="184" goal_j="168"/>
    <agent start_i="104" start_j="115" goal_i="209" goal_j="17"/>
    <agent start_i="91" start_j="85" goal_i="45" goal_j="152"/>
</root>
