<?xml version="1.0" ?>
<root>
    <agent start_i="99" start_j="93" goal_i="81" goal_j="176"/>
    <agent start_i="146" start_j="78" goal_i="216" goal_j="138"/>
    <agent start_i="59" start_j="126" goal_i="177" goal_j="22"/>
    <agent start_i="82" start_j="191" goal_i="73" goal_j="58"/>
    <agent start_i="120" start_j="219" goal_i="148" goal_j="175"/>
    <agent start_i="167" start_j="31" goal_i="15" goal_j="238"/>
    <agent start_i="35" start_j="64" goal_i="97" goal_j="88"/>
    <agent start_i="97" start_j="242" goal_i="227" goal_j="78"/>
    <agent start_i="160" start_j="151" goal_i="157" goal_j="146"/>
    <agent start_i="37" start_j="234" goal_i="197" goal_j="211"/>
</root>
