<?xml version="1.0" ?>
<root>
    <agent start_i="65" start_j="185" goal_i="110" goal_j="153"/>
    <agent start_i="211" start_j="142" goal_i="43" goal_j="51"/>
    <agent start_i="137" start_j="161" goal_i="174" goal_j="76"/>
    <agent start_i="98" start_j="124" goal_i="158" goal_j="23"/>
    <agent start_i="148" start_j="80" goal_i="153" goal_j="98"/>
    <agent start_i="178" start_j="23" goal_i="189" goal_j="85"/>
    <agent start_i="132" start_j="170" goal_i="100" goal_j="158"/>
    <agent start_i="226" start_j="98" goal_i="151" goal_j="141"/>
    <agent start_i="153" start_j="14" goal_i="86" goal_j="121"/>
    <agent start_i="70" start_j="230" goal_i="65" goal_j="199"/>
</root>
