<?xml version="1.0" ?>
<root>
    <agent start_i="164" start_j="10" goal_i="39" goal_j="167"/>
    <agent start_i="208" start_j="151" goal_i="107" goal_j="152"/>
    <agent start_i="195" start_j="241" goal_i="33" goal_j="195"/>
    <agent start_i="151" start_j="97" goal_i="100" goal_j="162"/>
    <agent start_i="83" start_j="233" goal_i="202" goal_j="202"/>
    <agent start_i="152" start_j="120" goal_i="174" goal_j="142"/>
    <agent start_i="174" start_j="104" goal_i="82" goal_j="173"/>
    <agent start_i="18" start_j="166" goal_i="224" goal_j="127"/>
    <agent start_i="116" start_j="235" goal_i="84" goal_j="85"/>
    <agent start_i="56" start_j="194" goal_i="89" goal_j="241"/>
</root>
