<?xml version="1.0" ?>
<root>
    <agent start_i="178" start_j="173" goal_i="66" goal_j="198"/>
    <agent start_i="79" start_j="233" goal_i="164" goal_j="135"/>
    <agent start_i="182" start_j="70" goal_i="179" goal_j="203"/>
    <agent start_i="78" start_j="212" goal_i="166" goal_j="159"/>
    <agent start_i="37" start_j="179" goal_i="166" goal_j="198"/>
    <agent start_i="34" start_j="169" goal_i="201" goal_j="142"/>
    <agent start_i="113" start_j="153" goal_i="147" goal_j="85"/>
    <agent start_i="197" start_j="238" goal_i="170" goal_j="174"/>
    <agent start_i="114" start_j="106" goal_i="228" goal_j="147"/>
    <agent start_i="158" start_j="100" goal_i="78" goal_j="56"/>
</root>
