<?xml version="1.0" ?>
<root>
    <agent start_i="127" start_j="184" goal_i="147" goal_j="163"/>
    <agent start_i="26" start_j="139" goal_i="99" goal_j="163"/>
    <agent start_i="141" start_j="105" goal_i="85" goal_j="198"/>
    <agent start_i="213" start_j="88" goal_i="39" goal_j="63"/>
    <agent start_i="165" start_j="126" goal_i="174" goal_j="176"/>
    <agent start_i="97" start_j="161" goal_i="24" goal_j="251"/>
    <agent start_i="144" start_j="9" goal_i="104" goal_j="115"/>
    <agent start_i="155" start_j="132" goal_i="128" goal_j="182"/>
    <agent start_i="75" start_j="198" goal_i="149" goal_j="70"/>
    <agent start_i="166" start_j="171" goal_i="229" goal_j="136"/>
</root>
