<?xml version="1.0" ?>
<root>
    <agent start_i="178" start_j="82" goal_i="218" goal_j="113"/>
    <agent start_i="9" start_j="239" goal_i="25" goal_j="239"/>
    <agent start_i="145" start_j="26" goal_i="177" goal_j="186"/>
    <agent start_i="108" start_j="100" goal_i="97" goal_j="167"/>
    <agent start_i="127" start_j="162" goal_i="225" goal_j="94"/>
    <agent start_i="68" start_j="62" goal_i="183" goal_j="73"/>
    <agent start_i="73" start_j="210" goal_i="51" goal_j="168"/>
    <agent start_i="84" start_j="173" goal_i="92" goal_j="109"/>
    <agent start_i="147" start_j="164" goal_i="198" goal_j="14"/>
    <agent start_i="138" start_j="73" goal_i="203" goal_j="98"/>
</root>
