<?xml version="1.0" ?>
<root>
    <agent start_i="98" start_j="182" goal_i="173" goal_j="14"/>
    <agent start_i="144" start_j="53" goal_i="179" goal_j="184"/>
    <agent start_i="156" start_j="196" goal_i="52" goal_j="183"/>
    <agent start_i="186" start_j="70" goal_i="156" goal_j="11"/>
    <agent start_i="38" start_j="165" goal_i="78" goal_j="80"/>
    <agent start_i="59" start_j="71" goal_i="157" goal_j="67"/>
    <agent start_i="94" start_j="184" goal_i="154" goal_j="20"/>
    <agent start_i="43" start_j="160" goal_i="87" goal_j="184"/>
    <agent start_i="16" start_j="249" goal_i="179" goal_j="172"/>
    <agent start_i="55" start_j="47" goal_i="138" goal_j="57"/>
</root>
