<?xml version="1.0" ?>
<root>
    <agent start_i="168" start_j="17" goal_i="41" goal_j="175"/>
    <agent start_i="114" start_j="121" goal_i="172" goal_j="93"/>
    <agent start_i="135" start_j="217" goal_i="87" goal_j="205"/>
    <agent start_i="217" start_j="138" goal_i="175" goal_j="103"/>
    <agent start_i="182" start_j="213" goal_i="165" goal_j="17"/>
    <agent start_i="125" start_j="245" goal_i="182" goal_j="67"/>
    <agent start_i="167" start_j="190" goal_i="78" goal_j="218"/>
    <agent start_i="167" start_j="149" goal_i="211" goal_j="69"/>
    <agent start_i="218" start_j="218" goal_i="59" goal_j="78"/>
    <agent start_i="101" start_j="131" goal_i="80" goal_j="164"/>
</root>
