<?xml version="1.0" ?>
<root>
    <agent start_i="85" start_j="125" goal_i="209" goal_j="236"/>
    <agent start_i="79" start_j="105" goal_i="185" goal_j="15"/>
    <agent start_i="216" start_j="136" goal_i="151" goal_j="53"/>
    <agent start_i="85" start_j="85" goal_i="173" goal_j="181"/>
    <agent start_i="167" start_j="105" goal_i="214" goal_j="92"/>
    <agent start_i="31" start_j="163" goal_i="78" goal_j="167"/>
    <agent start_i="42" start_j="100" goal_i="166" goal_j="33"/>
    <agent start_i="174" start_j="93" goal_i="34" goal_j="234"/>
    <agent start_i="211" start_j="88" goal_i="222" goal_j="143"/>
    <agent start_i="30" start_j="246" goal_i="64" goal_j="63"/>
</root>
