<?xml version="1.0" ?>
<root>
    <agent start_i="45" start_j="181" goal_i="69" goal_j="62"/>
    <agent start_i="43" start_j="125" goal_i="23" goal_j="182"/>
    <agent start_i="75" start_j="50" goal_i="111" goal_j="219"/>
    <agent start_i="15" start_j="137" goal_i="101" goal_j="214"/>
    <agent start_i="180" start_j="75" goal_i="41" goal_j="154"/>
    <agent start_i="227" start_j="111" goal_i="210" goal_j="84"/>
    <agent start_i="202" start_j="227" goal_i="170" goal_j="195"/>
    <agent start_i="164" start_j="113" goal_i="170" goal_j="26"/>
    <agent start_i="202" start_j="200" goal_i="163" goal_j="154"/>
    <agent start_i="80" start_j="222" goal_i="92" goal_j="235"/>
</root>
