<?xml version="1.0" ?>
<root>
    <agent start_i="165" start_j="93" goal_i="121" goal_j="176"/>
    <agent start_i="104" start_j="239" goal_i="107" goal_j="230"/>
    <agent start_i="47" start_j="56" goal_i="102" goal_j="242"/>
    <agent start_i="184" start_j="94" goal_i="57" goal_j="175"/>
    <agent start_i="159" start_j="54" goal_i="34" goal_j="188"/>
    <agent start_i="40" start_j="67" goal_i="227" goal_j="83"/>
    <agent start_i="95" start_j="174" goal_i="47" goal_j="107"/>
    <agent start_i="29" start_j="141" goal_i="123" goal_j="220"/>
    <agent start_i="142" start_j="66" goal_i="117" goal_j="126"/>
    <agent start_i="208" start_j="224" goal_i="111" goal_j="119"/>
</root>
