<?xml version="1.0" ?>
<root>
    <agent start_i="99" start_j="91" goal_i="75" goal_j="213"/>
    <agent start_i="110" start_j="149" goal_i="96" goal_j="227"/>
    <agent start_i="46" start_j="241" goal_i="136" goal_j="69"/>
    <agent start_i="163" start_j="65" goal_i="170" goal_j="128"/>
    <agent start_i="217" start_j="140" goal_i="216" goal_j="95"/>
    <agent start_i="35" start_j="67" goal_i="119" goal_j="220"/>
    <agent start_i="226" start_j="132" goal_i="83" goal_j="158"/>
    <agent start_i="76" start_j="75" goal_i="224" goal_j="126"/>
    <agent start_i="155" start_j="57" goal_i="108" goal_j="89"/>
    <agent start_i="144" start_j="46" goal_i="219" goal_j="99"/>
</root>
