<?xml version="1.0" ?>
<root>
    <agent start_i="157" start_j="153" goal_i="156" goal_j="42"/>
    <agent start_i="208" start_j="152" goal_i="175" goal_j="138"/>
    <agent start_i="37" start_j="89" goal_i="85" goal_j="193"/>
    <agent start_i="76" start_j="206" goal_i="152" goal_j="65"/>
    <agent start_i="91" start_j="71" goal_i="208" goal_j="8"/>
    <agent start_i="156" start_j="35" goal_i="37" goal_j="67"/>
    <agent start_i="162" start_j="10" goal_i="101" goal_j="225"/>
    <agent start_i="231" start_j="98" goal_i="168" goal_j="50"/>
    <agent start_i="23" start_j="156" goal_i="55" goal_j="61"/>
    <agent start_i="219" start_j="120" goal_i="141" goal_j="171"/>
</root>
