<?xml version="1.0" ?>
<root>
    <agent start_i="170" start_j="162" goal_i="204" goal_j="235"/>
    <agent start_i="158" start_j="73" goal_i="98" goal_j="223"/>
    <agent start_i="74" start_j="165" goal_i="176" goal_j="169"/>
    <agent start_i="63" start_j="221" goal_i="44" goal_j="61"/>
    <agent start_i="46" start_j="65" goal_i="72" goal_j="225"/>
    <agent start_i="167" start_j="40" goal_i="36" goal_j="181"/>
    <agent start_i="180" start_j="197" goal_i="67" goal_j="200"/>
    <agent start_i="52" start_j="45" goal_i="26" goal_j="183"/>
    <agent start_i="68" start_j="218" goal_i="58" goal_j="230"/>
    <agent start_i="185" start_j="73" goal_i="64" goal_j="178"/>
</root>
