<?xml version="1.0" ?>
<root>
    <agent start_i="146" start_j="50" goal_i="208" goal_j="142"/>
    <agent start_i="30" start_j="158" goal_i="103" goal_j="168"/>
    <agent start_i="202" start_j="76" goal_i="151" goal_j="119"/>
    <agent start_i="197" start_j="244" goal_i="102" goal_j="152"/>
    <agent start_i="32" start_j="213" goal_i="215" goal_j="150"/>
    <agent start_i="182" start_j="168" goal_i="99" goal_j="233"/>
    <agent start_i="161" start_j="183" goal_i="103" goal_j="179"/>
    <agent start_i="197" start_j="76" goal_i="164" goal_j="137"/>
    <agent start_i="68" start_j="188" goal_i="127" goal_j="179"/>
    <agent start_i="148" start_j="90" goal_i="40" goal_j="203"/>
</root>
