<?xml version="1.0" ?>
<root>
    <agent start_i="154" start_j="23" goal_i="221" goal_j="154"/>
    <agent start_i="154" start_j="96" goal_i="73" goal_j="235"/>
    <agent start_i="106" start_j="109" goal_i="112" goal_j="233"/>
    <agent start_i="153" start_j="22" goal_i="114" goal_j="224"/>
    <agent start_i="217" start_j="84" goal_i="67" goal_j="225"/>
    <agent start_i="75" start_j="35" goal_i="153" goal_j="155"/>
    <agent start_i="72" start_j="231" goal_i="210" goal_j="7"/>
    <agent start_i="63" start_j="60" goal_i="95" goal_j="144"/>
    <agent start_i="170" start_j="56" goal_i="109" goal_j="156"/>
    <agent start_i="232" start_j="112" goal_i="113" goal_j="154"/>
</root>
