<?xml version="1.0" ?>
<root>
    <agent start_i="169" start_j="81" goal_i="114" goal_j="108"/>
    <agent start_i="103" start_j="140" goal_i="17" goal_j="180"/>
    <agent start_i="201" start_j="88" goal_i="51" goal_j="52"/>
    <agent start_i="89" start_j="234" goal_i="154" goal_j="64"/>
    <agent start_i="86" start_j="244" goal_i="217" goal_j="110"/>
    <agent start_i="99" start_j="176" goal_i="144" goal_j="73"/>
    <agent start_i="122" start_j="214" goal_i="179" goal_j="39"/>
    <agent start_i="97" start_j="77" goal_i="223" goal_j="70"/>
    <agent start_i="105" start_j="143" goal_i="145" goal_j="59"/>
    <agent start_i="100" start_j="111" goal_i="48" goal_j="80"/>
</root>
