<?xml version="1.0" ?>
<root>
    <agent start_i="177" start_j="194" goal_i="147" goal_j="170"/>
    <agent start_i="102" start_j="88" goal_i="151" goal_j="58"/>
    <agent start_i="194" start_j="75" goal_i="175" goal_j="128"/>
    <agent start_i="85" start_j="171" goal_i="167" goal_j="162"/>
    <agent start_i="130" start_j="162" goal_i="209" goal_j="10"/>
    <agent start_i="173" start_j="129" goal_i="199" goal_j="68"/>
    <agent start_i="128" start_j="213" goal_i="220" goal_j="223"/>
    <agent start_i="34" start_j="162" goal_i="16" goal_j="126"/>
    <agent start_i="32" start_j="130" goal_i="69" goal_j="240"/>
    <agent start_i="87" start_j="190" goal_i="48" goal_j="64"/>
</root>
