<?xml version="1.0" ?>
<root>
    <agent start_i="55" start_j="158" goal_i="41" goal_j="195"/>
    <agent start_i="75" start_j="204" goal_i="61" goal_j="196"/>
    <agent start_i="156" start_j="183" goal_i="25" goal_j="67"/>
    <agent start_i="148" start_j="54" goal_i="66" goal_j="173"/>
    <agent start_i="221" start_j="223" goal_i="52" goal_j="84"/>
    <agent start_i="61" start_j="229" goal_i="95" goal_j="65"/>
    <agent start_i="170" start_j="57" goal_i="170" goal_j="196"/>
    <agent start_i="48" start_j="242" goal_i="92" goal_j="231"/>
    <agent start_i="211" start_j="86" goal_i="146" goal_j="177"/>
    <agent start_i="39" start_j="244" goal_i="144" goal_j="37"/>
</root>
