<?xml version="1.0" ?>
<root>
    <agent start_i="169" start_j="165" goal_i="41" goal_j="78"/>
    <agent start_i="80" start_j="198" goal_i="207" goal_j="144"/>
    <agent start_i="94" start_j="93" goal_i="150" goal_j="58"/>
    <agent start_i="42" start_j="243" goal_i="53" goal_j="129"/>
    <agent start_i="230" start_j="111" goal_i="72" goal_j="200"/>
    <agent start_i="211" start_j="224" goal_i="201" goal_j="145"/>
    <agent start_i="35" start_j="179" goal_i="49" goal_j="111"/>
    <agent start_i="129" start_j="159" goal_i="168" goal_j="121"/>
    <agent start_i="170" start_j="36" goal_i="210" goal_j="154"/>
    <agent start_i="234" start_j="64" goal_i="37" goal_j="171"/>
</root>
