<?xml version="1.0" ?>
<root>
    <agent start_i="82" start_j="209" goal_i="86" goal_j="243"/>
    <agent start_i="103" start_j="114" goal_i="149" goal_j="138"/>
    <agent start_i="151" start_j="73" goal_i="41" goal_j="151"/>
    <agent start_i="110" start_j="142" goal_i="22" goal_j="239"/>
    <agent start_i="196" start_j="228" goal_i="75" goal_j="69"/>
    <agent start_i="227" start_j="72" goal_i="175" goal_j="88"/>
    <agent start_i="187" start_j="17" goal_i="140" goal_j="162"/>
    <agent start_i="179" start_j="141" goal_i="37" goal_j="244"/>
    <agent start_i="21" start_j="150" goal_i="152" goal_j="79"/>
    <agent start_i="33" start_j="89" goal_i="68" goal_j="45"/>
</root>
