<?xml version="1.0" ?>
<root>
    <agent start_i="226" start_j="87" goal_i="150" goal_j="181"/>
    <agent start_i="19" start_j="145" goal_i="216" goal_j="238"/>
    <agent start_i="115" start_j="173" goal_i="53" goal_j="166"/>
    <agent start_i="8" start_j="244" goal_i="94" goal_j="67"/>
    <agent start_i="173" start_j="185" goal_i="35" goal_j="238"/>
    <agent start_i="80" start_j="48" goal_i="85" goal_j="128"/>
    <agent start_i="97" start_j="121" goal_i="86" goal_j="221"/>
    <agent start_i="157" start_j="79" goal_i="227" goal_j="102"/>
    <agent start_i="124" start_j="178" goal_i="174" goal_j="107"/>
    <agent start_i="173" start_j="134" goal_i="117" goal_j="232"/>
</root>
