<?xml version="1.0" ?>
<root>
    <agent start_i="195" start_j="82" goal_i="56" goal_j="165"/>
    <agent start_i="163" start_j="22" goal_i="105" goal_j="113"/>
    <agent start_i="203" start_j="224" goal_i="56" goal_j="64"/>
    <agent start_i="64" start_j="213" goal_i="117" goal_j="125"/>
    <agent start_i="212" start_j="143" goal_i="175" goal_j="227"/>
    <agent start_i="177" start_j="218" goal_i="90" goal_j="164"/>
    <agent start_i="39" start_j="194" goal_i="7" goal_j="234"/>
    <agent start_i="63" start_j="59" goal_i="162" goal_j="166"/>
    <agent start_i="37" start_j="135" goal_i="184" goal_j="96"/>
    <agent start_i="29" start_j="206" goal_i="26" goal_j="149"/>
</root>
