<?xml version="1.0" ?>
<root>
    <agent start_i="78" start_j="74" goal_i="164" goal_j="29"/>
    <agent start_i="17" start_j="173" goal_i="45" goal_j="95"/>
    <agent start_i="115" start_j="121" goal_i="77" goal_j="79"/>
    <agent start_i="214" start_j="209" goal_i="97" goal_j="229"/>
    <agent start_i="207" start_j="201" goal_i="28" goal_j="148"/>
    <agent start_i="156" start_j="167" goal_i="41" goal_j="86"/>
    <agent start_i="71" start_j="181" goal_i="73" goal_j="21"/>
    <agent start_i="160" start_j="163" goal_i="121" goal_j="240"/>
    <agent start_i="131" start_j="168" goal_i="114" goal_j="158"/>
    <agent start_i="147" start_j="255" goal_i="43" goal_j="151"/>
</root>
