<?xml version="1.0" ?>
<root>
    <agent start_i="211" start_j="156" goal_i="189" goal_j="244"/>
    <agent start_i="171" start_j="39" goal_i="159" goal_j="195"/>
    <agent start_i="64" start_j="232" goal_i="47" goal_j="84"/>
    <agent start_i="71" start_j="239" goal_i="153" goal_j="157"/>
    <agent start_i="47" start_j="181" goal_i="170" goal_j="166"/>
    <agent start_i="182" start_j="209" goal_i="84" goal_j="100"/>
    <agent start_i="38" start_j="247" goal_i="90" goal_j="61"/>
    <agent start_i="110" start_j="114" goal_i="138" goal_j="57"/>
    <agent start_i="83" start_j="76" goal_i="179" goal_j="82"/>
    <agent start_i="99" start_j="236" goal_i="17" goal_j="242"/>
</root>
