<?xml version="1.0" ?>
<root>
    <agent start_i="136" start_j="252" goal_i="37" goal_j="143"/>
    <agent start_i="34" start_j="74" goal_i="42" goal_j="76"/>
    <agent start_i="47" start_j="85" goal_i="179" goal_j="66"/>
    <agent start_i="147" start_j="151" goal_i="208" goal_j="210"/>
    <agent start_i="167" start_j="24" goal_i="78" goal_j="59"/>
    <agent start_i="148" start_j="161" goal_i="78" goal_j="169"/>
    <agent start_i="39" start_j="243" goal_i="126" goal_j="183"/>
    <agent start_i="78" start_j="192" goal_i="57" goal_j="76"/>
    <agent start_i="74" start_j="211" goal_i="169" goal_j="38"/>
    <agent start_i="60" start_j="62" goal_i="141" goal_j="10"/>
</root>
