<?xml version="1.0" ?>
<root>
    <agent start_i="147" start_j="45" goal_i="158" goal_j="25"/>
    <agent start_i="9" start_j="234" goal_i="28" goal_j="241"/>
    <agent start_i="30" start_j="142" goal_i="206" goal_j="235"/>
    <agent start_i="121" start_j="117" goal_i="16" goal_j="239"/>
    <agent start_i="209" start_j="145" goal_i="97" goal_j="141"/>
    <agent start_i="64" start_j="185" goal_i="199" goal_j="78"/>
    <agent start_i="40" start_j="110" goal_i="170" goal_j="120"/>
    <agent start_i="100" start_j="83" goal_i="54" goal_j="161"/>
    <agent start_i="103" start_j="88" goal_i="61" goal_j="93"/>
    <agent start_i="172" start_j="96" goal_i="225" goal_j="80"/>
</root>
