<?xml version="1.0" ?>
<root>
    <agent start_i="233" start_j="101" goal_i="91" goal_j="124"/>
    <agent start_i="180" start_j="165" goal_i="154" goal_j="20"/>
    <agent start_i="213" start_j="223" goal_i="201" goal_j="20"/>
    <agent start_i="86" start_j="81" goal_i="125" goal_j="160"/>
    <agent start_i="42" start_j="155" goal_i="229" goal_j="73"/>
    <agent start_i="73" start_j="230" goal_i="99" goal_j="142"/>
    <agent start_i="176" start_j="97" goal_i="191" goal_j="200"/>
    <agent start_i="52" start_j="60" goal_i="50" goal_j="135"/>
    <agent start_i="90" start_j="206" goal_i="162" goal_j="97"/>
    <agent start_i="41" start_j="247" goal_i="101" goal_j="170"/>
</root>
