<?xml version="1.0" ?>
<root>
    <agent start_i="126" start_j="249" goal_i="185" goal_j="209"/>
    <agent start_i="61" start_j="70" goal_i="100" goal_j="226"/>
    <agent start_i="97" start_j="128" goal_i="36" goal_j="188"/>
    <agent start_i="181" start_j="216" goal_i="178" goal_j="94"/>
    <agent start_i="204" start_j="237" goal_i="195" goal_j="67"/>
    <agent start_i="37" start_j="61" goal_i="74" goal_j="44"/>
    <agent start_i="214" start_j="228" goal_i="62" goal_j="241"/>
    <agent start_i="147" start_j="78" goal_i="86" goal_j="193"/>
    <agent start_i="104" start_j="130" goal_i="111" goal_j="229"/>
    <agent start_i="125" start_j="177" goal_i="149" goal_j="82"/>
</root>
