<?xml version="1.0" ?>
<root>
    <agent start_i="144" start_j="155" goal_i="66" goal_j="238"/>
    <agent start_i="206" start_j="207" goal_i="61" goal_j="94"/>
    <agent start_i="26" start_j="68" goal_i="49" goal_j="186"/>
    <agent start_i="232" start_j="123" goal_i="220" goal_j="137"/>
    <agent start_i="79" start_j="102" goal_i="167" goal_j="42"/>
    <agent start_i="110" start_j="141" goal_i="176" goal_j="180"/>
    <agent start_i="92" start_j="73" goal_i="33" goal_j="214"/>
    <agent start_i="68" start_j="186" goal_i="107" goal_j="179"/>
    <agent start_i="52" start_j="49" goal_i="177" goal_j="37"/>
    <agent start_i="24" start_j="146" goal_i="145" goal_j="159"/>
</root>
