<?xml version="1.0" ?>
<root>
    <agent start_i="188" start_j="200" goal_i="96" goal_j="81"/>
    <agent start_i="155" start_j="106" goal_i="109" goal_j="173"/>
    <agent start_i="98" start_j="66" goal_i="94" goal_j="165"/>
    <agent start_i="142" start_j="61" goal_i="165" goal_j="63"/>
    <agent start_i="84" start_j="58" goal_i="73" goal_j="66"/>
    <agent start_i="228" start_j="63" goal_i="226" goal_j="82"/>
    <agent start_i="159" start_j="169" goal_i="178" goal_j="221"/>
    <agent start_i="167" start_j="106" goal_i="89" goal_j="107"/>
    <agent start_i="15" start_j="128" goal_i="88" goal_j="68"/>
    <agent start_i="37" start_j="137" goal_i="191" goal_j="11"/>
</root>
