<?xml version="1.0" ?>
<root>
    <agent start_i="214" start_j="8" goal_i="117" goal_j="155"/>
    <agent start_i="74" start_j="37" goal_i="167" goal_j="148"/>
    <agent start_i="211" start_j="7" goal_i="68" goal_j="186"/>
    <agent start_i="173" start_j="163" goal_i="48" goal_j="75"/>
    <agent start_i="135" start_j="77" goal_i="149" goal_j="63"/>
    <agent start_i="127" start_j="215" goal_i="183" goal_j="206"/>
    <agent start_i="90" start_j="164" goal_i="48" goal_j="156"/>
    <agent start_i="118" start_j="172" goal_i="213" goal_j="131"/>
    <agent start_i="23" start_j="126" goal_i="103" goal_j="134"/>
    <agent start_i="164" start_j="193" goal_i="222" goal_j="223"/>
</root>
