<?xml version="1.0" ?>
<root>
    <agent start_i="68" start_j="180" goal_i="176" goal_j="131"/>
    <agent start_i="197" start_j="85" goal_i="200" goal_j="98"/>
    <agent start_i="214" start_j="73" goal_i="187" goal_j="234"/>
    <agent start_i="178" start_j="194" goal_i="170" goal_j="168"/>
    <agent start_i="39" start_j="246" goal_i="90" goal_j="191"/>
    <agent start_i="54" start_j="75" goal_i="11" goal_j="246"/>
    <agent start_i="88" start_j="128" goal_i="76" goal_j="57"/>
    <agent start_i="195" start_j="82" goal_i="56" goal_j="165"/>
    <agent start_i="86" start_j="109" goal_i="107" goal_j="237"/>
    <agent start_i="98" start_j="96" goal_i="139" goal_j="248"/>
</root>
