<?xml version="1.0" ?>
<root>
    <agent start_i="43" start_j="142" goal_i="161" goal_j="70"/>
    <agent start_i="146" start_j="150" goal_i="44" goal_j="252"/>
    <agent start_i="171" start_j="140" goal_i="71" goal_j="243"/>
    <agent start_i="152" start_j="174" goal_i="159" goal_j="51"/>
    <agent start_i="18" start_j="126" goal_i="153" goal_j="72"/>
    <agent start_i="211" start_j="211" goal_i="104" goal_j="216"/>
    <agent start_i="89" start_j="177" goal_i="150" goal_j="26"/>
    <agent start_i="55" start_j="179" goal_i="134" goal_j="165"/>
    <agent start_i="183" start_j="217" goal_i="178" goal_j="29"/>
    <agent start_i="167" start_j="133" goal_i="167" goal_j="140"/>
</root>
