<?xml version="1.0" ?>
<root>
    <agent start_i="41" start_j="190" goal_i="86" goal_j="95"/>
    <agent start_i="230" start_j="76" goal_i="178" goal_j="167"/>
    <agent start_i="91" start_j="101" goal_i="120" goal_j="174"/>
    <agent start_i="156" start_j="33" goal_i="63" goal_j="205"/>
    <agent start_i="84" start_j="123" goal_i="174" goal_j="89"/>
    <agent start_i="40" start_j="140" goal_i="111" goal_j="102"/>
    <agent start_i="66" start_j="222" goal_i="153" goal_j="178"/>
    <agent start_i="13" start_j="130" goal_i="190" goal_j="240"/>
    <agent start_i="92" start_j="81" goal_i="165" goal_j="93"/>
    <agent start_i="200" start_j="212" goal_i="221" goal_j="82"/>
</root>
