<?xml version="1.0" ?>
<root>
    <agent start_i="160" start_j="94" goal_i="211" goal_j="68"/>
    <agent start_i="162" start_j="199" goal_i="85" goal_j="87"/>
    <agent start_i="157" start_j="84" goal_i="178" goal_j="21"/>
    <agent start_i="38" start_j="98" goal_i="96" goal_j="62"/>
    <agent start_i="48" start_j="234" goal_i="98" goal_j="88"/>
    <agent start_i="110" start_j="183" goal_i="160" goal_j="21"/>
    <agent start_i="58" start_j="92" goal_i="56" goal_j="124"/>
    <agent start_i="24" start_j="247" goal_i="35" goal_j="240"/>
    <agent start_i="205" start_j="67" goal_i="78" goal_j="217"/>
    <agent start_i="85" start_j="99" goal_i="104" goal_j="85"/>
</root>
