<?xml version="1.0" ?>
<root>
    <agent start_i="148" start_j="139" goal_i="89" goal_j="228"/>
    <agent start_i="176" start_j="28" goal_i="181" goal_j="78"/>
    <agent start_i="77" start_j="185" goal_i="23" goal_j="238"/>
    <agent start_i="73" start_j="172" goal_i="167" goal_j="97"/>
    <agent start_i="137" start_j="59" goal_i="108" goal_j="219"/>
    <agent start_i="73" start_j="10" goal_i="173" goal_j="107"/>
    <agent start_i="91" start_j="117" goal_i="142" goal_j="93"/>
    <agent start_i="85" start_j="193" goal_i="84" goal_j="105"/>
    <agent start_i="40" start_j="209" goal_i="155" goal_j="50"/>
    <agent start_i="111" start_j="155" goal_i="54" goal_j="64"/>
</root>
