<?xml version="1.0" ?>
<root>
    <agent start_i="193" start_j="83" goal_i="176" goal_j="55"/>
    <agent start_i="209" start_j="141" goal_i="175" goal_j="96"/>
    <agent start_i="71" start_j="177" goal_i="214" goal_j="225"/>
    <agent start_i="221" start_j="138" goal_i="217" goal_j="220"/>
    <agent start_i="196" start_j="96" goal_i="158" goal_j="29"/>
    <agent start_i="171" start_j="19" goal_i="57" goal_j="56"/>
    <agent start_i="162" start_j="195" goal_i="76" goal_j="238"/>
    <agent start_i="150" start_j="95" goal_i="229" goal_j="103"/>
    <agent start_i="42" start_j="179" goal_i="131" goal_j="183"/>
    <agent start_i="177" start_j="82" goal_i="138" goal_j="158"/>
</root>
