<?xml version="1.0" ?>
<root>
    <agent start_i="94" start_j="219" goal_i="150" goal_j="42"/>
    <agent start_i="118" start_j="169" goal_i="38" goal_j="126"/>
    <agent start_i="149" start_j="89" goal_i="172" goal_j="21"/>
    <agent start_i="137" start_j="167" goal_i="183" goal_j="201"/>
    <agent start_i="204" start_j="148" goal_i="184" goal_j="223"/>
    <agent start_i="156" start_j="111" goal_i="148" goal_j="78"/>
    <agent start_i="93" start_j="79" goal_i="167" goal_j="74"/>
    <agent start_i="160" start_j="194" goal_i="40" goal_j="85"/>
    <agent start_i="51" start_j="156" goal_i="101" goal_j="78"/>
    <agent start_i="140" start_j="250" goal_i="25" goal_j="152"/>
</root>
