<?xml version="1.0" ?>
<root>
    <agent start_i="142" start_j="36" goal_i="40" goal_j="120"/>
    <agent start_i="28" start_j="156" goal_i="144" goal_j="66"/>
    <agent start_i="174" start_j="20" goal_i="56" goal_j="160"/>
    <agent start_i="158" start_j="80" goal_i="87" goal_j="219"/>
    <agent start_i="63" start_j="131" goal_i="73" goal_j="44"/>
    <agent start_i="217" start_j="109" goal_i="52" goal_j="188"/>
    <agent start_i="186" start_j="71" goal_i="179" goal_j="22"/>
    <agent start_i="68" start_j="67" goal_i="206" goal_j="226"/>
    <agent start_i="64" start_j="196" goal_i="199" goal_j="197"/>
    <agent start_i="46" start_j="244" goal_i="44" goal_j="108"/>
</root>
