<?xml version="1.0" ?>
<root>
    <agent start_i="164" start_j="106" goal_i="37" goal_j="184"/>
    <agent start_i="161" start_j="63" goal_i="135" goal_j="84"/>
    <agent start_i="68" start_j="127" goal_i="75" goal_j="219"/>
    <agent start_i="165" start_j="62" goal_i="21" goal_j="176"/>
    <agent start_i="194" start_j="236" goal_i="180" goal_j="185"/>
    <agent start_i="130" start_j="185" goal_i="169" goal_j="130"/>
    <agent start_i="208" start_j="215" goal_i="93" goal_j="218"/>
    <agent start_i="15" start_j="249" goal_i="37" goal_j="110"/>
    <agent start_i="179" start_j="177" goal_i="99" goal_j="83"/>
    <agent start_i="126" start_j="183" goal_i="218" goal_j="131"/>
</root>
