<?xml version="1.0" ?>
<root>
    <agent start_i="218" start_j="112" goal_i="178" goal_j="163"/>
    <agent start_i="151" start_j="69" goal_i="178" goal_j="146"/>
    <agent start_i="92" start_j="217" goal_i="92" goal_j="234"/>
    <agent start_i="153" start_j="130" goal_i="99" goal_j="160"/>
    <agent start_i="160" start_j="159" goal_i="208" goal_j="144"/>
    <agent start_i="191" start_j="80" goal_i="163" goal_j="199"/>
    <agent start_i="39" start_j="219" goal_i="149" goal_j="169"/>
    <agent start_i="84" start_j="107" goal_i="68" goal_j="167"/>
    <agent start_i="88" start_j="121" goal_i="141" goal_j="183"/>
    <agent start_i="168" start_j="19" goal_i="55" goal_j="167"/>
</root>
