<?xml version="1.0" ?>
<root>
    <agent start_i="41" start_j="74" goal_i="122" goal_j="217"/>
    <agent start_i="192" start_j="240" goal_i="202" goal_j="75"/>
    <agent start_i="161" start_j="195" goal_i="63" goal_j="129"/>
    <agent start_i="102" start_j="186" goal_i="37" goal_j="63"/>
    <agent start_i="202" start_j="83" goal_i="90" goal_j="187"/>
    <agent start_i="203" start_j="17" goal_i="185" goal_j="11"/>
    <agent start_i="183" start_j="83" goal_i="115" goal_j="218"/>
    <agent start_i="218" start_j="135" goal_i="163" goal_j="25"/>
    <agent start_i="159" start_j="22" goal_i="128" goal_j="182"/>
    <agent start_i="175" start_j="114" goal_i="57" goal_j="212"/>
</root>
