<?xml version="1.0" ?>
<root>
    <agent start_i="156" start_j="194" goal_i="90" goal_j="138"/>
    <agent start_i="95" start_j="223" goal_i="215" goal_j="87"/>
    <agent start_i="180" start_j="148" goal_i="90" goal_j="218"/>
    <agent start_i="48" start_j="49" goal_i="232" goal_j="131"/>
    <agent start_i="50" start_j="70" goal_i="186" goal_j="80"/>
    <agent start_i="72" start_j="186" goal_i="97" goal_j="115"/>
    <agent start_i="172" start_j="171" goal_i="166" goal_j="164"/>
    <agent start_i="76" start_j="222" goal_i="35" goal_j="92"/>
    <agent start_i="42" start_j="214" goal_i="78" goal_j="184"/>
    <agent start_i="205" start_j="139" goal_i="164" goal_j="24"/>
</root>
