<?xml version="1.0" ?>
<root>
    <agent start_i="60" start_j="81" goal_i="44" goal_j="179"/>
    <agent start_i="74" start_j="241" goal_i="220" goal_j="145"/>
    <agent start_i="49" start_j="116" goal_i="82" goal_j="210"/>
    <agent start_i="105" start_j="230" goal_i="229" goal_j="88"/>
    <agent start_i="190" start_j="95" goal_i="19" goal_j="241"/>
    <agent start_i="133" start_j="178" goal_i="125" goal_j="228"/>
    <agent start_i="146" start_j="66" goal_i="156" goal_j="119"/>
    <agent start_i="167" start_j="16" goal_i="170" goal_j="193"/>
    <agent start_i="217" start_j="222" goal_i="209" goal_j="240"/>
    <agent start_i="129" start_j="166" goal_i="70" goal_j="223"/>
</root>
