<?xml version="1.0" ?>
<root>
    <agent start_i="52" start_j="212" goal_i="194" goal_j="87"/>
    <agent start_i="62" start_j="174" goal_i="216" goal_j="104"/>
    <agent start_i="105" start_j="131" goal_i="117" goal_j="221"/>
    <agent start_i="74" start_j="185" goal_i="158" goal_j="192"/>
    <agent start_i="94" start_j="128" goal_i="143" goal_j="69"/>
    <agent start_i="164" start_j="187" goal_i="32" goal_j="155"/>
    <agent start_i="128" start_j="231" goal_i="146" goal_j="46"/>
    <agent start_i="158" start_j="11" goal_i="178" goal_j="18"/>
    <agent start_i="150" start_j="73" goal_i="132" goal_j="171"/>
    <agent start_i="89" start_j="158" goal_i="133" goal_j="49"/>
</root>
