<?xml version="1.0" ?>
<root>
    <agent start_i="222" start_j="82" goal_i="74" goal_j="70"/>
    <agent start_i="60" start_j="243" goal_i="166" goal_j="38"/>
    <agent start_i="79" start_j="59" goal_i="101" goal_j="157"/>
    <agent start_i="166" start_j="85" goal_i="172" goal_j="135"/>
    <agent start_i="120" start_j="218" goal_i="44" goal_j="107"/>
    <agent start_i="220" start_j="154" goal_i="106" goal_j="121"/>
    <agent start_i="106" start_j="156" goal_i="113" goal_j="119"/>
    <agent start_i="196" start_j="235" goal_i="168" goal_j="51"/>
    <agent start_i="52" start_j="212" goal_i="194" goal_j="87"/>
    <agent start_i="80" start_j="172" goal_i="42" goal_j="148"/>
</root>
