<?xml version="1.0" ?>
<root>
    <agent start_i="151" start_j="62" goal_i="208" goal_j="81"/>
    <agent start_i="221" start_j="81" goal_i="111" goal_j="131"/>
    <agent start_i="90" start_j="98" goal_i="116" goal_j="150"/>
    <agent start_i="210" start_j="221" goal_i="82" goal_j="235"/>
    <agent start_i="44" start_j="107" goal_i="183" goal_j="79"/>
    <agent start_i="52" start_j="219" goal_i="159" goal_j="99"/>
    <agent start_i="184" start_j="178" goal_i="86" goal_j="170"/>
    <agent start_i="138" start_j="52" goal_i="34" goal_j="204"/>
    <agent start_i="94" start_j="226" goal_i="216" goal_j="231"/>
    <agent start_i="66" start_j="127" goal_i="109" goal_j="159"/>
</root>
