<?xml version="1.0" ?>
<root>
    <agent start_i="71" start_j="206" goal_i="212" goal_j="69"/>
    <agent start_i="74" start_j="173" goal_i="38" goal_j="179"/>
    <agent start_i="211" start_j="17" goal_i="84" goal_j="105"/>
    <agent start_i="214" start_j="132" goal_i="217" goal_j="228"/>
    <agent start_i="62" start_j="131" goal_i="132" goal_j="213"/>
    <agent start_i="110" start_j="234" goal_i="62" goal_j="240"/>
    <agent start_i="75" start_j="64" goal_i="50" goal_j="167"/>
    <agent start_i="4" start_j="136" goal_i="149" goal_j="74"/>
    <agent start_i="104" start_j="151" goal_i="55" goal_j="89"/>
    <agent start_i="66" start_j="128" goal_i="222" goal_j="221"/>
</root>
