<?xml version="1.0" ?>
<root>
    <agent start_i="73" start_j="27" goal_i="51" goal_j="141"/>
    <agent start_i="32" start_j="163" goal_i="156" goal_j="103"/>
    <agent start_i="162" start_j="168" goal_i="72" goal_j="226"/>
    <agent start_i="84" start_j="111" goal_i="204" goal_j="81"/>
    <agent start_i="75" start_j="58" goal_i="95" goal_j="215"/>
    <agent start_i="157" start_j="170" goal_i="119" goal_j="219"/>
    <agent start_i="215" start_j="237" goal_i="189" goal_j="226"/>
    <agent start_i="35" start_j="83" goal_i="177" goal_j="146"/>
    <agent start_i="92" start_j="228" goal_i="180" goal_j="166"/>
    <agent start_i="40" start_j="145" goal_i="41" goal_j="213"/>
</root>
