<?xml version="1.0" ?>
<root>
    <agent start_i="42" start_j="110" goal_i="100" goal_j="116"/>
    <agent start_i="59" start_j="48" goal_i="144" goal_j="70"/>
    <agent start_i="137" start_j="55" goal_i="193" goal_j="10"/>
    <agent start_i="153" start_j="139" goal_i="152" goal_j="155"/>
    <agent start_i="204" start_j="223" goal_i="62" goal_j="172"/>
    <agent start_i="166" start_j="187" goal_i="185" goal_j="28"/>
    <agent start_i="84" start_j="89" goal_i="201" goal_j="236"/>
    <agent start_i="116" start_j="111" goal_i="74" goal_j="190"/>
    <agent start_i="41" start_j="52" goal_i="153" goal_j="82"/>
    <agent start_i="212" start_j="8" goal_i="53" goal_j="167"/>
</root>
