<?xml version="1.0" ?>
<root>
    <agent start_i="157" start_j="67" goal_i="220" goal_j="226"/>
    <agent start_i="178" start_j="22" goal_i="101" goal_j="113"/>
    <agent start_i="69" start_j="191" goal_i="90" goal_j="133"/>
    <agent start_i="53" start_j="73" goal_i="143" goal_j="87"/>
    <agent start_i="184" start_j="97" goal_i="173" goal_j="147"/>
    <agent start_i="103" start_j="98" goal_i="185" goal_j="27"/>
    <agent start_i="190" start_j="234" goal_i="74" goal_j="211"/>
    <agent start_i="106" start_j="89" goal_i="34" goal_j="118"/>
    <agent start_i="105" start_j="102" goal_i="34" goal_j="121"/>
    <agent start_i="38" start_j="64" goal_i="167" goal_j="96"/>
</root>
