<?xml version="1.0" ?>
<root>
    <agent start_i="79" start_j="54" goal_i="176" goal_j="146"/>
    <agent start_i="104" start_j="148" goal_i="58" goal_j="175"/>
    <agent start_i="103" start_j="186" goal_i="71" goal_j="225"/>
    <agent start_i="102" start_j="145" goal_i="169" goal_j="112"/>
    <agent start_i="18" start_j="146" goal_i="177" goal_j="140"/>
    <agent start_i="64" start_j="45" goal_i="55" goal_j="186"/>
    <agent start_i="92" start_j="166" goal_i="26" goal_j="131"/>
    <agent start_i="59" start_j="235" goal_i="160" goal_j="91"/>
    <agent start_i="51" start_j="68" goal_i="138" goal_j="84"/>
    <agent start_i="204" start_j="147" goal_i="58" goal_j="126"/>
</root>
