<?xml version="1.0" ?>
<root>
    <agent start_i="166" start_j="149" goal_i="67" goal_j="199"/>
    <agent start_i="90" start_j="229" goal_i="36" goal_j="170"/>
    <agent start_i="144" start_j="185" goal_i="36" goal_j="107"/>
    <agent start_i="166" start_j="133" goal_i="159" goal_j="132"/>
    <agent start_i="154" start_j="25" goal_i="178" goal_j="73"/>
    <agent start_i="164" start_j="18" goal_i="43" goal_j="159"/>
    <agent start_i="162" start_j="185" goal_i="37" goal_j="119"/>
    <agent start_i="191" start_j="202" goal_i="146" goal_j="89"/>
    <agent start_i="102" start_j="238" goal_i="100" goal_j="238"/>
    <agent start_i="189" start_j="199" goal_i="86" goal_j="182"/>
</root>
