<?xml version="1.0" ?>
<root>
    <agent start_i="59" start_j="183" goal_i="40" goal_j="65"/>
    <agent start_i="175" start_j="154" goal_i="176" goal_j="140"/>
    <agent start_i="17" start_j="144" goal_i="90" goal_j="188"/>
    <agent start_i="176" start_j="97" goal_i="191" goal_j="200"/>
    <agent start_i="24" start_j="150" goal_i="222" goal_j="155"/>
    <agent start_i="35" start_j="142" goal_i="156" goal_j="8"/>
    <agent start_i="175" start_j="68" goal_i="132" goal_j="178"/>
    <agent start_i="178" start_j="140" goal_i="135" goal_j="48"/>
    <agent start_i="38" start_j="179" goal_i="167" goal_j="195"/>
    <agent start_i="43" start_j="184" goal_i="183" goal_j="222"/>
</root>
