<?xml version="1.0" ?>
<root>
    <agent start_i="89" start_j="111" goal_i="179" goal_j="165"/>
    <agent start_i="171" start_j="167" goal_i="102" goal_j="168"/>
    <agent start_i="163" start_j="108" goal_i="185" goal_j="204"/>
    <agent start_i="48" start_j="57" goal_i="4" goal_j="244"/>
    <agent start_i="221" start_j="118" goal_i="62" goal_j="192"/>
    <agent start_i="215" start_j="149" goal_i="140" goal_j="184"/>
    <agent start_i="174" start_j="202" goal_i="196" goal_j="219"/>
    <agent start_i="105" start_j="179" goal_i="78" goal_j="37"/>
    <agent start_i="161" start_j="85" goal_i="46" goal_j="76"/>
    <agent start_i="166" start_j="77" goal_i="174" goal_j="13"/>
</root>
