<?xml version="1.0" ?>
<root>
    <agent start_i="144" start_j="19" goal_i="59" goal_j="123"/>
    <agent start_i="84" start_j="233" goal_i="214" goal_j="9"/>
    <agent start_i="81" start_j="59" goal_i="210" goal_j="214"/>
    <agent start_i="102" start_j="117" goal_i="179" goal_j="141"/>
    <agent start_i="40" start_j="204" goal_i="129" goal_j="170"/>
    <agent start_i="97" start_j="183" goal_i="175" goal_j="218"/>
    <agent start_i="225" start_j="58" goal_i="141" goal_j="167"/>
    <agent start_i="192" start_j="77" goal_i="221" goal_j="108"/>
    <agent start_i="83" start_j="67" goal_i="166" goal_j="71"/>
    <agent start_i="99" start_j="143" goal_i="87" goal_j="124"/>
</root>
