<?xml version="1.0" ?>
<root>
    <agent start_i="67" start_j="230" goal_i="101" goal_j="166"/>
    <agent start_i="102" start_j="153" goal_i="111" goal_j="230"/>
    <agent start_i="176" start_j="138" goal_i="151" goal_j="65"/>
    <agent start_i="58" start_j="68" goal_i="195" goal_j="78"/>
    <agent start_i="211" start_j="139" goal_i="138" goal_j="13"/>
    <agent start_i="45" start_j="90" goal_i="173" goal_j="38"/>
    <agent start_i="169" start_j="81" goal_i="114" goal_j="108"/>
    <agent start_i="31" start_j="185" goal_i="86" goal_j="97"/>
    <agent start_i="224" start_j="148" goal_i="104" goal_j="219"/>
    <agent start_i="58" start_j="179" goal_i="211" goal_j="217"/>
</root>
