<?xml version="1.0" ?>
<root>
    <agent start_i="155" start_j="76" goal_i="90" goal_j="73"/>
    <agent start_i="160" start_j="22" goal_i="226" goal_j="100"/>
    <agent start_i="180" start_j="98" goal_i="22" goal_j="161"/>
    <agent start_i="125" start_j="221" goal_i="159" goal_j="189"/>
    <agent start_i="71" start_j="186" goal_i="158" goal_j="185"/>
    <agent start_i="109" start_j="135" goal_i="15" goal_j="138"/>
    <agent start_i="86" start_j="244" goal_i="217" goal_j="110"/>
    <agent start_i="180" start_j="139" goal_i="46" goal_j="249"/>
    <agent start_i="66" start_j="57" goal_i="197" goal_j="73"/>
    <agent start_i="208" start_j="14" goal_i="42" goal_j="182"/>
</root>
