<?xml version="1.0" ?>
<root>
    <agent start_i="76" start_j="26" goal_i="185" goal_j="177"/>
    <agent start_i="216" start_j="123" goal_i="221" goal_j="106"/>
    <agent start_i="65" start_j="72" goal_i="69" goal_j="240"/>
    <agent start_i="75" start_j="23" goal_i="173" goal_j="74"/>
    <agent start_i="135" start_j="86" goal_i="41" goal_j="154"/>
    <agent start_i="61" start_j="202" goal_i="180" goal_j="86"/>
    <agent start_i="31" start_j="74" goal_i="153" goal_j="128"/>
    <agent start_i="165" start_j="165" goal_i="203" goal_j="11"/>
    <agent start_i="29" start_j="178" goal_i="145" goal_j="164"/>
    <agent start_i="38" start_j="246" goal_i="214" goal_j="77"/>
</root>
