<?xml version="1.0" ?>
<root>
    <agent start_i="159" start_j="153" goal_i="137" goal_j="88"/>
    <agent start_i="146" start_j="38" goal_i="90" goal_j="182"/>
    <agent start_i="162" start_j="90" goal_i="162" goal_j="29"/>
    <agent start_i="183" start_j="56" goal_i="61" goal_j="130"/>
    <agent start_i="77" start_j="204" goal_i="148" goal_j="68"/>
    <agent start_i="15" start_j="241" goal_i="76" goal_j="168"/>
    <agent start_i="153" start_j="104" goal_i="104" goal_j="226"/>
    <agent start_i="158" start_j="107" goal_i="205" goal_j="11"/>
    <agent start_i="162" start_j="8" goal_i="28" goal_j="128"/>
    <agent start_i="144" start_j="55" goal_i="162" goal_j="97"/>
</root>
