<?xml version="1.0" ?>
<root>
    <agent start_i="140" start_j="95" goal_i="204" goal_j="98"/>
    <agent start_i="146" start_j="39" goal_i="35" goal_j="235"/>
    <agent start_i="191" start_j="236" goal_i="215" goal_j="74"/>
    <agent start_i="56" start_j="101" goal_i="189" goal_j="76"/>
    <agent start_i="148" start_j="184" goal_i="59" goal_j="191"/>
    <agent start_i="152" start_j="32" goal_i="93" goal_j="126"/>
    <agent start_i="161" start_j="87" goal_i="19" goal_j="176"/>
    <agent start_i="70" start_j="188" goal_i="172" goal_j="167"/>
    <agent start_i="190" start_j="216" goal_i="82" goal_j="213"/>
    <agent start_i="224" start_j="126" goal_i="76" goal_j="60"/>
</root>
