<?xml version="1.0" ?>
<root>
    <agent start_i="80" start_j="43" goal_i="230" goal_j="89"/>
    <agent start_i="152" start_j="127" goal_i="169" goal_j="98"/>
    <agent start_i="155" start_j="182" goal_i="214" goal_j="114"/>
    <agent start_i="78" start_j="229" goal_i="110" goal_j="143"/>
    <agent start_i="58" start_j="90" goal_i="107" goal_j="150"/>
    <agent start_i="152" start_j="132" goal_i="11" goal_j="130"/>
    <agent start_i="170" start_j="191" goal_i="192" goal_j="16"/>
    <agent start_i="59" start_j="190" goal_i="78" goal_j="43"/>
    <agent start_i="160" start_j="38" goal_i="60" goal_j="73"/>
    <agent start_i="105" start_j="102" goal_i="34" goal_j="121"/>
</root>
