<?xml version="1.0" ?>
<root>
    <agent start_i="101" start_j="93" goal_i="52" goal_j="247"/>
    <agent start_i="59" start_j="175" goal_i="34" goal_j="175"/>
    <agent start_i="97" start_j="185" goal_i="207" goal_j="217"/>
    <agent start_i="166" start_j="158" goal_i="120" goal_j="156"/>
    <agent start_i="195" start_j="81" goal_i="151" goal_j="106"/>
    <agent start_i="218" start_j="150" goal_i="192" goal_j="211"/>
    <agent start_i="111" start_j="144" goal_i="99" goal_j="153"/>
    <agent start_i="74" start_j="224" goal_i="229" goal_j="94"/>
    <agent start_i="205" start_j="83" goal_i="92" goal_j="135"/>
    <agent start_i="18" start_j="164" goal_i="154" goal_j="111"/>
</root>
