<?xml version="1.0" ?>
<root>
    <agent start_i="67" start_j="64" goal_i="70" goal_j="57"/>
    <agent start_i="38" start_j="147" goal_i="219" goal_j="140"/>
    <agent start_i="45" start_j="68" goal_i="221" goal_j="157"/>
    <agent start_i="225" start_j="110" goal_i="87" goal_j="216"/>
    <agent start_i="196" start_j="240" goal_i="93" goal_j="225"/>
    <agent start_i="88" start_j="191" goal_i="142" goal_j="50"/>
    <agent start_i="173" start_j="48" goal_i="183" goal_j="75"/>
    <agent start_i="22" start_j="157" goal_i="55" goal_j="180"/>
    <agent start_i="79" start_j="53" goal_i="172" goal_j="97"/>
    <agent start_i="170" start_j="47" goal_i="93" goal_j="232"/>
</root>
