<?xml version="1.0" ?>
<root>
    <agent start_i="116" start_j="181" goal_i="95" goal_j="179"/>
    <agent start_i="79" start_j="101" goal_i="88" goal_j="68"/>
    <agent start_i="148" start_j="37" goal_i="186" goal_j="83"/>
    <agent start_i="88" start_j="160" goal_i="33" goal_j="194"/>
    <agent start_i="163" start_j="66" goal_i="100" goal_j="94"/>
    <agent start_i="162" start_j="162" goal_i="109" goal_j="142"/>
    <agent start_i="8" start_j="234" goal_i="231" goal_j="100"/>
    <agent start_i="149" start_j="27" goal_i="39" goal_j="137"/>
    <agent start_i="90" start_j="224" goal_i="167" goal_j="89"/>
    <agent start_i="159" start_j="122" goal_i="189" goal_j="8"/>
</root>
