<?xml version="1.0" ?>
<root>
    <agent start_i="51" start_j="122" goal_i="209" goal_j="101"/>
    <agent start_i="155" start_j="47" goal_i="156" goal_j="39"/>
    <agent start_i="56" start_j="166" goal_i="184" goal_j="206"/>
    <agent start_i="72" start_j="43" goal_i="69" goal_j="228"/>
    <agent start_i="120" start_j="238" goal_i="75" goal_j="168"/>
    <agent start_i="35" start_j="109" goal_i="38" goal_j="92"/>
    <agent start_i="217" start_j="81" goal_i="171" goal_j="15"/>
    <agent start_i="109" start_j="171" goal_i="160" goal_j="93"/>
    <agent start_i="116" start_j="237" goal_i="162" goal_j="154"/>
    <agent start_i="225" start_j="60" goal_i="199" goal_j="202"/>
</root>
