<?xml version="1.0" ?>
<root>
    <agent start_i="71" start_j="35" goal_i="140" goal_j="33"/>
    <agent start_i="176" start_j="62" goal_i="134" goal_j="169"/>
    <agent start_i="90" start_j="60" goal_i="103" goal_j="223"/>
    <agent start_i="86" start_j="172" goal_i="150" goal_j="35"/>
    <agent start_i="231" start_j="74" goal_i="188" goal_j="209"/>
    <agent start_i="52" start_j="77" goal_i="83" goal_j="200"/>
    <agent start_i="188" start_j="210" goal_i="95" goal_j="227"/>
    <agent start_i="89" start_j="94" goal_i="162" goal_j="82"/>
    <agent start_i="48" start_j="124" goal_i="177" goal_j="72"/>
    <agent start_i="72" start_j="131" goal_i="90" goal_j="174"/>
</root>
