<?xml version="1.0" ?>
<root>
    <agent start_i="25" start_j="247" goal_i="87" goal_j="129"/>
    <agent start_i="72" start_j="215" goal_i="207" goal_j="150"/>
    <agent start_i="87" start_j="223" goal_i="215" goal_j="215"/>
    <agent start_i="99" start_j="150" goal_i="115" goal_j="227"/>
    <agent start_i="51" start_j="239" goal_i="89" goal_j="124"/>
    <agent start_i="17" start_j="150" goal_i="168" goal_j="42"/>
    <agent start_i="51" start_j="245" goal_i="43" goal_j="131"/>
    <agent start_i="89" start_j="171" goal_i="167" goal_j="110"/>
    <agent start_i="216" start_j="116" goal_i="192" goal_j="238"/>
    <agent start_i="33" start_j="160" goal_i="4" goal_j="241"/>
</root>
