<?xml version="1.0" ?>
<root>
    <agent start_i="172" start_j="127" goal_i="210" goal_j="144"/>
    <agent start_i="215" start_j="86" goal_i="176" goal_j="60"/>
    <agent start_i="140" start_j="71" goal_i="20" goal_j="145"/>
    <agent start_i="108" start_j="134" goal_i="148" goal_j="85"/>
    <agent start_i="94" start_j="85" goal_i="39" goal_j="216"/>
    <agent start_i="39" start_j="144" goal_i="44" goal_j="64"/>
    <agent start_i="217" start_j="123" goal_i="151" goal_j="56"/>
    <agent start_i="135" start_j="182" goal_i="46" goal_j="151"/>
    <agent start_i="174" start_j="164" goal_i="168" goal_j="100"/>
    <agent start_i="225" start_j="106" goal_i="67" goal_j="219"/>
</root>
