<?xml version="1.0" ?>
<root>
    <agent start_i="65" start_j="206" goal_i="210" goal_j="151"/>
    <agent start_i="177" start_j="134" goal_i="55" goal_j="219"/>
    <agent start_i="164" start_j="40" goal_i="73" goal_j="226"/>
    <agent start_i="126" start_j="238" goal_i="203" goal_j="208"/>
    <agent start_i="158" start_j="86" goal_i="197" goal_j="198"/>
    <agent start_i="128" start_j="159" goal_i="167" goal_j="162"/>
    <agent start_i="41" start_j="110" goal_i="75" goal_j="29"/>
    <agent start_i="170" start_j="73" goal_i="186" goal_j="208"/>
    <agent start_i="122" start_j="174" goal_i="162" goal_j="34"/>
    <agent start_i="156" start_j="47" goal_i="141" goal_j="91"/>
</root>
