<?xml version="1.0" ?>
<root>
    <agent start_i="103" start_j="148" goal_i="83" goal_j="104"/>
    <agent start_i="153" start_j="132" goal_i="155" goal_j="108"/>
    <agent start_i="73" start_j="193" goal_i="53" goal_j="170"/>
    <agent start_i="172" start_j="147" goal_i="223" goal_j="150"/>
    <agent start_i="43" start_j="246" goal_i="164" goal_j="8"/>
    <agent start_i="69" start_j="200" goal_i="40" goal_j="126"/>
    <agent start_i="4" start_j="137" goal_i="52" goal_j="188"/>
    <agent start_i="45" start_j="86" goal_i="227" goal_j="89"/>
    <agent start_i="51" start_j="91" goal_i="148" goal_j="86"/>
    <agent start_i="230" start_j="150" goal_i="109" goal_j="175"/>
</root>
