<?xml version="1.0" ?>
<root>
    <agent start_i="1" start_j="242" goal_i="50" goal_j="185"/>
    <agent start_i="200" start_j="99" goal_i="146" goal_j="35"/>
    <agent start_i="41" start_j="240" goal_i="53" goal_j="50"/>
    <agent start_i="55" start_j="161" goal_i="8" goal_j="239"/>
    <agent start_i="218" start_j="109" goal_i="193" goal_j="221"/>
    <agent start_i="160" start_j="72" goal_i="21" goal_j="130"/>
    <agent start_i="28" start_j="162" goal_i="71" goal_j="223"/>
    <agent start_i="166" start_j="155" goal_i="155" goal_j="163"/>
    <agent start_i="120" start_j="215" goal_i="75" goal_j="231"/>
    <agent start_i="228" start_j="145" goal_i="60" goal_j="221"/>
</root>
