<?xml version="1.0" ?>
<root>
    <agent start_i="35" start_j="170" goal_i="168" goal_j="155"/>
    <agent start_i="37" start_j="83" goal_i="85" goal_j="54"/>
    <agent start_i="40" start_j="198" goal_i="171" goal_j="175"/>
    <agent start_i="132" start_j="51" goal_i="228" goal_j="131"/>
    <agent start_i="154" start_j="48" goal_i="231" goal_j="104"/>
    <agent start_i="102" start_j="135" goal_i="46" goal_j="72"/>
    <agent start_i="43" start_j="61" goal_i="234" goal_j="100"/>
    <agent start_i="57" start_j="90" goal_i="21" goal_j="172"/>
    <agent start_i="22" start_j="175" goal_i="174" goal_j="168"/>
    <agent start_i="36" start_j="89" goal_i="166" goal_j="14"/>
</root>
