<?xml version="1.0" ?>
<root>
    <agent start_i="38" start_j="94" goal_i="51" goal_j="216"/>
    <agent start_i="227" start_j="66" goal_i="167" goal_j="27"/>
    <agent start_i="74" start_j="13" goal_i="176" goal_j="19"/>
    <agent start_i="95" start_j="123" goal_i="49" goal_j="118"/>
    <agent start_i="33" start_j="93" goal_i="223" goal_j="129"/>
    <agent start_i="141" start_j="153" goal_i="208" goal_j="79"/>
    <agent start_i="180" start_j="81" goal_i="66" goal_j="66"/>
    <agent start_i="86" start_j="93" goal_i="70" goal_j="51"/>
    <agent start_i="63" start_j="131" goal_i="73" goal_j="44"/>
    <agent start_i="224" start_j="111" goal_i="160" goal_j="14"/>
</root>
