<?xml version="1.0" ?>
<root>
    <agent start_i="156" start_j="115" goal_i="232" goal_j="69"/>
    <agent start_i="157" start_j="99" goal_i="167" goal_j="73"/>
    <agent start_i="121" start_j="164" goal_i="138" goal_j="92"/>
    <agent start_i="91" start_j="228" goal_i="142" goal_j="85"/>
    <agent start_i="63" start_j="66" goal_i="186" goal_j="92"/>
    <agent start_i="108" start_j="104" goal_i="185" goal_j="179"/>
    <agent start_i="39" start_j="211" goal_i="88" goal_j="130"/>
    <agent start_i="27" start_j="249" goal_i="53" goal_j="129"/>
    <agent start_i="228" start_j="156" goal_i="111" goal_j="162"/>
    <agent start_i="19" start_j="242" goal_i="163" goal_j="93"/>
</root>
