<?xml version="1.0" ?>
<root>
    <agent start_i="116" start_j="165" goal_i="47" goal_j="70"/>
    <agent start_i="209" start_j="147" goal_i="176" goal_j="69"/>
    <agent start_i="178" start_j="92" goal_i="165" goal_j="200"/>
    <agent start_i="95" start_j="152" goal_i="184" goal_j="36"/>
    <agent start_i="108" start_j="175" goal_i="173" goal_j="125"/>
    <agent start_i="98" start_j="76" goal_i="64" goal_j="70"/>
    <agent start_i="19" start_j="251" goal_i="224" goal_j="99"/>
    <agent start_i="224" start_j="80" goal_i="167" goal_j="150"/>
    <agent start_i="152" start_j="126" goal_i="172" goal_j="223"/>
    <agent start_i="86" start_j="196" goal_i="95" goal_j="141"/>
</root>
