<?xml version="1.0" ?>
<root>
    <agent start_i="228" start_j="100" goal_i="58" goal_j="86"/>
    <agent start_i="128" start_j="252" goal_i="37" goal_j="234"/>
    <agent start_i="40" start_j="121" goal_i="173" goal_j="28"/>
    <agent start_i="73" start_j="203" goal_i="94" goal_j="92"/>
    <agent start_i="157" start_j="103" goal_i="221" goal_j="140"/>
    <agent start_i="73" start_j="62" goal_i="228" goal_j="146"/>
    <agent start_i="48" start_j="71" goal_i="202" goal_j="80"/>
    <agent start_i="62" start_j="82" goal_i="39" goal_j="207"/>
    <agent start_i="139" start_j="171" goal_i="114" goal_j="217"/>
    <agent start_i="109" start_j="110" goal_i="52" goal_j="105"/>
</root>
