<?xml version="1.0" ?>
<root>
    <agent start_i="104" start_j="221" goal_i="209" goal_j="75"/>
    <agent start_i="135" start_j="251" goal_i="21" goal_j="163"/>
    <agent start_i="138" start_j="71" goal_i="73" goal_j="66"/>
    <agent start_i="74" start_j="194" goal_i="202" goal_j="149"/>
    <agent start_i="81" start_j="231" goal_i="196" goal_j="71"/>
    <agent start_i="88" start_j="213" goal_i="202" goal_j="143"/>
    <agent start_i="96" start_j="141" goal_i="19" goal_j="160"/>
    <agent start_i="209" start_j="16" goal_i="21" goal_j="183"/>
    <agent start_i="105" start_j="231" goal_i="113" goal_j="223"/>
    <agent start_i="62" start_j="52" goal_i="94" goal_j="109"/>
</root>
