<?xml version="1.0" ?>
<root>
    <agent start_i="156" start_j="166" goal_i="119" goal_j="168"/>
    <agent start_i="23" start_j="252" goal_i="144" goal_j="23"/>
    <agent start_i="141" start_j="87" goal_i="93" goal_j="61"/>
    <agent start_i="196" start_j="69" goal_i="158" goal_j="191"/>
    <agent start_i="17" start_j="184" goal_i="212" goal_j="142"/>
    <agent start_i="64" start_j="46" goal_i="223" goal_j="221"/>
    <agent start_i="71" start_j="40" goal_i="225" goal_j="64"/>
    <agent start_i="181" start_j="227" goal_i="107" goal_j="114"/>
    <agent start_i="167" start_j="113" goal_i="191" goal_j="222"/>
    <agent start_i="51" start_j="142" goal_i="134" goal_j="249"/>
</root>
