<?xml version="1.0" ?>
<root>
    <agent start_i="109" start_j="229" goal_i="184" goal_j="84"/>
    <agent start_i="39" start_j="76" goal_i="52" goal_j="163"/>
    <agent start_i="216" start_j="220" goal_i="123" goal_j="238"/>
    <agent start_i="221" start_j="222" goal_i="109" goal_j="244"/>
    <agent start_i="79" start_j="217" goal_i="120" goal_j="230"/>
    <agent start_i="79" start_j="191" goal_i="205" goal_j="235"/>
    <agent start_i="89" start_j="225" goal_i="35" goal_j="117"/>
    <agent start_i="5" start_j="243" goal_i="156" goal_j="112"/>
    <agent start_i="168" start_j="11" goal_i="147" goal_j="27"/>
    <agent start_i="174" start_j="114" goal_i="141" goal_j="95"/>
</root>
