<?xml version="1.0" ?>
<root>
    <agent start_i="149" start_j="97" goal_i="48" goal_j="152"/>
    <agent start_i="185" start_j="34" goal_i="90" goal_j="172"/>
    <agent start_i="179" start_j="60" goal_i="136" goal_j="172"/>
    <agent start_i="98" start_j="63" goal_i="162" goal_j="176"/>
    <agent start_i="158" start_j="175" goal_i="86" goal_j="90"/>
    <agent start_i="96" start_j="234" goal_i="228" goal_j="87"/>
    <agent start_i="219" start_j="147" goal_i="210" goal_j="79"/>
    <agent start_i="131" start_j="174" goal_i="205" goal_j="205"/>
    <agent start_i="108" start_j="153" goal_i="152" goal_j="130"/>
    <agent start_i="209" start_j="70" goal_i="42" goal_j="238"/>
</root>
