<?xml version="1.0" ?>
<root>
    <agent start_i="182" start_j="174" goal_i="184" goal_j="168"/>
    <agent start_i="80" start_j="46" goal_i="96" goal_j="133"/>
    <agent start_i="51" start_j="85" goal_i="212" goal_j="216"/>
    <agent start_i="103" start_j="243" goal_i="176" goal_j="75"/>
    <agent start_i="29" start_j="141" goal_i="123" goal_j="220"/>
    <agent start_i="54" start_j="166" goal_i="170" goal_j="43"/>
    <agent start_i="154" start_j="180" goal_i="148" goal_j="79"/>
    <agent start_i="145" start_j="50" goal_i="228" goal_j="145"/>
    <agent start_i="54" start_j="188" goal_i="162" goal_j="91"/>
    <agent start_i="17" start_j="241" goal_i="148" goal_j="24"/>
</root>
