<?xml version="1.0" ?>
<root>
    <agent start_i="140" start_j="180" goal_i="177" goal_j="147"/>
    <agent start_i="97" start_j="116" goal_i="44" goal_j="67"/>
    <agent start_i="170" start_j="119" goal_i="66" goal_j="225"/>
    <agent start_i="41" start_j="118" goal_i="125" goal_j="227"/>
    <agent start_i="209" start_j="79" goal_i="176" goal_j="154"/>
    <agent start_i="37" start_j="147" goal_i="196" goal_j="240"/>
    <agent start_i="57" start_j="54" goal_i="95" goal_j="58"/>
    <agent start_i="15" start_j="136" goal_i="156" goal_j="177"/>
    <agent start_i="136" start_j="84" goal_i="18" goal_j="243"/>
    <agent start_i="201" start_j="142" goal_i="171" goal_j="36"/>
</root>
