<?xml version="1.0" ?>
<root>
    <agent start_i="177" start_j="224" goal_i="145" goal_j="185"/>
    <agent start_i="97" start_j="61" goal_i="26" goal_j="168"/>
    <agent start_i="56" start_j="235" goal_i="159" goal_j="183"/>
    <agent start_i="103" start_j="170" goal_i="63" goal_j="70"/>
    <agent start_i="125" start_j="228" goal_i="32" goal_j="203"/>
    <agent start_i="140" start_j="151" goal_i="64" goal_j="194"/>
    <agent start_i="153" start_j="71" goal_i="169" goal_j="45"/>
    <agent start_i="229" start_j="149" goal_i="109" goal_j="104"/>
    <agent start_i="165" start_j="170" goal_i="72" goal_j="20"/>
    <agent start_i="27" start_j="154" goal_i="186" goal_j="68"/>
</root>
