<?xml version="1.0" ?>
<root>
    <agent start_i="113" start_j="169" goal_i="152" goal_j="141"/>
    <agent start_i="190" start_j="219" goal_i="39" goal_j="94"/>
    <agent start_i="102" start_j="124" goal_i="208" goal_j="11"/>
    <agent start_i="170" start_j="109" goal_i="65" goal_j="172"/>
    <agent start_i="5" start_j="239" goal_i="147" goal_j="150"/>
    <agent start_i="96" start_j="169" goal_i="28" goal_j="168"/>
    <agent start_i="57" start_j="54" goal_i="95" goal_j="58"/>
    <agent start_i="18" start_j="168" goal_i="191" goal_j="208"/>
    <agent start_i="183" start_j="80" goal_i="165" goal_j="31"/>
    <agent start_i="40" start_j="147" goal_i="216" goal_j="68"/>
</root>
