<?xml version="1.0" ?>
<root>
    <agent start_i="94" start_j="70" goal_i="125" goal_j="244"/>
    <agent start_i="172" start_j="173" goal_i="28" goal_j="149"/>
    <agent start_i="155" start_j="10" goal_i="172" goal_j="36"/>
    <agent start_i="200" start_j="93" goal_i="56" goal_j="223"/>
    <agent start_i="228" start_j="120" goal_i="39" goal_j="191"/>
    <agent start_i="39" start_j="215" goal_i="70" goal_j="65"/>
    <agent start_i="36" start_j="70" goal_i="72" goal_j="37"/>
    <agent start_i="152" start_j="105" goal_i="205" goal_j="9"/>
    <agent start_i="20" start_j="232" goal_i="130" goal_j="220"/>
    <agent start_i="211" start_j="229" goal_i="222" goal_j="105"/>
</root>
