<?xml version="1.0" ?>
<root>
    <agent start_i="78" start_j="229" goal_i="110" goal_j="143"/>
    <agent start_i="79" start_j="50" goal_i="190" goal_j="206"/>
    <agent start_i="217" start_j="153" goal_i="159" goal_j="119"/>
    <agent start_i="80" start_j="63" goal_i="110" goal_j="161"/>
    <agent start_i="44" start_j="143" goal_i="184" goal_j="150"/>
    <agent start_i="63" start_j="166" goal_i="140" goal_j="12"/>
    <agent start_i="219" start_j="93" goal_i="155" goal_j="97"/>
    <agent start_i="194" start_j="7" goal_i="163" goal_j="136"/>
    <agent start_i="190" start_j="238" goal_i="137" goal_j="161"/>
    <agent start_i="72" start_j="67" goal_i="140" goal_j="40"/>
</root>
