<?xml version="1.0" ?>
<root>
    <agent start_i="141" start_j="151" goal_i="67" goal_j="60"/>
    <agent start_i="151" start_j="108" goal_i="165" goal_j="127"/>
    <agent start_i="209" start_j="80" goal_i="180" goal_j="186"/>
    <agent start_i="100" start_j="126" goal_i="42" goal_j="144"/>
    <agent start_i="157" start_j="113" goal_i="74" goal_j="71"/>
    <agent start_i="103" start_j="146" goal_i="153" goal_j="16"/>
    <agent start_i="16" start_j="238" goal_i="93" goal_j="144"/>
    <agent start_i="119" start_j="168" goal_i="101" goal_j="168"/>
    <agent start_i="128" start_j="180" goal_i="171" goal_j="143"/>
    <agent start_i="206" start_j="94" goal_i="205" goal_j="13"/>
</root>
