<?xml version="1.0" ?>
<root>
    <agent start_i="86" start_j="186" goal_i="88" goal_j="127"/>
    <agent start_i="62" start_j="74" goal_i="169" goal_j="118"/>
    <agent start_i="226" start_j="82" goal_i="90" goal_j="91"/>
    <agent start_i="151" start_j="14" goal_i="76" goal_j="244"/>
    <agent start_i="204" start_j="239" goal_i="205" goal_j="225"/>
    <agent start_i="67" start_j="213" goal_i="29" goal_j="242"/>
    <agent start_i="19" start_j="243" goal_i="75" goal_j="183"/>
    <agent start_i="146" start_j="14" goal_i="22" goal_j="244"/>
    <agent start_i="66" start_j="236" goal_i="92" goal_j="70"/>
    <agent start_i="67" start_j="225" goal_i="157" goal_j="44"/>
</root>
