<?xml version="1.0" ?>
<root>
    <agent start_i="43" start_j="131" goal_i="152" goal_j="155"/>
    <agent start_i="182" start_j="199" goal_i="87" goal_j="121"/>
    <agent start_i="97" start_j="146" goal_i="156" goal_j="46"/>
    <agent start_i="73" start_j="30" goal_i="97" goal_j="240"/>
    <agent start_i="81" start_j="114" goal_i="187" goal_j="225"/>
    <agent start_i="218" start_j="222" goal_i="216" goal_j="143"/>
    <agent start_i="41" start_j="215" goal_i="102" goal_j="127"/>
    <agent start_i="82" start_j="158" goal_i="117" goal_j="241"/>
    <agent start_i="181" start_j="224" goal_i="168" goal_j="140"/>
    <agent start_i="153" start_j="13" goal_i="84" goal_j="174"/>
</root>
