<?xml version="1.0" ?>
<root>
    <agent start_i="156" start_j="41" goal_i="21" goal_j="183"/>
    <agent start_i="48" start_j="245" goal_i="35" goal_j="217"/>
    <agent start_i="53" start_j="93" goal_i="158" goal_j="71"/>
    <agent start_i="90" start_j="125" goal_i="28" goal_j="170"/>
    <agent start_i="78" start_j="209" goal_i="42" goal_j="171"/>
    <agent start_i="148" start_j="145" goal_i="56" goal_j="121"/>
    <agent start_i="135" start_j="173" goal_i="55" goal_j="76"/>
    <agent start_i="171" start_j="106" goal_i="190" goal_j="210"/>
    <agent start_i="180" start_j="170" goal_i="153" goal_j="87"/>
    <agent start_i="128" start_j="220" goal_i="211" goal_j="210"/>
</root>
