<?xml version="1.0" ?>
<root>
    <agent start_i="118" start_j="178" goal_i="152" goal_j="151"/>
    <agent start_i="96" start_j="116" goal_i="177" goal_j="76"/>
    <agent start_i="210" start_j="232" goal_i="115" goal_j="234"/>
    <agent start_i="70" start_j="34" goal_i="63" goal_j="66"/>
    <agent start_i="230" start_j="109" goal_i="62" goal_j="127"/>
    <agent start_i="24" start_j="236" goal_i="226" goal_j="148"/>
    <agent start_i="228" start_j="134" goal_i="52" goal_j="100"/>
    <agent start_i="171" start_j="196" goal_i="106" goal_j="121"/>
    <agent start_i="176" start_j="136" goal_i="91" goal_j="134"/>
    <agent start_i="190" start_j="210" goal_i="197" goal_j="244"/>
</root>
