<?xml version="1.0" ?>
<root>
    <agent start_i="206" start_j="222" goal_i="138" goal_j="184"/>
    <agent start_i="186" start_j="84" goal_i="216" goal_j="104"/>
    <agent start_i="94" start_j="147" goal_i="42" goal_j="198"/>
    <agent start_i="188" start_j="16" goal_i="174" goal_j="104"/>
    <agent start_i="100" start_j="161" goal_i="89" goal_j="212"/>
    <agent start_i="34" start_j="120" goal_i="230" goal_j="113"/>
    <agent start_i="28" start_j="157" goal_i="97" goal_j="229"/>
    <agent start_i="57" start_j="120" goal_i="101" goal_j="176"/>
    <agent start_i="48" start_j="236" goal_i="108" goal_j="230"/>
    <agent start_i="108" start_j="136" goal_i="165" goal_j="84"/>
</root>
