<?xml version="1.0" ?>
<root>
    <agent start_i="141" start_j="60" goal_i="219" goal_j="101"/>
    <agent start_i="82" start_j="184" goal_i="9" goal_j="234"/>
    <agent start_i="149" start_j="187" goal_i="70" goal_j="233"/>
    <agent start_i="38" start_j="74" goal_i="162" goal_j="63"/>
    <agent start_i="164" start_j="27" goal_i="42" goal_j="79"/>
    <agent start_i="2" start_j="241" goal_i="178" goal_j="23"/>
    <agent start_i="85" start_j="112" goal_i="164" goal_j="16"/>
    <agent start_i="209" start_j="78" goal_i="191" goal_j="201"/>
    <agent start_i="92" start_j="66" goal_i="165" goal_j="114"/>
    <agent start_i="98" start_j="147" goal_i="89" goal_j="86"/>
</root>
