<?xml version="1.0" ?>
<root>
    <agent start_i="173" start_j="143" goal_i="58" goal_j="186"/>
    <agent start_i="10" start_j="236" goal_i="206" goal_j="91"/>
    <agent start_i="137" start_j="60" goal_i="80" goal_j="192"/>
    <agent start_i="83" start_j="62" goal_i="161" goal_j="49"/>
    <agent start_i="229" start_j="152" goal_i="124" goal_j="245"/>
    <agent start_i="210" start_j="152" goal_i="169" goal_j="131"/>
    <agent start_i="224" start_j="155" goal_i="95" goal_j="139"/>
    <agent start_i="32" start_j="186" goal_i="171" goal_j="27"/>
    <agent start_i="179" start_j="201" goal_i="56" goal_j="177"/>
    <agent start_i="186" start_j="200" goal_i="47" goal_j="114"/>
</root>
