<?xml version="1.0" ?>
<root>
    <agent start_i="135" start_j="173" goal_i="55" goal_j="76"/>
    <agent start_i="79" start_j="171" goal_i="221" goal_j="82"/>
    <agent start_i="64" start_j="208" goal_i="209" goal_j="88"/>
    <agent start_i="147" start_j="52" goal_i="72" goal_j="23"/>
    <agent start_i="196" start_j="231" goal_i="185" goal_j="11"/>
    <agent start_i="142" start_j="89" goal_i="148" goal_j="30"/>
    <agent start_i="64" start_j="201" goal_i="193" goal_j="89"/>
    <agent start_i="70" start_j="62" goal_i="38" goal_j="67"/>
    <agent start_i="53" start_j="128" goal_i="175" goal_j="168"/>
    <agent start_i="109" start_j="116" goal_i="187" goal_j="231"/>
</root>
