<?xml version="1.0" ?>
<root>
    <agent start_i="210" start_j="7" goal_i="108" goal_j="236"/>
    <agent start_i="164" start_j="54" goal_i="44" goal_j="98"/>
    <agent start_i="194" start_j="94" goal_i="175" goal_j="117"/>
    <agent start_i="114" start_j="170" goal_i="56" goal_j="68"/>
    <agent start_i="59" start_j="173" goal_i="85" goal_j="242"/>
    <agent start_i="166" start_j="52" goal_i="69" goal_j="43"/>
    <agent start_i="97" start_j="150" goal_i="37" goal_j="82"/>
    <agent start_i="170" start_j="171" goal_i="108" goal_j="132"/>
    <agent start_i="164" start_j="39" goal_i="234" goal_j="68"/>
    <agent start_i="64" start_j="52" goal_i="139" goal_j="81"/>
</root>
