<?xml version="1.0" ?>
<root>
    <agent start_i="74" start_j="211" goal_i="169" goal_j="38"/>
    <agent start_i="158" start_j="30" goal_i="212" goal_j="148"/>
    <agent start_i="187" start_j="7" goal_i="165" goal_j="137"/>
    <agent start_i="46" start_j="79" goal_i="129" goal_j="238"/>
    <agent start_i="107" start_j="223" goal_i="178" goal_j="85"/>
    <agent start_i="169" start_j="194" goal_i="64" goal_j="68"/>
    <agent start_i="12" start_j="242" goal_i="159" goal_j="128"/>
    <agent start_i="10" start_j="131" goal_i="60" goal_j="171"/>
    <agent start_i="211" start_j="142" goal_i="43" goal_j="51"/>
    <agent start_i="113" start_j="164" goal_i="33" goal_j="245"/>
</root>
