<?xml version="1.0" ?>
<root>
    <agent start_i="62" start_j="238" goal_i="88" goal_j="161"/>
    <agent start_i="97" start_j="115" goal_i="48" goal_j="74"/>
    <agent start_i="120" start_j="157" goal_i="43" goal_j="205"/>
    <agent start_i="118" start_j="235" goal_i="226" goal_j="133"/>
    <agent start_i="46" start_j="103" goal_i="86" goal_j="188"/>
    <agent start_i="25" start_j="180" goal_i="96" goal_j="160"/>
    <agent start_i="178" start_j="212" goal_i="173" goal_j="50"/>
    <agent start_i="187" start_j="211" goal_i="112" goal_j="180"/>
    <agent start_i="203" start_j="87" goal_i="153" goal_j="153"/>
    <agent start_i="164" start_j="40" goal_i="73" goal_j="226"/>
</root>
