<?xml version="1.0" ?>
<root>
    <agent start_i="155" start_j="46" goal_i="97" goal_j="242"/>
    <agent start_i="149" start_j="13" goal_i="31" goal_j="76"/>
    <agent start_i="36" start_j="106" goal_i="68" goal_j="222"/>
    <agent start_i="191" start_j="209" goal_i="60" goal_j="173"/>
    <agent start_i="35" start_j="200" goal_i="80" goal_j="60"/>
    <agent start_i="158" start_j="132" goal_i="92" goal_j="91"/>
    <agent start_i="50" start_j="68" goal_i="72" goal_j="33"/>
    <agent start_i="215" start_j="126" goal_i="144" goal_j="93"/>
    <agent start_i="189" start_j="30" goal_i="86" goal_j="193"/>
    <agent start_i="105" start_j="217" goal_i="203" goal_j="236"/>
</root>
