<?xml version="1.0" ?>
<root>
    <agent start_i="38" start_j="131" goal_i="14" goal_j="250"/>
    <agent start_i="163" start_j="156" goal_i="183" goal_j="172"/>
    <agent start_i="144" start_j="73" goal_i="173" goal_j="136"/>
    <agent start_i="213" start_j="118" goal_i="71" goal_j="176"/>
    <agent start_i="142" start_j="59" goal_i="68" goal_j="223"/>
    <agent start_i="38" start_j="164" goal_i="188" goal_j="32"/>
    <agent start_i="14" start_j="240" goal_i="189" goal_j="233"/>
    <agent start_i="170" start_j="128" goal_i="154" goal_j="156"/>
    <agent start_i="39" start_j="100" goal_i="167" goal_j="196"/>
    <agent start_i="66" start_j="181" goal_i="62" goal_j="221"/>
</root>
