<?xml version="1.0" ?>
<root>
    <agent start_i="69" start_j="203" goal_i="37" goal_j="96"/>
    <agent start_i="52" start_j="67" goal_i="44" goal_j="152"/>
    <agent start_i="157" start_j="124" goal_i="52" goal_j="95"/>
    <agent start_i="73" start_j="47" goal_i="169" goal_j="121"/>
    <agent start_i="149" start_j="56" goal_i="62" goal_j="50"/>
    <agent start_i="108" start_j="220" goal_i="33" goal_j="216"/>
    <agent start_i="175" start_j="150" goal_i="172" goal_j="69"/>
    <agent start_i="69" start_j="243" goal_i="68" goal_j="44"/>
    <agent start_i="53" start_j="87" goal_i="213" goal_j="14"/>
    <agent start_i="70" start_j="66" goal_i="143" goal_j="168"/>
</root>
