<?xml version="1.0" ?>
<root>
    <agent start_i="46" start_j="181" goal_i="138" goal_j="171"/>
    <agent start_i="205" start_j="77" goal_i="100" goal_j="215"/>
    <agent start_i="54" start_j="242" goal_i="195" goal_j="17"/>
    <agent start_i="47" start_j="111" goal_i="224" goal_j="71"/>
    <agent start_i="171" start_j="109" goal_i="34" goal_j="164"/>
    <agent start_i="51" start_j="90" goal_i="40" goal_j="67"/>
    <agent start_i="156" start_j="131" goal_i="67" goal_j="234"/>
    <agent start_i="100" start_j="81" goal_i="160" goal_j="189"/>
    <agent start_i="151" start_j="15" goal_i="205" goal_j="224"/>
    <agent start_i="219" start_j="129" goal_i="116" goal_j="242"/>
</root>
