<?xml version="1.0" ?>
<root>
    <agent start_i="113" start_j="113" goal_i="79" goal_j="191"/>
    <agent start_i="73" start_j="59" goal_i="73" goal_j="26"/>
    <agent start_i="110" start_j="173" goal_i="185" goal_j="92"/>
    <agent start_i="93" start_j="80" goal_i="103" goal_j="117"/>
    <agent start_i="45" start_j="119" goal_i="97" goal_j="94"/>
    <agent start_i="49" start_j="105" goal_i="85" goal_j="52"/>
    <agent start_i="47" start_j="50" goal_i="230" goal_j="138"/>
    <agent start_i="32" start_j="182" goal_i="212" goal_j="146"/>
    <agent start_i="83" start_j="73" goal_i="143" goal_j="251"/>
    <agent start_i="169" start_j="166" goal_i="59" goal_j="95"/>
</root>
