<?xml version="1.0" ?>
<root>
    <agent start_i="185" start_j="148" goal_i="137" goal_j="64"/>
    <agent start_i="99" start_j="112" goal_i="106" goal_j="118"/>
    <agent start_i="163" start_j="95" goal_i="67" goal_j="169"/>
    <agent start_i="165" start_j="104" goal_i="30" goal_j="125"/>
    <agent start_i="57" start_j="50" goal_i="43" goal_j="59"/>
    <agent start_i="55" start_j="207" goal_i="128" goal_j="166"/>
    <agent start_i="218" start_j="223" goal_i="42" goal_j="108"/>
    <agent start_i="228" start_j="69" goal_i="54" goal_j="162"/>
    <agent start_i="93" start_j="99" goal_i="139" goal_j="78"/>
    <agent start_i="159" start_j="79" goal_i="55" goal_j="200"/>
</root>
