<?xml version="1.0" ?>
<root>
    <agent start_i="70" start_j="224" goal_i="74" goal_j="51"/>
    <agent start_i="183" start_j="224" goal_i="166" goal_j="75"/>
    <agent start_i="100" start_j="166" goal_i="213" goal_j="154"/>
    <agent start_i="21" start_j="131" goal_i="173" goal_j="96"/>
    <agent start_i="105" start_j="148" goal_i="72" goal_j="23"/>
    <agent start_i="221" start_j="91" goal_i="116" goal_j="238"/>
    <agent start_i="108" start_j="243" goal_i="225" goal_j="116"/>
    <agent start_i="79" start_j="76" goal_i="94" goal_j="75"/>
    <agent start_i="157" start_j="158" goal_i="166" goal_j="92"/>
    <agent start_i="113" start_j="180" goal_i="147" goal_j="40"/>
</root>
