<?xml version="1.0" ?>
<root>
    <agent start_i="171" start_j="112" goal_i="124" goal_j="157"/>
    <agent start_i="151" start_j="66" goal_i="225" goal_j="133"/>
    <agent start_i="152" start_j="92" goal_i="119" goal_j="173"/>
    <agent start_i="81" start_j="220" goal_i="196" goal_j="85"/>
    <agent start_i="178" start_j="193" goal_i="165" goal_j="55"/>
    <agent start_i="99" start_j="75" goal_i="177" goal_j="225"/>
    <agent start_i="170" start_j="184" goal_i="207" goal_j="153"/>
    <agent start_i="63" start_j="243" goal_i="94" goal_j="72"/>
    <agent start_i="117" start_j="115" goal_i="55" goal_j="78"/>
    <agent start_i="216" start_j="92" goal_i="41" goal_j="155"/>
</root>
