<?xml version="1.0" ?>
<root>
    <agent start_i="181" start_j="40" goal_i="48" goal_j="69"/>
    <agent start_i="36" start_j="190" goal_i="142" goal_j="72"/>
    <agent start_i="108" start_j="228" goal_i="146" goal_j="53"/>
    <agent start_i="112" start_j="219" goal_i="150" goal_j="19"/>
    <agent start_i="109" start_j="237" goal_i="81" goal_j="242"/>
    <agent start_i="92" start_j="149" goal_i="110" goal_j="117"/>
    <agent start_i="102" start_j="244" goal_i="165" goal_j="40"/>
    <agent start_i="123" start_j="243" goal_i="10" goal_j="237"/>
    <agent start_i="109" start_j="122" goal_i="71" goal_j="44"/>
    <agent start_i="123" start_j="162" goal_i="74" goal_j="204"/>
</root>
