<?xml version="1.0" ?>
<root>
    <agent start_i="69" start_j="230" goal_i="58" goal_j="213"/>
    <agent start_i="141" start_j="73" goal_i="169" goal_j="194"/>
    <agent start_i="77" start_j="187" goal_i="102" goal_j="216"/>
    <agent start_i="145" start_j="103" goal_i="160" goal_j="159"/>
    <agent start_i="146" start_j="78" goal_i="216" goal_j="138"/>
    <agent start_i="107" start_j="222" goal_i="152" goal_j="44"/>
    <agent start_i="44" start_j="81" goal_i="143" goal_j="101"/>
    <agent start_i="194" start_j="18" goal_i="204" goal_j="90"/>
    <agent start_i="228" start_j="93" goal_i="116" goal_j="149"/>
    <agent start_i="54" start_j="231" goal_i="179" goal_j="30"/>
</root>
