<?xml version="1.0" ?>
<root>
    <agent start_i="156" start_j="111" goal_i="148" goal_j="78"/>
    <agent start_i="75" start_j="191" goal_i="61" goal_j="221"/>
    <agent start_i="227" start_j="70" goal_i="213" goal_j="95"/>
    <agent start_i="40" start_j="95" goal_i="205" goal_j="225"/>
    <agent start_i="56" start_j="248" goal_i="117" goal_j="237"/>
    <agent start_i="129" start_j="165" goal_i="29" goal_j="145"/>
    <agent start_i="66" start_j="220" goal_i="111" goal_j="151"/>
    <agent start_i="137" start_j="44" goal_i="169" goal_j="32"/>
    <agent start_i="73" start_j="180" goal_i="40" goal_j="173"/>
    <agent start_i="145" start_j="185" goal_i="100" goal_j="215"/>
</root>
