<?xml version="1.0" ?>
<root>
    <agent start_i="148" start_j="145" goal_i="56" goal_j="121"/>
    <agent start_i="13" start_j="234" goal_i="49" goal_j="145"/>
    <agent start_i="19" start_j="244" goal_i="151" goal_j="143"/>
    <agent start_i="82" start_j="106" goal_i="90" goal_j="79"/>
    <agent start_i="95" start_j="65" goal_i="225" goal_j="128"/>
    <agent start_i="143" start_j="181" goal_i="18" goal_j="247"/>
    <agent start_i="182" start_j="90" goal_i="120" goal_j="225"/>
    <agent start_i="144" start_j="179" goal_i="168" goal_j="37"/>
    <agent start_i="211" start_j="211" goal_i="104" goal_j="216"/>
    <agent start_i="147" start_j="84" goal_i="151" goal_j="64"/>
</root>
