<?xml version="1.0" ?>
<root>
    <agent start_i="154" start_j="194" goal_i="45" goal_j="132"/>
    <agent start_i="232" start_j="139" goal_i="138" goal_j="75"/>
    <agent start_i="155" start_j="120" goal_i="107" goal_j="109"/>
    <agent start_i="180" start_j="155" goal_i="130" goal_j="183"/>
    <agent start_i="71" start_j="225" goal_i="173" goal_j="145"/>
    <agent start_i="58" start_j="196" goal_i="71" goal_j="35"/>
    <agent start_i="183" start_j="97" goal_i="88" goal_j="160"/>
    <agent start_i="208" start_j="81" goal_i="39" goal_j="169"/>
    <agent start_i="93" start_j="233" goal_i="81" goal_j="224"/>
    <agent start_i="162" start_j="133" goal_i="74" goal_j="181"/>
</root>
