<?xml version="1.0" ?>
<root>
    <agent start_i="128" start_j="219" goal_i="136" goal_j="162"/>
    <agent start_i="34" start_j="126" goal_i="190" goal_j="16"/>
    <agent start_i="37" start_j="75" goal_i="37" goal_j="207"/>
    <agent start_i="23" start_j="246" goal_i="227" goal_j="134"/>
    <agent start_i="178" start_j="54" goal_i="89" goal_j="106"/>
    <agent start_i="50" start_j="107" goal_i="78" goal_j="165"/>
    <agent start_i="53" start_j="183" goal_i="18" goal_j="175"/>
    <agent start_i="165" start_j="131" goal_i="70" goal_j="60"/>
    <agent start_i="49" start_j="63" goal_i="211" goal_j="216"/>
    <agent start_i="169" start_j="68" goal_i="101" goal_j="171"/>
</root>
