<?xml version="1.0" ?>
<root>
    <agent start_i="195" start_j="71" goal_i="64" goal_j="178"/>
    <agent start_i="85" start_j="230" goal_i="4" goal_j="136"/>
    <agent start_i="187" start_j="231" goal_i="139" goal_j="61"/>
    <agent start_i="202" start_j="82" goal_i="175" goal_j="121"/>
    <agent start_i="81" start_j="213" goal_i="167" goal_j="36"/>
    <agent start_i="174" start_j="121" goal_i="174" goal_j="62"/>
    <agent start_i="182" start_j="85" goal_i="225" goal_j="75"/>
    <agent start_i="222" start_j="116" goal_i="191" goal_j="213"/>
    <agent start_i="219" start_j="85" goal_i="163" goal_j="76"/>
    <agent start_i="158" start_j="44" goal_i="202" goal_j="212"/>
</root>
