<?xml version="1.0" ?>
<root>
    <agent start_i="192" start_j="15" goal_i="53" goal_j="108"/>
    <agent start_i="185" start_j="73" goal_i="64" goal_j="178"/>
    <agent start_i="29" start_j="237" goal_i="156" goal_j="196"/>
    <agent start_i="81" start_j="74" goal_i="101" goal_j="108"/>
    <agent start_i="175" start_j="151" goal_i="67" goal_j="67"/>
    <agent start_i="80" start_j="163" goal_i="158" goal_j="149"/>
    <agent start_i="175" start_j="119" goal_i="180" goal_j="202"/>
    <agent start_i="169" start_j="127" goal_i="161" goal_j="107"/>
    <agent start_i="146" start_j="156" goal_i="65" goal_j="211"/>
    <agent start_i="218" start_j="117" goal_i="194" goal_j="68"/>
</root>
