<?xml version="1.0" ?>
<root>
    <agent start_i="13" start_j="245" goal_i="180" goal_j="210"/>
    <agent start_i="168" start_j="125" goal_i="105" goal_j="143"/>
    <agent start_i="70" start_j="217" goal_i="97" goal_j="101"/>
    <agent start_i="75" start_j="128" goal_i="179" goal_j="148"/>
    <agent start_i="220" start_j="144" goal_i="162" goal_j="150"/>
    <agent start_i="200" start_j="245" goal_i="96" goal_j="174"/>
    <agent start_i="103" start_j="112" goal_i="71" goal_j="202"/>
    <agent start_i="222" start_j="107" goal_i="194" goal_j="214"/>
    <agent start_i="34" start_j="240" goal_i="141" goal_j="77"/>
    <agent start_i="95" start_j="135" goal_i="187" goal_j="82"/>
</root>
