<?xml version="1.0" ?>
<root>
    <agent start_i="112" start_j="217" goal_i="127" goal_j="214"/>
    <agent start_i="126" start_j="252" goal_i="154" goal_j="99"/>
    <agent start_i="159" start_j="165" goal_i="185" goal_j="173"/>
    <agent start_i="107" start_j="219" goal_i="117" goal_j="158"/>
    <agent start_i="155" start_j="43" goal_i="176" goal_j="138"/>
    <agent start_i="119" start_j="175" goal_i="152" goal_j="105"/>
    <agent start_i="1" start_j="238" goal_i="140" goal_j="77"/>
    <agent start_i="157" start_j="59" goal_i="23" goal_j="148"/>
    <agent start_i="208" start_j="141" goal_i="79" goal_j="165"/>
    <agent start_i="164" start_j="163" goal_i="133" goal_j="247"/>
</root>
