<?xml version="1.0" ?>
<root>
    <agent start_i="135" start_j="43" goal_i="217" goal_j="72"/>
    <agent start_i="30" start_j="169" goal_i="174" goal_j="132"/>
    <agent start_i="71" start_j="230" goal_i="143" goal_j="184"/>
    <agent start_i="199" start_j="230" goal_i="109" goal_j="175"/>
    <agent start_i="79" start_j="83" goal_i="76" goal_j="15"/>
    <agent start_i="159" start_j="20" goal_i="215" goal_j="78"/>
    <agent start_i="215" start_j="134" goal_i="217" goal_j="73"/>
    <agent start_i="185" start_j="78" goal_i="205" goal_j="72"/>
    <agent start_i="206" start_j="153" goal_i="162" goal_j="95"/>
    <agent start_i="135" start_j="83" goal_i="135" goal_j="166"/>
</root>
