<?xml version="1.0" ?>
<root>
    <agent start_i="218" start_j="130" goal_i="43" goal_j="59"/>
    <agent start_i="213" start_j="137" goal_i="52" goal_j="95"/>
    <agent start_i="97" start_j="140" goal_i="213" goal_j="116"/>
    <agent start_i="50" start_j="116" goal_i="17" goal_j="239"/>
    <agent start_i="98" start_j="64" goal_i="54" goal_j="163"/>
    <agent start_i="95" start_j="97" goal_i="26" goal_j="155"/>
    <agent start_i="87" start_j="111" goal_i="69" goal_j="212"/>
    <agent start_i="110" start_j="126" goal_i="161" goal_j="137"/>
    <agent start_i="129" start_j="178" goal_i="53" goal_j="82"/>
    <agent start_i="59" start_j="190" goal_i="78" goal_j="43"/>
</root>
