<?xml version="1.0" ?>
<root>
    <agent start_i="91" start_j="92" goal_i="82" goal_j="92"/>
    <agent start_i="217" start_j="117" goal_i="57" goal_j="188"/>
    <agent start_i="66" start_j="45" goal_i="35" goal_j="249"/>
    <agent start_i="56" start_j="52" goal_i="171" goal_j="202"/>
    <agent start_i="44" start_j="243" goal_i="169" goal_j="53"/>
    <agent start_i="177" start_j="50" goal_i="41" goal_j="86"/>
    <agent start_i="175" start_j="186" goal_i="37" goal_j="91"/>
    <agent start_i="43" start_j="198" goal_i="175" goal_j="90"/>
    <agent start_i="174" start_j="204" goal_i="143" goal_j="10"/>
    <agent start_i="92" start_j="163" goal_i="141" goal_j="49"/>
</root>
