<?xml version="1.0" ?>
<root>
    <agent start_i="150" start_j="136" goal_i="168" goal_j="65"/>
    <agent start_i="93" start_j="70" goal_i="171" goal_j="141"/>
    <agent start_i="96" start_j="240" goal_i="28" goal_j="137"/>
    <agent start_i="40" start_j="79" goal_i="81" goal_j="69"/>
    <agent start_i="110" start_j="116" goal_i="205" goal_j="207"/>
    <agent start_i="172" start_j="133" goal_i="157" goal_j="19"/>
    <agent start_i="89" start_j="51" goal_i="33" goal_j="127"/>
    <agent start_i="209" start_j="209" goal_i="213" goal_j="124"/>
    <agent start_i="71" start_j="195" goal_i="168" goal_j="109"/>
    <agent start_i="178" start_j="223" goal_i="114" goal_j="222"/>
</root>
