<?xml version="1.0" ?>
<root>
    <agent start_i="30" start_j="161" goal_i="204" goal_j="226"/>
    <agent start_i="144" start_j="19" goal_i="59" goal_j="123"/>
    <agent start_i="116" start_j="240" goal_i="211" goal_j="147"/>
    <agent start_i="195" start_j="230" goal_i="11" goal_j="244"/>
    <agent start_i="203" start_j="239" goal_i="205" goal_j="94"/>
    <agent start_i="64" start_j="70" goal_i="83" goal_j="171"/>
    <agent start_i="170" start_j="124" goal_i="37" goal_j="189"/>
    <agent start_i="69" start_j="192" goal_i="151" goal_j="74"/>
    <agent start_i="221" start_j="106" goal_i="141" goal_j="12"/>
    <agent start_i="137" start_j="57" goal_i="41" goal_j="171"/>
</root>
