<?xml version="1.0" ?>
<root>
    <agent start_i="57" start_j="64" goal_i="41" goal_j="95"/>
    <agent start_i="213" start_j="223" goal_i="201" goal_j="20"/>
    <agent start_i="90" start_j="52" goal_i="162" goal_j="140"/>
    <agent start_i="226" start_j="114" goal_i="222" goal_j="219"/>
    <agent start_i="148" start_j="33" goal_i="34" goal_j="113"/>
    <agent start_i="101" start_j="83" goal_i="137" goal_j="43"/>
    <agent start_i="211" start_j="18" goal_i="125" goal_j="169"/>
    <agent start_i="59" start_j="174" goal_i="171" goal_j="133"/>
    <agent start_i="214" start_j="110" goal_i="23" goal_j="244"/>
    <agent start_i="193" start_j="210" goal_i="149" goal_j="173"/>
</root>
