<?xml version="1.0" ?>
<root>
    <agent start_i="163" start_j="56" goal_i="146" goal_j="100"/>
    <agent start_i="171" start_j="39" goal_i="159" goal_j="195"/>
    <agent start_i="227" start_j="80" goal_i="217" goal_j="135"/>
    <agent start_i="56" start_j="214" goal_i="52" goal_j="184"/>
    <agent start_i="127" start_j="226" goal_i="152" goal_j="169"/>
    <agent start_i="172" start_j="127" goal_i="210" goal_j="144"/>
    <agent start_i="79" start_j="204" goal_i="207" goal_j="69"/>
    <agent start_i="105" start_j="236" goal_i="41" goal_j="232"/>
    <agent start_i="6" start_j="244" goal_i="226" goal_j="143"/>
    <agent start_i="139" start_j="58" goal_i="180" goal_j="91"/>
</root>
