<?xml version="1.0" ?>
<root>
    <agent start_i="138" start_j="251" goal_i="165" goal_j="126"/>
    <agent start_i="209" start_j="10" goal_i="111" goal_j="147"/>
    <agent start_i="91" start_j="240" goal_i="164" goal_j="188"/>
    <agent start_i="37" start_j="199" goal_i="128" goal_j="169"/>
    <agent start_i="206" start_j="232" goal_i="51" goal_j="114"/>
    <agent start_i="52" start_j="179" goal_i="47" goal_j="94"/>
    <agent start_i="38" start_j="133" goal_i="97" goal_j="213"/>
    <agent start_i="171" start_j="142" goal_i="169" goal_j="155"/>
    <agent start_i="112" start_j="231" goal_i="88" goal_j="223"/>
    <agent start_i="60" start_j="127" goal_i="207" goal_j="69"/>
</root>
