<?xml version="1.0" ?>
<root>
    <agent start_i="95" start_j="150" goal_i="221" goal_j="91"/>
    <agent start_i="49" start_j="132" goal_i="221" goal_j="110"/>
    <agent start_i="138" start_j="46" goal_i="49" goal_j="58"/>
    <agent start_i="167" start_j="127" goal_i="226" goal_j="147"/>
    <agent start_i="34" start_j="116" goal_i="44" goal_j="240"/>
    <agent start_i="78" start_j="181" goal_i="52" goal_j="112"/>
    <agent start_i="84" start_j="215" goal_i="178" goal_j="51"/>
    <agent start_i="167" start_j="57" goal_i="127" goal_j="238"/>
    <agent start_i="105" start_j="143" goal_i="145" goal_j="59"/>
    <agent start_i="185" start_j="36" goal_i="15" goal_j="136"/>
</root>
