<?xml version="1.0" ?>
<root>
    <agent start_i="13" start_j="248" goal_i="121" goal_j="178"/>
    <agent start_i="75" start_j="219" goal_i="168" goal_j="81"/>
    <agent start_i="88" start_j="79" goal_i="105" goal_j="227"/>
    <agent start_i="117" start_j="240" goal_i="167" goal_j="121"/>
    <agent start_i="223" start_j="145" goal_i="53" goal_j="240"/>
    <agent start_i="165" start_j="195" goal_i="147" goal_j="21"/>
    <agent start_i="151" start_j="190" goal_i="66" goal_j="211"/>
    <agent start_i="161" start_j="145" goal_i="144" goal_j="169"/>
    <agent start_i="222" start_j="110" goal_i="162" goal_j="23"/>
    <agent start_i="44" start_j="128" goal_i="151" goal_j="43"/>
</root>
