<?xml version="1.0" ?>
<root>
    <agent start_i="121" start_j="218" goal_i="222" goal_j="150"/>
    <agent start_i="26" start_j="154" goal_i="88" goal_j="174"/>
    <agent start_i="190" start_j="219" goal_i="39" goal_j="94"/>
    <agent start_i="30" start_j="181" goal_i="180" goal_j="196"/>
    <agent start_i="199" start_j="93" goal_i="25" goal_j="177"/>
    <agent start_i="73" start_j="178" goal_i="167" goal_j="98"/>
    <agent start_i="121" start_j="168" goal_i="92" goal_j="124"/>
    <agent start_i="221" start_j="68" goal_i="15" goal_j="129"/>
    <agent start_i="209" start_j="150" goal_i="206" goal_j="15"/>
    <agent start_i="168" start_j="29" goal_i="47" goal_j="59"/>
</root>
