<?xml version="1.0" ?>
<root>
    <agent start_i="189" start_j="70" goal_i="50" goal_j="159"/>
    <agent start_i="36" start_j="238" goal_i="177" goal_j="8"/>
    <agent start_i="196" start_j="210" goal_i="168" goal_j="11"/>
    <agent start_i="103" start_j="89" goal_i="96" goal_j="229"/>
    <agent start_i="36" start_j="136" goal_i="31" goal_j="131"/>
    <agent start_i="72" start_j="27" goal_i="221" goal_j="220"/>
    <agent start_i="159" start_j="156" goal_i="165" goal_j="37"/>
    <agent start_i="137" start_j="180" goal_i="152" goal_j="176"/>
    <agent start_i="53" start_j="237" goal_i="50" goal_j="81"/>
    <agent start_i="175" start_j="46" goal_i="40" goal_j="191"/>
</root>
