<?xml version="1.0" ?>
<root>
    <agent start_i="155" start_j="195" goal_i="132" goal_j="177"/>
    <agent start_i="95" start_j="147" goal_i="32" goal_j="201"/>
    <agent start_i="59" start_j="184" goal_i="80" goal_j="111"/>
    <agent start_i="176" start_j="85" goal_i="51" goal_j="220"/>
    <agent start_i="174" start_j="28" goal_i="203" goal_j="197"/>
    <agent start_i="151" start_j="41" goal_i="198" goal_j="76"/>
    <agent start_i="188" start_j="204" goal_i="98" goal_j="225"/>
    <agent start_i="154" start_j="52" goal_i="226" goal_j="87"/>
    <agent start_i="165" start_j="101" goal_i="163" goal_j="94"/>
    <agent start_i="23" start_j="155" goal_i="52" goal_j="161"/>
</root>
