<?xml version="1.0" ?>
<root>
    <agent start_i="159" start_j="125" goal_i="61" goal_j="46"/>
    <agent start_i="45" start_j="128" goal_i="81" goal_j="72"/>
    <agent start_i="152" start_j="175" goal_i="163" goal_j="86"/>
    <agent start_i="220" start_j="101" goal_i="136" goal_j="63"/>
    <agent start_i="71" start_j="166" goal_i="56" goal_j="165"/>
    <agent start_i="95" start_j="95" goal_i="224" goal_j="130"/>
    <agent start_i="162" start_j="176" goal_i="155" goal_j="137"/>
    <agent start_i="103" start_j="242" goal_i="160" goal_j="173"/>
    <agent start_i="56" start_j="225" goal_i="178" goal_j="29"/>
    <agent start_i="27" start_j="130" goal_i="217" goal_j="129"/>
</root>
