<?xml version="1.0" ?>
<root>
    <agent start_i="64" start_j="193" goal_i="114" goal_j="175"/>
    <agent start_i="215" start_j="135" goal_i="176" goal_j="174"/>
    <agent start_i="65" start_j="62" goal_i="34" goal_j="129"/>
    <agent start_i="192" start_j="204" goal_i="224" goal_j="97"/>
    <agent start_i="36" start_j="106" goal_i="68" goal_j="222"/>
    <agent start_i="145" start_j="151" goal_i="75" goal_j="245"/>
    <agent start_i="38" start_j="209" goal_i="31" goal_j="163"/>
    <agent start_i="143" start_j="175" goal_i="137" goal_j="172"/>
    <agent start_i="179" start_j="22" goal_i="155" goal_j="129"/>
    <agent start_i="212" start_j="146" goal_i="94" goal_j="160"/>
</root>
