<?xml version="1.0" ?>
<root>
    <agent start_i="143" start_j="102" goal_i="180" goal_j="42"/>
    <agent start_i="163" start_j="181" goal_i="92" goal_j="162"/>
    <agent start_i="184" start_j="212" goal_i="198" goal_j="206"/>
    <agent start_i="163" start_j="149" goal_i="130" goal_j="235"/>
    <agent start_i="63" start_j="237" goal_i="137" goal_j="179"/>
    <agent start_i="155" start_j="97" goal_i="59" goal_j="206"/>
    <agent start_i="167" start_j="152" goal_i="22" goal_j="147"/>
    <agent start_i="29" start_j="130" goal_i="211" goal_j="134"/>
    <agent start_i="39" start_j="96" goal_i="141" goal_j="96"/>
    <agent start_i="84" start_j="121" goal_i="110" goal_j="125"/>
</root>
