<?xml version="1.0" ?>
<root>
    <agent start_i="181" start_j="51" goal_i="83" goal_j="185"/>
    <agent start_i="68" start_j="171" goal_i="159" goal_j="15"/>
    <agent start_i="36" start_j="170" goal_i="76" goal_j="228"/>
    <agent start_i="45" start_j="151" goal_i="118" goal_j="214"/>
    <agent start_i="107" start_j="220" goal_i="107" goal_j="109"/>
    <agent start_i="121" start_j="218" goal_i="222" goal_j="150"/>
    <agent start_i="168" start_j="64" goal_i="73" goal_j="167"/>
    <agent start_i="201" start_j="210" goal_i="171" goal_j="195"/>
    <agent start_i="190" start_j="206" goal_i="67" goal_j="202"/>
    <agent start_i="158" start_j="76" goal_i="182" goal_j="223"/>
</root>
