<?xml version="1.0" ?>
<root>
    <agent start_i="85" start_j="78" goal_i="90" goal_j="216"/>
    <agent start_i="192" start_j="240" goal_i="202" goal_j="75"/>
    <agent start_i="180" start_j="93" goal_i="172" goal_j="98"/>
    <agent start_i="219" start_j="218" goal_i="217" goal_j="80"/>
    <agent start_i="38" start_j="80" goal_i="64" goal_j="73"/>
    <agent start_i="35" start_j="249" goal_i="171" goal_j="139"/>
    <agent start_i="170" start_j="144" goal_i="45" goal_j="60"/>
    <agent start_i="218" start_j="104" goal_i="203" goal_j="219"/>
    <agent start_i="93" start_j="96" goal_i="115" goal_j="183"/>
    <agent start_i="209" start_j="77" goal_i="113" goal_j="107"/>
</root>
