<?xml version="1.0" ?>
<root>
    <agent start_i="133" start_j="62" goal_i="218" goal_j="126"/>
    <agent start_i="48" start_j="129" goal_i="23" goal_j="249"/>
    <agent start_i="61" start_j="230" goal_i="49" goal_j="148"/>
    <agent start_i="112" start_j="160" goal_i="145" goal_j="29"/>
    <agent start_i="37" start_j="128" goal_i="125" goal_j="240"/>
    <agent start_i="201" start_j="91" goal_i="102" goal_j="151"/>
    <agent start_i="206" start_j="93" goal_i="159" goal_j="128"/>
    <agent start_i="103" start_j="145" goal_i="127" goal_j="244"/>
    <agent start_i="113" start_j="161" goal_i="201" goal_j="96"/>
    <agent start_i="173" start_j="92" goal_i="67" goal_j="204"/>
</root>
