<?xml version="1.0" ?>
<root>
    <agent start_i="90" start_j="71" goal_i="41" goal_j="52"/>
    <agent start_i="155" start_j="147" goal_i="202" goal_j="224"/>
    <agent start_i="176" start_j="196" goal_i="44" goal_j="190"/>
    <agent start_i="176" start_j="142" goal_i="115" goal_j="166"/>
    <agent start_i="122" start_j="168" goal_i="71" goal_j="129"/>
    <agent start_i="103" start_j="121" goal_i="127" goal_j="220"/>
    <agent start_i="100" start_j="148" goal_i="41" goal_j="190"/>
    <agent start_i="121" start_j="173" goal_i="178" goal_j="73"/>
    <agent start_i="91" start_j="63" goal_i="83" goal_j="102"/>
    <agent start_i="223" start_j="100" goal_i="199" goal_j="77"/>
</root>
