<?xml version="1.0" ?>
<root>
    <agent start_i="159" start_j="144" goal_i="38" goal_j="246"/>
    <agent start_i="60" start_j="190" goal_i="169" goal_j="179"/>
    <agent start_i="226" start_j="131" goal_i="233" goal_j="64"/>
    <agent start_i="157" start_j="68" goal_i="93" goal_j="107"/>
    <agent start_i="56" start_j="233" goal_i="40" goal_j="241"/>
    <agent start_i="65" start_j="221" goal_i="37" goal_j="83"/>
    <agent start_i="34" start_j="218" goal_i="54" goal_j="234"/>
    <agent start_i="171" start_j="150" goal_i="52" goal_j="71"/>
    <agent start_i="68" start_j="181" goal_i="130" goal_j="217"/>
    <agent start_i="66" start_j="225" goal_i="159" goal_j="125"/>
</root>
