<?xml version="1.0" ?>
<root>
    <agent start_i="86" start_j="238" goal_i="221" goal_j="151"/>
    <agent start_i="116" start_j="165" goal_i="47" goal_j="70"/>
    <agent start_i="130" start_j="178" goal_i="174" goal_j="60"/>
    <agent start_i="33" start_j="217" goal_i="93" goal_j="81"/>
    <agent start_i="43" start_j="56" goal_i="50" goal_j="132"/>
    <agent start_i="168" start_j="15" goal_i="221" goal_j="78"/>
    <agent start_i="85" start_j="240" goal_i="39" goal_j="116"/>
    <agent start_i="114" start_j="116" goal_i="80" goal_j="240"/>
    <agent start_i="32" start_j="198" goal_i="164" goal_j="193"/>
    <agent start_i="205" start_j="212" goal_i="104" goal_j="117"/>
</root>
