<?xml version="1.0" ?>
<root>
    <agent start_i="173" start_j="34" goal_i="53" goal_j="239"/>
    <agent start_i="172" start_j="136" goal_i="149" goal_j="58"/>
    <agent start_i="87" start_j="54" goal_i="174" goal_j="31"/>
    <agent start_i="167" start_j="109" goal_i="146" goal_j="173"/>
    <agent start_i="148" start_j="88" goal_i="100" goal_j="174"/>
    <agent start_i="55" start_j="104" goal_i="54" goal_j="84"/>
    <agent start_i="43" start_j="139" goal_i="230" goal_j="102"/>
    <agent start_i="179" start_j="69" goal_i="203" goal_j="17"/>
    <agent start_i="107" start_j="225" goal_i="20" goal_j="162"/>
    <agent start_i="78" start_j="206" goal_i="188" goal_j="81"/>
</root>
