<?xml version="1.0" ?>
<root>
    <agent start_i="214" start_j="87" goal_i="170" goal_j="157"/>
    <agent start_i="56" start_j="183" goal_i="64" goal_j="231"/>
    <agent start_i="96" start_j="107" goal_i="47" goal_j="249"/>
    <agent start_i="176" start_j="10" goal_i="75" goal_j="30"/>
    <agent start_i="46" start_j="238" goal_i="142" goal_j="50"/>
    <agent start_i="39" start_j="168" goal_i="219" goal_j="105"/>
    <agent start_i="166" start_j="158" goal_i="120" goal_j="156"/>
    <agent start_i="37" start_j="249" goal_i="106" goal_j="233"/>
    <agent start_i="169" start_j="123" goal_i="93" goal_j="151"/>
    <agent start_i="223" start_j="92" goal_i="167" goal_j="86"/>
</root>
