<?xml version="1.0" ?>
<root>
    <agent start_i="112" start_j="144" goal_i="184" goal_j="176"/>
    <agent start_i="204" start_j="75" goal_i="108" goal_j="242"/>
    <agent start_i="94" start_j="116" goal_i="98" goal_j="145"/>
    <agent start_i="62" start_j="168" goal_i="120" goal_j="160"/>
    <agent start_i="41" start_j="211" goal_i="87" goal_j="214"/>
    <agent start_i="82" start_j="55" goal_i="213" goal_j="91"/>
    <agent start_i="45" start_j="54" goal_i="11" goal_j="138"/>
    <agent start_i="24" start_j="183" goal_i="211" goal_j="71"/>
    <agent start_i="114" start_j="102" goal_i="143" goal_j="49"/>
    <agent start_i="148" start_j="69" goal_i="72" goal_j="29"/>
</root>
