<?xml version="1.0" ?>
<root>
<agent start_i="18" start_j="59" goal_i="46" goal_j="63"/>
<agent start_i="48" start_j="54" goal_i="22" goal_j="11"/>
<agent start_i="52" start_j="48" goal_i="45" goal_j="21"/>
<agent start_i="4" start_j="40" goal_i="20" goal_j="35"/>
<agent start_i="55" start_j="54" goal_i="33" goal_j="13"/>
<agent start_i="3" start_j="28" goal_i="51" goal_j="28"/>
<agent start_i="5" start_j="57" goal_i="15" goal_j="37"/>
<agent start_i="8" start_j="34" goal_i="60" goal_j="1"/>
<agent start_i="28" start_j="9" goal_i="20" goal_j="14"/>
<agent start_i="16" start_j="51" goal_i="32" goal_j="47"/>
<agent start_i="53" start_j="2" goal_i="27" goal_j="33"/>
<agent start_i="63" start_j="42" goal_i="35" goal_j="15"/>
<agent start_i="45" start_j="7" goal_i="13" goal_j="38"/>
<agent start_i="40" start_j="9" goal_i="25" goal_j="24"/>
<agent start_i="27" start_j="1" goal_i="51" goal_j="37"/>
<agent start_i="14" start_j="9" goal_i="8" goal_j="6"/>
</root>
