<?xml version="1.0" ?>
<root>
<agent start_i="38" start_j="48" goal_i="30" goal_j="53"/>
<agent start_i="52" start_j="23" goal_i="51" goal_j="24"/>
<agent start_i="16" start_j="36" goal_i="52" goal_j="14"/>
<agent start_i="34" start_j="15" goal_i="1" goal_j="14"/>
<agent start_i="40" start_j="0" goal_i="43" goal_j="28"/>
<agent start_i="61" start_j="10" goal_i="39" goal_j="14"/>
<agent start_i="48" start_j="18" goal_i="36" goal_j="47"/>
<agent start_i="60" start_j="40" goal_i="45" goal_j="52"/>
<agent start_i="24" start_j="38" goal_i="2" goal_j="39"/>
<agent start_i="58" start_j="32" goal_i="52" goal_j="35"/>
<agent start_i="35" start_j="31" goal_i="45" goal_j="4"/>
<agent start_i="3" start_j="48" goal_i="15" goal_j="20"/>
<agent start_i="46" start_j="45" goal_i="6" goal_j="35"/>
<agent start_i="2" start_j="33" goal_i="14" goal_j="11"/>
<agent start_i="40" start_j="1" goal_i="28" goal_j="24"/>
<agent start_i="53" start_j="38" goal_i="54" goal_j="2"/>
</root>
