<?xml version="1.0" ?>
<root>
<agent start_i="27" start_j="32" goal_i="31" goal_j="50"/>
<agent start_i="31" start_j="9" goal_i="33" goal_j="57"/>
<agent start_i="45" start_j="31" goal_i="27" goal_j="27"/>
<agent start_i="24" start_j="15" goal_i="42" goal_j="19"/>
<agent start_i="8" start_j="9" goal_i="18" goal_j="47"/>
<agent start_i="25" start_j="17" goal_i="32" goal_j="26"/>
<agent start_i="6" start_j="42" goal_i="42" goal_j="46"/>
<agent start_i="30" start_j="16" goal_i="8" goal_j="56"/>
<agent start_i="61" start_j="34" goal_i="15" goal_j="21"/>
<agent start_i="6" start_j="28" goal_i="50" goal_j="12"/>
<agent start_i="44" start_j="38" goal_i="37" goal_j="59"/>
<agent start_i="34" start_j="35" goal_i="0" goal_j="24"/>
<agent start_i="44" start_j="50" goal_i="39" goal_j="54"/>
<agent start_i="29" start_j="22" goal_i="27" goal_j="0"/>
<agent start_i="53" start_j="16" goal_i="16" goal_j="48"/>
<agent start_i="17" start_j="55" goal_i="3" goal_j="48"/>
</root>
