<?xml version="1.0" ?>
<root>
<agent start_i="52" start_j="33" goal_i="48" goal_j="39"/>
<agent start_i="15" start_j="14" goal_i="56" goal_j="19"/>
<agent start_i="54" start_j="3" goal_i="8" goal_j="56"/>
<agent start_i="38" start_j="11" goal_i="21" goal_j="0"/>
<agent start_i="10" start_j="0" goal_i="49" goal_j="28"/>
<agent start_i="28" start_j="31" goal_i="20" goal_j="21"/>
<agent start_i="45" start_j="59" goal_i="33" goal_j="60"/>
<agent start_i="5" start_j="13" goal_i="44" goal_j="12"/>
<agent start_i="14" start_j="53" goal_i="5" goal_j="6"/>
<agent start_i="8" start_j="42" goal_i="63" goal_j="7"/>
<agent start_i="58" start_j="46" goal_i="29" goal_j="1"/>
<agent start_i="46" start_j="48" goal_i="44" goal_j="58"/>
<agent start_i="23" start_j="13" goal_i="59" goal_j="35"/>
<agent start_i="20" start_j="46" goal_i="60" goal_j="1"/>
<agent start_i="10" start_j="12" goal_i="63" goal_j="40"/>
<agent start_i="50" start_j="25" goal_i="59" goal_j="16"/>
</root>
