<?xml version="1.0" ?>
<root>
<agent start_i="15" start_j="59" goal_i="5" goal_j="14"/>
<agent start_i="56" start_j="3" goal_i="16" goal_j="50"/>
<agent start_i="9" start_j="24" goal_i="4" goal_j="11"/>
<agent start_i="35" start_j="23" goal_i="41" goal_j="21"/>
<agent start_i="28" start_j="7" goal_i="44" goal_j="42"/>
<agent start_i="35" start_j="27" goal_i="24" goal_j="32"/>
<agent start_i="28" start_j="62" goal_i="47" goal_j="47"/>
<agent start_i="11" start_j="13" goal_i="3" goal_j="51"/>
<agent start_i="16" start_j="63" goal_i="27" goal_j="51"/>
<agent start_i="57" start_j="48" goal_i="15" goal_j="22"/>
<agent start_i="6" start_j="15" goal_i="14" goal_j="7"/>
<agent start_i="45" start_j="27" goal_i="45" goal_j="44"/>
<agent start_i="36" start_j="21" goal_i="9" goal_j="51"/>
<agent start_i="50" start_j="61" goal_i="53" goal_j="15"/>
<agent start_i="15" start_j="50" goal_i="36" goal_j="8"/>
<agent start_i="10" start_j="8" goal_i="22" goal_j="33"/>
</root>
