<?xml version="1.0" ?>
<root>
<agent start_i="38" start_j="23" goal_i="59" goal_j="48"/>
<agent start_i="12" start_j="7" goal_i="0" goal_j="7"/>
<agent start_i="15" start_j="24" goal_i="58" goal_j="1"/>
<agent start_i="41" start_j="50" goal_i="40" goal_j="23"/>
<agent start_i="56" start_j="27" goal_i="18" goal_j="47"/>
<agent start_i="52" start_j="38" goal_i="51" goal_j="8"/>
<agent start_i="58" start_j="45" goal_i="43" goal_j="54"/>
<agent start_i="21" start_j="40" goal_i="11" goal_j="43"/>
<agent start_i="35" start_j="58" goal_i="13" goal_j="44"/>
<agent start_i="26" start_j="0" goal_i="39" goal_j="2"/>
<agent start_i="39" start_j="19" goal_i="54" goal_j="63"/>
<agent start_i="2" start_j="34" goal_i="59" goal_j="11"/>
<agent start_i="1" start_j="33" goal_i="26" goal_j="35"/>
<agent start_i="5" start_j="38" goal_i="9" goal_j="57"/>
<agent start_i="46" start_j="30" goal_i="31" goal_j="50"/>
<agent start_i="11" start_j="6" goal_i="38" goal_j="33"/>
</root>
