<?xml version="1.0" ?>
<root>
<agent start_i="63" start_j="27" goal_i="52" goal_j="12"/>
<agent start_i="44" start_j="53" goal_i="18" goal_j="49"/>
<agent start_i="20" start_j="1" goal_i="55" goal_j="60"/>
<agent start_i="63" start_j="40" goal_i="17" goal_j="43"/>
<agent start_i="14" start_j="53" goal_i="5" goal_j="6"/>
<agent start_i="35" start_j="17" goal_i="23" goal_j="60"/>
<agent start_i="52" start_j="15" goal_i="29" goal_j="20"/>
<agent start_i="21" start_j="8" goal_i="50" goal_j="54"/>
<agent start_i="34" start_j="37" goal_i="3" goal_j="20"/>
<agent start_i="23" start_j="33" goal_i="43" goal_j="24"/>
<agent start_i="43" start_j="36" goal_i="36" goal_j="48"/>
<agent start_i="42" start_j="11" goal_i="47" goal_j="47"/>
<agent start_i="58" start_j="53" goal_i="40" goal_j="45"/>
<agent start_i="1" start_j="4" goal_i="63" goal_j="50"/>
<agent start_i="53" start_j="10" goal_i="38" goal_j="45"/>
<agent start_i="30" start_j="63" goal_i="55" goal_j="26"/>
</root>
