<?xml version="1.0" ?>
<root>
<agent start_i="36" start_j="13" goal_i="16" goal_j="21"/>
<agent start_i="45" start_j="28" goal_i="35" goal_j="26"/>
<agent start_i="15" start_j="52" goal_i="58" goal_j="1"/>
<agent start_i="37" start_j="56" goal_i="8" goal_j="53"/>
<agent start_i="31" start_j="14" goal_i="8" goal_j="33"/>
<agent start_i="47" start_j="9" goal_i="45" goal_j="37"/>
<agent start_i="43" start_j="9" goal_i="4" goal_j="2"/>
<agent start_i="3" start_j="15" goal_i="6" goal_j="50"/>
<agent start_i="58" start_j="50" goal_i="4" goal_j="40"/>
<agent start_i="48" start_j="55" goal_i="21" goal_j="28"/>
<agent start_i="37" start_j="50" goal_i="44" goal_j="59"/>
<agent start_i="11" start_j="39" goal_i="22" goal_j="40"/>
<agent start_i="53" start_j="23" goal_i="3" goal_j="20"/>
<agent start_i="38" start_j="7" goal_i="43" goal_j="51"/>
<agent start_i="12" start_j="53" goal_i="47" goal_j="44"/>
<agent start_i="51" start_j="15" goal_i="58" goal_j="31"/>
</root>
