<?xml version="1.0" ?>
<root>
<agent start_i="45" start_j="7" goal_i="13" goal_j="38"/>
<agent start_i="14" start_j="36" goal_i="44" goal_j="40"/>
<agent start_i="40" start_j="47" goal_i="47" goal_j="23"/>
<agent start_i="38" start_j="12" goal_i="45" goal_j="10"/>
<agent start_i="51" start_j="22" goal_i="39" goal_j="58"/>
<agent start_i="24" start_j="47" goal_i="53" goal_j="55"/>
<agent start_i="59" start_j="40" goal_i="20" goal_j="50"/>
<agent start_i="2" start_j="34" goal_i="59" goal_j="11"/>
<agent start_i="13" start_j="60" goal_i="41" goal_j="5"/>
<agent start_i="4" start_j="27" goal_i="15" goal_j="7"/>
<agent start_i="59" start_j="17" goal_i="49" goal_j="22"/>
<agent start_i="50" start_j="45" goal_i="15" goal_j="53"/>
<agent start_i="12" start_j="19" goal_i="45" goal_j="44"/>
<agent start_i="54" start_j="48" goal_i="59" goal_j="9"/>
<agent start_i="35" start_j="5" goal_i="43" goal_j="15"/>
<agent start_i="6" start_j="25" goal_i="43" goal_j="52"/>
</root>
