<?xml version="1.0" ?>
<root>
<agent start_i="12" start_j="18" goal_i="30" goal_j="23"/>
<agent start_i="23" start_j="28" goal_i="19" goal_j="11"/>
<agent start_i="38" start_j="53" goal_i="50" goal_j="52"/>
<agent start_i="18" start_j="39" goal_i="52" goal_j="38"/>
<agent start_i="28" start_j="11" goal_i="4" goal_j="34"/>
<agent start_i="32" start_j="37" goal_i="45" goal_j="52"/>
<agent start_i="44" start_j="22" goal_i="26" goal_j="28"/>
<agent start_i="4" start_j="41" goal_i="6" goal_j="48"/>
<agent start_i="7" start_j="9" goal_i="34" goal_j="19"/>
<agent start_i="0" start_j="16" goal_i="41" goal_j="46"/>
<agent start_i="7" start_j="24" goal_i="60" goal_j="18"/>
<agent start_i="39" start_j="57" goal_i="10" goal_j="34"/>
<agent start_i="1" start_j="7" goal_i="43" goal_j="45"/>
<agent start_i="23" start_j="42" goal_i="14" goal_j="12"/>
<agent start_i="58" start_j="2" goal_i="26" goal_j="9"/>
<agent start_i="9" start_j="63" goal_i="28" goal_j="54"/>
</root>
