<?xml version="1.0" ?>
<root>
<agent start_i="38" start_j="52" goal_i="17" goal_j="14"/>
<agent start_i="36" start_j="50" goal_i="4" goal_j="56"/>
<agent start_i="19" start_j="21" goal_i="11" goal_j="39"/>
<agent start_i="54" start_j="27" goal_i="31" goal_j="19"/>
<agent start_i="34" start_j="24" goal_i="5" goal_j="31"/>
<agent start_i="7" start_j="46" goal_i="12" goal_j="11"/>
<agent start_i="9" start_j="25" goal_i="41" goal_j="54"/>
<agent start_i="54" start_j="46" goal_i="43" goal_j="56"/>
<agent start_i="10" start_j="26" goal_i="44" goal_j="2"/>
<agent start_i="63" start_j="44" goal_i="21" goal_j="23"/>
<agent start_i="58" start_j="3" goal_i="21" goal_j="1"/>
<agent start_i="49" start_j="11" goal_i="10" goal_j="7"/>
<agent start_i="28" start_j="57" goal_i="50" goal_j="57"/>
<agent start_i="56" start_j="62" goal_i="2" goal_j="59"/>
<agent start_i="17" start_j="33" goal_i="54" goal_j="37"/>
<agent start_i="0" start_j="52" goal_i="53" goal_j="28"/>
</root>
