<?xml version="1.0" ?>
<root>
<agent start_i="5" start_j="63" goal_i="23" goal_j="3"/>
<agent start_i="44" start_j="17" goal_i="35" goal_j="7"/>
<agent start_i="59" start_j="45" goal_i="21" goal_j="15"/>
<agent start_i="50" start_j="14" goal_i="20" goal_j="23"/>
<agent start_i="2" start_j="34" goal_i="59" goal_j="11"/>
<agent start_i="23" start_j="28" goal_i="19" goal_j="11"/>
<agent start_i="11" start_j="16" goal_i="47" goal_j="36"/>
<agent start_i="48" start_j="38" goal_i="36" goal_j="41"/>
<agent start_i="62" start_j="17" goal_i="43" goal_j="48"/>
<agent start_i="50" start_j="39" goal_i="50" goal_j="11"/>
<agent start_i="6" start_j="42" goal_i="42" goal_j="46"/>
<agent start_i="16" start_j="12" goal_i="62" goal_j="51"/>
<agent start_i="62" start_j="39" goal_i="44" goal_j="2"/>
<agent start_i="22" start_j="57" goal_i="46" goal_j="38"/>
<agent start_i="43" start_j="47" goal_i="21" goal_j="40"/>
<agent start_i="45" start_j="56" goal_i="13" goal_j="60"/>
</root>
