<?xml version="1.0" ?>
<root>
<agent start_i="20" start_j="3" goal_i="61" goal_j="8"/>
<agent start_i="3" start_j="23" goal_i="6" goal_j="26"/>
<agent start_i="9" start_j="61" goal_i="35" goal_j="26"/>
<agent start_i="53" start_j="49" goal_i="39" goal_j="34"/>
<agent start_i="41" start_j="23" goal_i="25" goal_j="58"/>
<agent start_i="40" start_j="50" goal_i="8" goal_j="8"/>
<agent start_i="29" start_j="25" goal_i="28" goal_j="60"/>
<agent start_i="17" start_j="61" goal_i="17" goal_j="50"/>
<agent start_i="44" start_j="10" goal_i="15" goal_j="34"/>
<agent start_i="21" start_j="63" goal_i="26" goal_j="59"/>
<agent start_i="51" start_j="51" goal_i="15" goal_j="21"/>
<agent start_i="39" start_j="23" goal_i="36" goal_j="34"/>
<agent start_i="25" start_j="46" goal_i="2" goal_j="29"/>
<agent start_i="45" start_j="22" goal_i="46" goal_j="29"/>
<agent start_i="48" start_j="61" goal_i="0" goal_j="8"/>
<agent start_i="59" start_j="16" goal_i="38" goal_j="1"/>
</root>
