<?xml version="1.0" ?>
<root>
<agent start_i="11" start_j="28" goal_i="60" goal_j="25"/>
<agent start_i="26" start_j="10" goal_i="30" goal_j="35"/>
<agent start_i="35" start_j="32" goal_i="0" goal_j="15"/>
<agent start_i="7" start_j="54" goal_i="19" goal_j="56"/>
<agent start_i="9" start_j="54" goal_i="24" goal_j="52"/>
<agent start_i="23" start_j="40" goal_i="17" goal_j="42"/>
<agent start_i="14" start_j="10" goal_i="11" goal_j="34"/>
<agent start_i="7" start_j="14" goal_i="0" goal_j="35"/>
<agent start_i="58" start_j="35" goal_i="50" goal_j="39"/>
<agent start_i="53" start_j="47" goal_i="40" goal_j="39"/>
<agent start_i="5" start_j="61" goal_i="9" goal_j="11"/>
<agent start_i="48" start_j="58" goal_i="47" goal_j="3"/>
<agent start_i="19" start_j="43" goal_i="12" goal_j="58"/>
<agent start_i="28" start_j="21" goal_i="49" goal_j="7"/>
<agent start_i="30" start_j="50" goal_i="24" goal_j="56"/>
<agent start_i="34" start_j="33" goal_i="35" goal_j="6"/>
</root>
