<?xml version="1.0" ?>
<root>
<agent start_i="22" start_j="59" goal_i="19" goal_j="48"/>
<agent start_i="46" start_j="48" goal_i="44" goal_j="58"/>
<agent start_i="29" start_j="16" goal_i="17" goal_j="59"/>
<agent start_i="59" start_j="62" goal_i="31" goal_j="5"/>
<agent start_i="59" start_j="6" goal_i="23" goal_j="12"/>
<agent start_i="57" start_j="16" goal_i="13" goal_j="19"/>
<agent start_i="25" start_j="10" goal_i="44" goal_j="50"/>
<agent start_i="46" start_j="7" goal_i="18" goal_j="30"/>
<agent start_i="20" start_j="63" goal_i="13" goal_j="15"/>
<agent start_i="15" start_j="16" goal_i="32" goal_j="12"/>
<agent start_i="61" start_j="12" goal_i="43" goal_j="9"/>
<agent start_i="58" start_j="59" goal_i="13" goal_j="12"/>
<agent start_i="36" start_j="15" goal_i="14" goal_j="36"/>
<agent start_i="26" start_j="45" goal_i="36" goal_j="53"/>
<agent start_i="9" start_j="4" goal_i="32" goal_j="18"/>
<agent start_i="19" start_j="41" goal_i="20" goal_j="31"/>
</root>
