<?xml version="1.0" ?>
<root>
<agent start_i="54" start_j="10" goal_i="45" goal_j="22"/>
<agent start_i="47" start_j="13" goal_i="12" goal_j="19"/>
<agent start_i="39" start_j="30" goal_i="37" goal_j="26"/>
<agent start_i="51" start_j="56" goal_i="46" goal_j="26"/>
<agent start_i="52" start_j="43" goal_i="10" goal_j="59"/>
<agent start_i="34" start_j="32" goal_i="54" goal_j="50"/>
<agent start_i="58" start_j="46" goal_i="29" goal_j="1"/>
<agent start_i="10" start_j="57" goal_i="34" goal_j="18"/>
<agent start_i="14" start_j="2" goal_i="61" goal_j="39"/>
<agent start_i="57" start_j="37" goal_i="32" goal_j="15"/>
<agent start_i="61" start_j="17" goal_i="36" goal_j="59"/>
<agent start_i="19" start_j="23" goal_i="51" goal_j="0"/>
<agent start_i="42" start_j="0" goal_i="54" goal_j="39"/>
<agent start_i="19" start_j="13" goal_i="63" goal_j="32"/>
<agent start_i="8" start_j="33" goal_i="61" goal_j="44"/>
<agent start_i="38" start_j="38" goal_i="55" goal_j="18"/>
</root>
