<?xml version="1.0" ?>
<root>
<agent start_i="35" start_j="50" goal_i="63" goal_j="57"/>
<agent start_i="43" start_j="28" goal_i="29" goal_j="15"/>
<agent start_i="39" start_j="14" goal_i="44" goal_j="60"/>
<agent start_i="56" start_j="53" goal_i="11" goal_j="51"/>
<agent start_i="5" start_j="12" goal_i="47" goal_j="40"/>
<agent start_i="43" start_j="16" goal_i="5" goal_j="55"/>
<agent start_i="60" start_j="25" goal_i="47" goal_j="5"/>
<agent start_i="46" start_j="48" goal_i="44" goal_j="58"/>
<agent start_i="25" start_j="4" goal_i="8" goal_j="16"/>
<agent start_i="23" start_j="37" goal_i="4" goal_j="30"/>
<agent start_i="6" start_j="11" goal_i="52" goal_j="45"/>
<agent start_i="21" start_j="31" goal_i="63" goal_j="35"/>
<agent start_i="51" start_j="29" goal_i="52" goal_j="10"/>
<agent start_i="45" start_j="0" goal_i="31" goal_j="23"/>
<agent start_i="41" start_j="60" goal_i="7" goal_j="37"/>
<agent start_i="18" start_j="47" goal_i="22" goal_j="19"/>
</root>
