<?xml version="1.0" ?>
<root>
<agent start_i="32" start_j="52" goal_i="3" goal_j="38"/>
<agent start_i="40" start_j="27" goal_i="33" goal_j="30"/>
<agent start_i="27" start_j="33" goal_i="41" goal_j="23"/>
<agent start_i="0" start_j="47" goal_i="7" goal_j="6"/>
<agent start_i="16" start_j="8" goal_i="24" goal_j="58"/>
<agent start_i="19" start_j="51" goal_i="55" goal_j="14"/>
<agent start_i="9" start_j="50" goal_i="17" goal_j="58"/>
<agent start_i="51" start_j="55" goal_i="10" goal_j="26"/>
<agent start_i="50" start_j="48" goal_i="32" goal_j="35"/>
<agent start_i="63" start_j="47" goal_i="49" goal_j="51"/>
<agent start_i="3" start_j="25" goal_i="18" goal_j="60"/>
<agent start_i="4" start_j="9" goal_i="53" goal_j="31"/>
<agent start_i="0" start_j="46" goal_i="61" goal_j="5"/>
<agent start_i="1" start_j="16" goal_i="47" goal_j="60"/>
<agent start_i="39" start_j="42" goal_i="13" goal_j="57"/>
<agent start_i="38" start_j="26" goal_i="52" goal_j="61"/>
</root>
