<?xml version="1.0" ?>
<root>
<agent start_i="12" start_j="7" goal_i="0" goal_j="7"/>
<agent start_i="2" start_j="39" goal_i="1" goal_j="10"/>
<agent start_i="21" start_j="41" goal_i="48" goal_j="51"/>
<agent start_i="58" start_j="4" goal_i="19" goal_j="19"/>
<agent start_i="6" start_j="42" goal_i="42" goal_j="46"/>
<agent start_i="30" start_j="45" goal_i="27" goal_j="40"/>
<agent start_i="17" start_j="6" goal_i="0" goal_j="23"/>
<agent start_i="56" start_j="2" goal_i="18" goal_j="18"/>
<agent start_i="5" start_j="47" goal_i="46" goal_j="47"/>
<agent start_i="34" start_j="13" goal_i="16" goal_j="28"/>
<agent start_i="44" start_j="61" goal_i="43" goal_j="36"/>
<agent start_i="44" start_j="17" goal_i="35" goal_j="7"/>
<agent start_i="26" start_j="16" goal_i="17" goal_j="58"/>
<agent start_i="21" start_j="43" goal_i="31" goal_j="41"/>
<agent start_i="31" start_j="40" goal_i="8" goal_j="58"/>
<agent start_i="8" start_j="45" goal_i="34" goal_j="58"/>
</root>
