<?xml version="1.0" ?>
<root>
<agent start_i="43" start_j="17" goal_i="29" goal_j="51"/>
<agent start_i="6" start_j="0" goal_i="38" goal_j="29"/>
<agent start_i="57" start_j="22" goal_i="7" goal_j="48"/>
<agent start_i="1" start_j="10" goal_i="30" goal_j="27"/>
<agent start_i="63" start_j="37" goal_i="34" goal_j="52"/>
<agent start_i="8" start_j="10" goal_i="20" goal_j="43"/>
<agent start_i="9" start_j="60" goal_i="60" goal_j="16"/>
<agent start_i="1" start_j="26" goal_i="27" goal_j="29"/>
<agent start_i="24" start_j="2" goal_i="52" goal_j="0"/>
<agent start_i="51" start_j="42" goal_i="42" goal_j="22"/>
<agent start_i="3" start_j="47" goal_i="40" goal_j="61"/>
<agent start_i="19" start_j="18" goal_i="47" goal_j="19"/>
<agent start_i="53" start_j="0" goal_i="50" goal_j="58"/>
<agent start_i="55" start_j="26" goal_i="55" goal_j="36"/>
<agent start_i="36" start_j="49" goal_i="2" goal_j="7"/>
<agent start_i="11" start_j="56" goal_i="57" goal_j="12"/>
</root>
