<?xml version="1.0" ?>
<root>
<agent start_i="29" start_j="16" goal_i="17" goal_j="59"/>
<agent start_i="11" start_j="3" goal_i="27" goal_j="57"/>
<agent start_i="2" start_j="12" goal_i="40" goal_j="38"/>
<agent start_i="17" start_j="8" goal_i="0" goal_j="54"/>
<agent start_i="26" start_j="57" goal_i="7" goal_j="21"/>
<agent start_i="59" start_j="2" goal_i="53" goal_j="53"/>
<agent start_i="32" start_j="21" goal_i="36" goal_j="29"/>
<agent start_i="40" start_j="3" goal_i="1" goal_j="59"/>
<agent start_i="35" start_j="39" goal_i="40" goal_j="8"/>
<agent start_i="57" start_j="45" goal_i="4" goal_j="34"/>
<agent start_i="54" start_j="61" goal_i="0" goal_j="30"/>
<agent start_i="43" start_j="40" goal_i="22" goal_j="26"/>
<agent start_i="59" start_j="62" goal_i="31" goal_j="5"/>
<agent start_i="57" start_j="6" goal_i="27" goal_j="29"/>
<agent start_i="29" start_j="40" goal_i="46" goal_j="7"/>
<agent start_i="33" start_j="47" goal_i="55" goal_j="40"/>
</root>
