<?xml version="1.0" ?>
<root>
<agent start_i="21" start_j="42" goal_i="41" goal_j="19"/>
<agent start_i="26" start_j="15" goal_i="37" goal_j="34"/>
<agent start_i="43" start_j="16" goal_i="5" goal_j="55"/>
<agent start_i="2" start_j="29" goal_i="40" goal_j="51"/>
<agent start_i="30" start_j="54" goal_i="27" goal_j="24"/>
<agent start_i="50" start_j="31" goal_i="1" goal_j="46"/>
<agent start_i="63" start_j="31" goal_i="6" goal_j="37"/>
<agent start_i="1" start_j="53" goal_i="46" goal_j="48"/>
<agent start_i="18" start_j="1" goal_i="46" goal_j="29"/>
<agent start_i="26" start_j="16" goal_i="17" goal_j="58"/>
<agent start_i="43" start_j="8" goal_i="11" goal_j="25"/>
<agent start_i="1" start_j="13" goal_i="23" goal_j="31"/>
<agent start_i="35" start_j="20" goal_i="27" goal_j="28"/>
<agent start_i="40" start_j="38" goal_i="59" goal_j="52"/>
<agent start_i="19" start_j="23" goal_i="51" goal_j="0"/>
<agent start_i="35" start_j="43" goal_i="6" goal_j="31"/>
</root>
