<?xml version="1.0" ?>
<root>
<agent start_i="48" start_j="28" goal_i="25" goal_j="22"/>
<agent start_i="17" start_j="15" goal_i="21" goal_j="39"/>
<agent start_i="29" start_j="27" goal_i="56" goal_j="41"/>
<agent start_i="32" start_j="52" goal_i="3" goal_j="38"/>
<agent start_i="16" start_j="43" goal_i="25" goal_j="47"/>
<agent start_i="49" start_j="63" goal_i="51" goal_j="38"/>
<agent start_i="60" start_j="2" goal_i="53" goal_j="50"/>
<agent start_i="34" start_j="28" goal_i="7" goal_j="5"/>
<agent start_i="60" start_j="30" goal_i="16" goal_j="50"/>
<agent start_i="24" start_j="18" goal_i="4" goal_j="46"/>
<agent start_i="23" start_j="55" goal_i="29" goal_j="17"/>
<agent start_i="63" start_j="27" goal_i="52" goal_j="12"/>
<agent start_i="43" start_j="11" goal_i="22" goal_j="52"/>
<agent start_i="23" start_j="49" goal_i="8" goal_j="52"/>
<agent start_i="52" start_j="12" goal_i="43" goal_j="59"/>
<agent start_i="19" start_j="60" goal_i="5" goal_j="41"/>
</root>
