<?xml version="1.0" ?>
<root>
    <agent start_i="23" start_j="58" goal_i="39" goal_j="61"/>
    <agent start_i="24" start_j="13" goal_i="50" goal_j="34"/>
    <agent start_i="29" start_j="5" goal_i="55" goal_j="3"/>
    <agent start_i="42" start_j="10" goal_i="56" goal_j="38"/>
    <agent start_i="48" start_j="45" goal_i="2" goal_j="24"/>
    <agent start_i="51" start_j="12" goal_i="42" goal_j="8"/>
    <agent start_i="19" start_j="19" goal_i="11" goal_j="34"/>
    <agent start_i="41" start_j="42" goal_i="46" goal_j="57"/>
    <agent start_i="12" start_j="59" goal_i="9" goal_j="45"/>
    <agent start_i="35" start_j="6" goal_i="31" goal_j="49"/>
    <agent start_i="37" start_j="47" goal_i="36" goal_j="33"/>
    <agent start_i="33" start_j="28" goal_i="57" goal_j="5"/>
    <agent start_i="55" start_j="20" goal_i="3" goal_j="1"/>
    <agent start_i="12" start_j="2" goal_i="24" goal_j="42"/>
    <agent start_i="39" start_j="13" goal_i="62" goal_j="61"/>
    <agent start_i="25" start_j="40" goal_i="12" goal_j="50"/>
    <log>
        <summary time="60.007886999999997" flowtime="602" makespan="71"/>
        <agent number="0">
            <path number="0" length="19">
                <hplevel>
                    <section number="0" start.x="58" start.y="23" finish.x="58" finish.y="23" length="0"/>
                    <section number="1" start.x="58" start.y="23" finish.x="58" finish.y="24" length="1"/>
                    <section number="2" start.x="58" start.y="24" finish.x="58" finish.y="25" length="1"/>
                    <section number="3" start.x="58" start.y="25" finish.x="58" finish.y="26" length="1"/>
                    <section number="4" start.x="58" start.y="26" finish.x="58" finish.y="27" length="1"/>
                    <section number="5" start.x="58" start.y="27" finish.x="58" finish.y="28" length="1"/>
                    <section number="6" start.x="58" start.y="28" finish.x="58" finish.y="29" length="1"/>
                    <section number="7" start.x="58" start.y="29" finish.x="58" finish.y="30" length="1"/>
                    <section number="8" start.x="58" start.y="30" finish.x="58" finish.y="31" length="1"/>
                    <section number="9" start.x="58" start.y="31" finish.x="58" finish.y="32" length="1"/>
                    <section number="10" start.x="58" start.y="32" finish.x="58" finish.y="33" length="1"/>
                    <section number="11" start.x="58" start.y="33" finish.x="58" finish.y="34" length="1"/>
                    <section number="12" start.x="58" start.y="34" finish.x="58" finish.y="35" length="1"/>
                    <section number="13" start.x="58" start.y="35" finish.x="58" finish.y="36" length="1"/>
                    <section number="14" start.x="58" start.y="36" finish.x="58" finish.y="37" length="1"/>
                    <section number="15" start.x="58" start.y="37" finish.x="58" finish.y="38" length="1"/>
                    <section number="16" start.x="58" start.y="38" finish.x="58" finish.y="39" length="1"/>
                    <section number="17" start.x="58" start.y="39" finish.x="59" finish.y="39" length="1"/>
                    <section number="18" start.x="59" start.y="39" finish.x="60" finish.y="39" length="1"/>
                    <section number="19" start.x="60" start.y="39" finish.x="61" finish.y="39" length="1"/>
                </hplevel>
            </path>
        </agent>
        <agent number="1">
            <path number="1" length="47">
                <hplevel>
                    <section number="0" start.x="13" start.y="24" finish.x="13" finish.y="24" length="0"/>
                    <section number="1" start.x="13" start.y="24" finish.x="13" finish.y="25" length="1"/>
                    <section number="2" start.x="13" start.y="25" finish.x="13" finish.y="26" length="1"/>
                    <section number="3" start.x="13" start.y="26" finish.x="13" finish.y="27" length="1"/>
                    <section number="4" start.x="13" start.y="27" finish.x="13" finish.y="28" length="1"/>
                    <section number="5" start.x="13" start.y="28" finish.x="13" finish.y="29" length="1"/>
                    <section number="6" start.x="13" start.y="29" finish.x="13" finish.y="30" length="1"/>
                    <section number="7" start.x="13" start.y="30" finish.x="13" finish.y="31" length="1"/>
                    <section number="8" start.x="13" start.y="31" finish.x="13" finish.y="32" length="1"/>
                    <section number="9" start.x="13" start.y="32" finish.x="13" finish.y="33" length="1"/>
                    <section number="10" start.x="13" start.y="33" finish.x="13" finish.y="34" length="1"/>
                    <section number="11" start.x="13" start.y="34" finish.x="13" finish.y="35" length="1"/>
                    <section number="12" start.x="13" start.y="35" finish.x="13" finish.y="36" length="1"/>
                    <section number="13" start.x="13" start.y="36" finish.x="13" finish.y="37" length="1"/>
                    <section number="14" start.x="13" start.y="37" finish.x="13" finish.y="38" length="1"/>
                    <section number="15" start.x="13" start.y="38" finish.x="13" finish.y="39" length="1"/>
                    <section number="16" start.x="13" start.y="39" finish.x="13" finish.y="40" length="1"/>
                    <section number="17" start.x="13" start.y="40" finish.x="13" finish.y="41" length="1"/>
                    <section number="18" start.x="13" start.y="41" finish.x="13" finish.y="42" length="1"/>
                    <section number="19" start.x="13" start.y="42" finish.x="13" finish.y="43" length="1"/>
                    <section number="20" start.x="13" start.y="43" finish.x="13" finish.y="44" length="1"/>
                    <section number="21" start.x="13" start.y="44" finish.x="13" finish.y="45" length="1"/>
                    <section number="22" start.x="13" start.y="45" finish.x="13" finish.y="46" length="1"/>
                    <section number="23" start.x="13" start.y="46" finish.x="13" finish.y="47" length="1"/>
                    <section number="24" start.x="13" start.y="47" finish.x="13" finish.y="48" length="1"/>
                    <section number="25" start.x="13" start.y="48" finish.x="13" finish.y="49" length="1"/>
                    <section number="26" start.x="13" start.y="49" finish.x="13" finish.y="50" length="1"/>
                    <section number="27" start.x="13" start.y="50" finish.x="14" finish.y="50" length="1"/>
                    <section number="28" start.x="14" start.y="50" finish.x="15" finish.y="50" length="1"/>
                    <section number="29" start.x="15" start.y="50" finish.x="16" finish.y="50" length="1"/>
                    <section number="30" start.x="16" start.y="50" finish.x="17" finish.y="50" length="1"/>
                    <section number="31" start.x="17" start.y="50" finish.x="18" finish.y="50" length="1"/>
                    <section number="32" start.x="18" start.y="50" finish.x="19" finish.y="50" length="1"/>
                    <section number="33" start.x="19" start.y="50" finish.x="20" finish.y="50" length="1"/>
                    <section number="34" start.x="20" start.y="50" finish.x="21" finish.y="50" length="1"/>
                    <section number="35" start.x="21" start.y="50" finish.x="22" finish.y="50" length="1"/>
                    <section number="36" start.x="22" start.y="50" finish.x="23" finish.y="50" length="1"/>
                    <section number="37" start.x="23" start.y="50" finish.x="24" finish.y="50" length="1"/>
                    <section number="38" start.x="24" start.y="50" finish.x="25" finish.y="50" length="1"/>
                    <section number="39" start.x="25" start.y="50" finish.x="26" finish.y="50" length="1"/>
                    <section number="40" start.x="26" start.y="50" finish.x="27" finish.y="50" length="1"/>
                    <section number="41" start.x="27" start.y="50" finish.x="28" finish.y="50" length="1"/>
                    <section number="42" start.x="28" start.y="50" finish.x="29" finish.y="50" length="1"/>
                    <section number="43" start.x="29" start.y="50" finish.x="30" finish.y="50" length="1"/>
                    <section number="44" start.x="30" start.y="50" finish.x="31" finish.y="50" length="1"/>
                    <section number="45" start.x="31" start.y="50" finish.x="32" finish.y="50" length="1"/>
                    <section number="46" start.x="32" start.y="50" finish.x="33" finish.y="50" length="1"/>
                    <section number="47" start.x="33" start.y="50" finish.x="34" finish.y="50" length="1"/>
                </hplevel>
            </path>
        </agent>
        <agent number="2">
            <path number="2" length="28">
                <hplevel>
                    <section number="0" start.x="5" start.y="29" finish.x="5" finish.y="29" length="0"/>
                    <section number="1" start.x="5" start.y="29" finish.x="4" finish.y="29" length="1"/>
                    <section number="2" start.x="4" start.y="29" finish.x="3" finish.y="29" length="1"/>
                    <section number="3" start.x="3" start.y="29" finish.x="3" finish.y="30" length="1"/>
                    <section number="4" start.x="3" start.y="30" finish.x="3" finish.y="31" length="1"/>
                    <section number="5" start.x="3" start.y="31" finish.x="3" finish.y="32" length="1"/>
                    <section number="6" start.x="3" start.y="32" finish.x="3" finish.y="33" length="1"/>
                    <section number="7" start.x="3" start.y="33" finish.x="3" finish.y="34" length="1"/>
                    <section number="8" start.x="3" start.y="34" finish.x="3" finish.y="35" length="1"/>
                    <section number="9" start.x="3" start.y="35" finish.x="3" finish.y="36" length="1"/>
                    <section number="10" start.x="3" start.y="36" finish.x="3" finish.y="37" length="1"/>
                    <section number="11" start.x="3" start.y="37" finish.x="3" finish.y="38" length="1"/>
                    <section number="12" start.x="3" start.y="38" finish.x="3" finish.y="39" length="1"/>
                    <section number="13" start.x="3" start.y="39" finish.x="3" finish.y="40" length="1"/>
                    <section number="14" start.x="3" start.y="40" finish.x="3" finish.y="41" length="1"/>
                    <section number="15" start.x="3" start.y="41" finish.x="3" finish.y="42" length="1"/>
                    <section number="16" start.x="3" start.y="42" finish.x="3" finish.y="43" length="1"/>
                    <section number="17" start.x="3" start.y="43" finish.x="3" finish.y="44" length="1"/>
                    <section number="18" start.x="3" start.y="44" finish.x="3" finish.y="45" length="1"/>
                    <section number="19" start.x="3" start.y="45" finish.x="3" finish.y="46" length="1"/>
                    <section number="20" start.x="3" start.y="46" finish.x="3" finish.y="47" length="1"/>
                    <section number="21" start.x="3" start.y="47" finish.x="3" finish.y="48" length="1"/>
                    <section number="22" start.x="3" start.y="48" finish.x="3" finish.y="49" length="1"/>
                    <section number="23" start.x="3" start.y="49" finish.x="3" finish.y="50" length="1"/>
                    <section number="24" start.x="3" start.y="50" finish.x="3" finish.y="51" length="1"/>
                    <section number="25" start.x="3" start.y="51" finish.x="3" finish.y="52" length="1"/>
                    <section number="26" start.x="3" start.y="52" finish.x="3" finish.y="53" length="1"/>
                    <section number="27" start.x="3" start.y="53" finish.x="3" finish.y="54" length="1"/>
                    <section number="28" start.x="3" start.y="54" finish.x="3" finish.y="55" length="1"/>
                </hplevel>
            </path>
        </agent>
        <agent number="3">
            <path number="3" length="42">
                <hplevel>
                    <section number="0" start.x="10" start.y="42" finish.x="10" finish.y="42" length="0"/>
                    <section number="1" start.x="10" start.y="42" finish.x="10" finish.y="43" length="1"/>
                    <section number="2" start.x="10" start.y="43" finish.x="10" finish.y="44" length="1"/>
                    <section number="3" start.x="10" start.y="44" finish.x="10" finish.y="45" length="1"/>
                    <section number="4" start.x="10" start.y="45" finish.x="10" finish.y="46" length="1"/>
                    <section number="5" start.x="10" start.y="46" finish.x="10" finish.y="47" length="1"/>
                    <section number="6" start.x="10" start.y="47" finish.x="10" finish.y="48" length="1"/>
                    <section number="7" start.x="10" start.y="48" finish.x="10" finish.y="49" length="1"/>
                    <section number="8" start.x="10" start.y="49" finish.x="10" finish.y="50" length="1"/>
                    <section number="9" start.x="10" start.y="50" finish.x="10" finish.y="51" length="1"/>
                    <section number="10" start.x="10" start.y="51" finish.x="10" finish.y="52" length="1"/>
                    <section number="11" start.x="10" start.y="52" finish.x="10" finish.y="53" length="1"/>
                    <section number="12" start.x="10" start.y="53" finish.x="11" finish.y="53" length="1"/>
                    <section number="13" start.x="11" start.y="53" finish.x="12" finish.y="53" length="1"/>
                    <section number="14" start.x="12" start.y="53" finish.x="13" finish.y="53" length="1"/>
                    <section number="15" start.x="13" start.y="53" finish.x="14" finish.y="53" length="1"/>
                    <section number="16" start.x="14" start.y="53" finish.x="14" finish.y="54" length="1"/>
                    <section number="17" start.x="14" start.y="54" finish.x="15" finish.y="54" length="1"/>
                    <section number="18" start.x="15" start.y="54" finish.x="16" finish.y="54" length="1"/>
                    <section number="19" start.x="16" start.y="54" finish.x="17" finish.y="54" length="1"/>
                    <section number="20" start.x="17" start.y="54" finish.x="18" finish.y="54" length="1"/>
                    <section number="21" start.x="18" start.y="54" finish.x="18" finish.y="55" length="1"/>
                    <section number="22" start.x="18" start.y="55" finish.x="19" finish.y="55" length="1"/>
                    <section number="23" start.x="19" start.y="55" finish.x="19" finish.y="56" length="1"/>
                    <section number="24" start.x="19" start.y="56" finish.x="20" finish.y="56" length="1"/>
                    <section number="25" start.x="20" start.y="56" finish.x="21" finish.y="56" length="1"/>
                    <section number="26" start.x="21" start.y="56" finish.x="22" finish.y="56" length="1"/>
                    <section number="27" start.x="22" start.y="56" finish.x="23" finish.y="56" length="1"/>
                    <section number="28" start.x="23" start.y="56" finish.x="24" finish.y="56" length="1"/>
                    <section number="29" start.x="24" start.y="56" finish.x="25" finish.y="56" length="1"/>
                    <section number="30" start.x="25" start.y="56" finish.x="26" finish.y="56" length="1"/>
                    <section number="31" start.x="26" start.y="56" finish.x="27" finish.y="56" length="1"/>
                    <section number="32" start.x="27" start.y="56" finish.x="28" finish.y="56" length="1"/>
                    <section number="33" start.x="28" start.y="56" finish.x="29" finish.y="56" length="1"/>
                    <section number="34" start.x="29" start.y="56" finish.x="30" finish.y="56" length="1"/>
                    <section number="35" start.x="30" start.y="56" finish.x="31" finish.y="56" length="1"/>
                    <section number="36" start.x="31" start.y="56" finish.x="32" finish.y="56" length="1"/>
                    <section number="37" start.x="32" start.y="56" finish.x="33" finish.y="56" length="1"/>
                    <section number="38" start.x="33" start.y="56" finish.x="34" finish.y="56" length="1"/>
                    <section number="39" start.x="34" start.y="56" finish.x="35" finish.y="56" length="1"/>
                    <section number="40" start.x="35" start.y="56" finish.x="36" finish.y="56" length="1"/>
                    <section number="41" start.x="36" start.y="56" finish.x="37" finish.y="56" length="1"/>
                    <section number="42" start.x="37" start.y="56" finish.x="38" finish.y="56" length="1"/>
                </hplevel>
            </path>
        </agent>
        <agent number="4">
            <path number="4" length="67">
                <hplevel>
                    <section number="0" start.x="45" start.y="48" finish.x="45" finish.y="48" length="0"/>
                    <section number="1" start.x="45" start.y="48" finish.x="44" finish.y="48" length="1"/>
                    <section number="2" start.x="44" start.y="48" finish.x="43" finish.y="48" length="1"/>
                    <section number="3" start.x="43" start.y="48" finish.x="42" finish.y="48" length="1"/>
                    <section number="4" start.x="42" start.y="48" finish.x="41" finish.y="48" length="1"/>
                    <section number="5" start.x="41" start.y="48" finish.x="40" finish.y="48" length="1"/>
                    <section number="6" start.x="40" start.y="48" finish.x="39" finish.y="48" length="1"/>
                    <section number="7" start.x="39" start.y="48" finish.x="38" finish.y="48" length="1"/>
                    <section number="8" start.x="38" start.y="48" finish.x="37" finish.y="48" length="1"/>
                    <section number="9" start.x="37" start.y="48" finish.x="36" finish.y="48" length="1"/>
                    <section number="10" start.x="36" start.y="48" finish.x="35" finish.y="48" length="1"/>
                    <section number="11" start.x="35" start.y="48" finish.x="34" finish.y="48" length="1"/>
                    <section number="12" start.x="34" start.y="48" finish.x="33" finish.y="48" length="1"/>
                    <section number="13" start.x="33" start.y="48" finish.x="32" finish.y="48" length="1"/>
                    <section number="14" start.x="32" start.y="48" finish.x="31" finish.y="48" length="1"/>
                    <section number="15" start.x="31" start.y="48" finish.x="30" finish.y="48" length="1"/>
                    <section number="16" start.x="30" start.y="48" finish.x="29" finish.y="48" length="1"/>
                    <section number="17" start.x="29" start.y="48" finish.x="28" finish.y="48" length="1"/>
                    <section number="18" start.x="28" start.y="48" finish.x="27" finish.y="48" length="1"/>
                    <section number="19" start.x="27" start.y="48" finish.x="26" finish.y="48" length="1"/>
                    <section number="20" start.x="26" start.y="48" finish.x="25" finish.y="48" length="1"/>
                    <section number="21" start.x="25" start.y="48" finish.x="24" finish.y="48" length="1"/>
                    <section number="22" start.x="24" start.y="48" finish.x="24" finish.y="47" length="1"/>
                    <section number="23" start.x="24" start.y="47" finish.x="24" finish.y="46" length="1"/>
                    <section number="24" start.x="24" start.y="46" finish.x="24" finish.y="45" length="1"/>
                    <section number="25" start.x="24" start.y="45" finish.x="24" finish.y="44" length="1"/>
                    <section number="26" start.x="24" start.y="44" finish.x="24" finish.y="43" length="1"/>
                    <section number="27" start.x="24" start.y="43" finish.x="24" finish.y="42" length="1"/>
                    <section number="28" start.x="24" start.y="42" finish.x="24" finish.y="41" length="1"/>
                    <section number="29" start.x="24" start.y="41" finish.x="24" finish.y="40" length="1"/>
                    <section number="30" start.x="24" start.y="40" finish.x="24" finish.y="39" length="1"/>
                    <section number="31" start.x="24" start.y="39" finish.x="24" finish.y="38" length="1"/>
                    <section number="32" start.x="24" start.y="38" finish.x="24" finish.y="37" length="1"/>
                    <section number="33" start.x="24" start.y="37" finish.x="24" finish.y="36" length="1"/>
                    <section number="34" start.x="24" start.y="36" finish.x="24" finish.y="35" length="1"/>
                    <section number="35" start.x="24" start.y="35" finish.x="24" finish.y="34" length="1"/>
                    <section number="36" start.x="24" start.y="34" finish.x="24" finish.y="33" length="1"/>
                    <section number="37" start.x="24" start.y="33" finish.x="24" finish.y="32" length="1"/>
                    <section number="38" start.x="24" start.y="32" finish.x="24" finish.y="31" length="1"/>
                    <section number="39" start.x="24" start.y="31" finish.x="24" finish.y="30" length="1"/>
                    <section number="40" start.x="24" start.y="30" finish.x="24" finish.y="29" length="1"/>
                    <section number="41" start.x="24" start.y="29" finish.x="24" finish.y="28" length="1"/>
                    <section number="42" start.x="24" start.y="28" finish.x="24" finish.y="27" length="1"/>
                    <section number="43" start.x="24" start.y="27" finish.x="24" finish.y="26" length="1"/>
                    <section number="44" start.x="24" start.y="26" finish.x="24" finish.y="25" length="1"/>
                    <section number="45" start.x="24" start.y="25" finish.x="24" finish.y="24" length="1"/>
                    <section number="46" start.x="24" start.y="24" finish.x="24" finish.y="23" length="1"/>
                    <section number="47" start.x="24" start.y="23" finish.x="24" finish.y="22" length="1"/>
                    <section number="48" start.x="24" start.y="22" finish.x="24" finish.y="21" length="1"/>
                    <section number="49" start.x="24" start.y="21" finish.x="24" finish.y="20" length="1"/>
                    <section number="50" start.x="24" start.y="20" finish.x="24" finish.y="19" length="1"/>
                    <section number="51" start.x="24" start.y="19" finish.x="24" finish.y="18" length="1"/>
                    <section number="52" start.x="24" start.y="18" finish.x="24" finish.y="17" length="1"/>
                    <section number="53" start.x="24" start.y="17" finish.x="24" finish.y="16" length="1"/>
                    <section number="54" start.x="24" start.y="16" finish.x="24" finish.y="15" length="1"/>
                    <section number="55" start.x="24" start.y="15" finish.x="24" finish.y="14" length="1"/>
                    <section number="56" start.x="24" start.y="14" finish.x="24" finish.y="13" length="1"/>
                    <section number="57" start.x="24" start.y="13" finish.x="24" finish.y="12" length="1"/>
                    <section number="58" start.x="24" start.y="12" finish.x="24" finish.y="11" length="1"/>
                    <section number="59" start.x="24" start.y="11" finish.x="24" finish.y="10" length="1"/>
                    <section number="60" start.x="24" start.y="10" finish.x="24" finish.y="9" length="1"/>
                    <section number="61" start.x="24" start.y="9" finish.x="24" finish.y="8" length="1"/>
                    <section number="62" start.x="24" start.y="8" finish.x="24" finish.y="7" length="1"/>
                    <section number="63" start.x="24" start.y="7" finish.x="24" finish.y="6" length="1"/>
                    <section number="64" start.x="24" start.y="6" finish.x="24" finish.y="5" length="1"/>
                    <section number="65" start.x="24" start.y="5" finish.x="24" finish.y="4" length="1"/>
                    <section number="66" start.x="24" start.y="4" finish.x="24" finish.y="3" length="1"/>
                    <section number="67" start.x="24" start.y="3" finish.x="24" finish.y="2" length="1"/>
                </hplevel>
            </path>
        </agent>
        <agent number="5">
            <path number="5" length="13">
                <hplevel>
                    <section number="0" start.x="12" start.y="51" finish.x="12" finish.y="51" length="0"/>
                    <section number="1" start.x="12" start.y="51" finish.x="11" finish.y="51" length="1"/>
                    <section number="2" start.x="11" start.y="51" finish.x="10" finish.y="51" length="1"/>
                    <section number="3" start.x="10" start.y="51" finish.x="9" finish.y="51" length="1"/>
                    <section number="4" start.x="9" start.y="51" finish.x="8" finish.y="51" length="1"/>
                    <section number="5" start.x="8" start.y="51" finish.x="8" finish.y="50" length="1"/>
                    <section number="6" start.x="8" start.y="50" finish.x="8" finish.y="49" length="1"/>
                    <section number="7" start.x="8" start.y="49" finish.x="8" finish.y="48" length="1"/>
                    <section number="8" start.x="8" start.y="48" finish.x="8" finish.y="47" length="1"/>
                    <section number="9" start.x="8" start.y="47" finish.x="8" finish.y="46" length="1"/>
                    <section number="10" start.x="8" start.y="46" finish.x="8" finish.y="45" length="1"/>
                    <section number="11" start.x="8" start.y="45" finish.x="8" finish.y="44" length="1"/>
                    <section number="12" start.x="8" start.y="44" finish.x="8" finish.y="43" length="1"/>
                    <section number="13" start.x="8" start.y="43" finish.x="8" finish.y="42" length="1"/>
                </hplevel>
            </path>
        </agent>
        <agent number="6">
            <path number="6" length="23">
                <hplevel>
                    <section number="0" start.x="19" start.y="19" finish.x="19" finish.y="19" length="0"/>
                    <section number="1" start.x="19" start.y="19" finish.x="19" finish.y="18" length="1"/>
                    <section number="2" start.x="19" start.y="18" finish.x="19" finish.y="17" length="1"/>
                    <section number="3" start.x="19" start.y="17" finish.x="19" finish.y="16" length="1"/>
                    <section number="4" start.x="19" start.y="16" finish.x="19" finish.y="15" length="1"/>
                    <section number="5" start.x="19" start.y="15" finish.x="19" finish.y="14" length="1"/>
                    <section number="6" start.x="19" start.y="14" finish.x="19" finish.y="13" length="1"/>
                    <section number="7" start.x="19" start.y="13" finish.x="19" finish.y="12" length="1"/>
                    <section number="8" start.x="19" start.y="12" finish.x="19" finish.y="11" length="1"/>
                    <section number="9" start.x="19" start.y="11" finish.x="20" finish.y="11" length="1"/>
                    <section number="10" start.x="20" start.y="11" finish.x="21" finish.y="11" length="1"/>
                    <section number="11" start.x="21" start.y="11" finish.x="22" finish.y="11" length="1"/>
                    <section number="12" start.x="22" start.y="11" finish.x="23" finish.y="11" length="1"/>
                    <section number="13" start.x="23" start.y="11" finish.x="24" finish.y="11" length="1"/>
                    <section number="14" start.x="24" start.y="11" finish.x="25" finish.y="11" length="1"/>
                    <section number="15" start.x="25" start.y="11" finish.x="26" finish.y="11" length="1"/>
                    <section number="16" start.x="26" start.y="11" finish.x="27" finish.y="11" length="1"/>
                    <section number="17" start.x="27" start.y="11" finish.x="28" finish.y="11" length="1"/>
                    <section number="18" start.x="28" start.y="11" finish.x="29" finish.y="11" length="1"/>
                    <section number="19" start.x="29" start.y="11" finish.x="30" finish.y="11" length="1"/>
                    <section number="20" start.x="30" start.y="11" finish.x="31" finish.y="11" length="1"/>
                    <section number="21" start.x="31" start.y="11" finish.x="32" finish.y="11" length="1"/>
                    <section number="22" start.x="32" start.y="11" finish.x="33" finish.y="11" length="1"/>
                    <section number="23" start.x="33" start.y="11" finish.x="34" finish.y="11" length="1"/>
                </hplevel>
            </path>
        </agent>
        <agent number="7">
            <path number="7" length="20">
                <hplevel>
                    <section number="0" start.x="42" start.y="41" finish.x="42" finish.y="41" length="0"/>
                    <section number="1" start.x="42" start.y="41" finish.x="42" finish.y="42" length="1"/>
                    <section number="2" start.x="42" start.y="42" finish.x="42" finish.y="43" length="1"/>
                    <section number="3" start.x="42" start.y="43" finish.x="42" finish.y="44" length="1"/>
                    <section number="4" start.x="42" start.y="44" finish.x="42" finish.y="45" length="1"/>
                    <section number="5" start.x="42" start.y="45" finish.x="42" finish.y="46" length="1"/>
                    <section number="6" start.x="42" start.y="46" finish.x="43" finish.y="46" length="1"/>
                    <section number="7" start.x="43" start.y="46" finish.x="44" finish.y="46" length="1"/>
                    <section number="8" start.x="44" start.y="46" finish.x="45" finish.y="46" length="1"/>
                    <section number="9" start.x="45" start.y="46" finish.x="46" finish.y="46" length="1"/>
                    <section number="10" start.x="46" start.y="46" finish.x="47" finish.y="46" length="1"/>
                    <section number="11" start.x="47" start.y="46" finish.x="48" finish.y="46" length="1"/>
                    <section number="12" start.x="48" start.y="46" finish.x="49" finish.y="46" length="1"/>
                    <section number="13" start.x="49" start.y="46" finish.x="50" finish.y="46" length="1"/>
                    <section number="14" start.x="50" start.y="46" finish.x="51" finish.y="46" length="1"/>
                    <section number="15" start.x="51" start.y="46" finish.x="52" finish.y="46" length="1"/>
                    <section number="16" start.x="52" start.y="46" finish.x="53" finish.y="46" length="1"/>
                    <section number="17" start.x="53" start.y="46" finish.x="54" finish.y="46" length="1"/>
                    <section number="18" start.x="54" start.y="46" finish.x="55" finish.y="46" length="1"/>
                    <section number="19" start.x="55" start.y="46" finish.x="56" finish.y="46" length="1"/>
                    <section number="20" start.x="56" start.y="46" finish.x="57" finish.y="46" length="1"/>
                </hplevel>
            </path>
        </agent>
        <agent number="8">
            <path number="8" length="17">
                <hplevel>
                    <section number="0" start.x="59" start.y="12" finish.x="59" finish.y="12" length="0"/>
                    <section number="1" start.x="59" start.y="12" finish.x="58" finish.y="12" length="1"/>
                    <section number="2" start.x="58" start.y="12" finish.x="57" finish.y="12" length="1"/>
                    <section number="3" start.x="57" start.y="12" finish.x="56" finish.y="12" length="1"/>
                    <section number="4" start.x="56" start.y="12" finish.x="55" finish.y="12" length="1"/>
                    <section number="5" start.x="55" start.y="12" finish.x="54" finish.y="12" length="1"/>
                    <section number="6" start.x="54" start.y="12" finish.x="53" finish.y="12" length="1"/>
                    <section number="7" start.x="53" start.y="12" finish.x="52" finish.y="12" length="1"/>
                    <section number="8" start.x="52" start.y="12" finish.x="51" finish.y="12" length="1"/>
                    <section number="9" start.x="51" start.y="12" finish.x="50" finish.y="12" length="1"/>
                    <section number="10" start.x="50" start.y="12" finish.x="49" finish.y="12" length="1"/>
                    <section number="11" start.x="49" start.y="12" finish.x="48" finish.y="12" length="1"/>
                    <section number="12" start.x="48" start.y="12" finish.x="47" finish.y="12" length="1"/>
                    <section number="13" start.x="47" start.y="12" finish.x="46" finish.y="12" length="1"/>
                    <section number="14" start.x="46" start.y="12" finish.x="45" finish.y="12" length="1"/>
                    <section number="15" start.x="45" start.y="12" finish.x="45" finish.y="11" length="1"/>
                    <section number="16" start.x="45" start.y="11" finish.x="45" finish.y="10" length="1"/>
                    <section number="17" start.x="45" start.y="10" finish.x="45" finish.y="9" length="1"/>
                </hplevel>
            </path>
        </agent>
        <agent number="9">
            <path number="9" length="47">
                <hplevel>
                    <section number="0" start.x="6" start.y="35" finish.x="6" finish.y="35" length="0"/>
                    <section number="1" start.x="6" start.y="35" finish.x="6" finish.y="34" length="1"/>
                    <section number="2" start.x="6" start.y="34" finish.x="6" finish.y="33" length="1"/>
                    <section number="3" start.x="6" start.y="33" finish.x="6" finish.y="32" length="1"/>
                    <section number="4" start.x="6" start.y="32" finish.x="6" finish.y="31" length="1"/>
                    <section number="5" start.x="6" start.y="31" finish.x="7" finish.y="31" length="1"/>
                    <section number="6" start.x="7" start.y="31" finish.x="8" finish.y="31" length="1"/>
                    <section number="7" start.x="8" start.y="31" finish.x="9" finish.y="31" length="1"/>
                    <section number="8" start.x="9" start.y="31" finish.x="10" finish.y="31" length="1"/>
                    <section number="9" start.x="10" start.y="31" finish.x="11" finish.y="31" length="1"/>
                    <section number="10" start.x="11" start.y="31" finish.x="12" finish.y="31" length="1"/>
                    <section number="11" start.x="12" start.y="31" finish.x="13" finish.y="31" length="1"/>
                    <section number="12" start.x="13" start.y="31" finish.x="14" finish.y="31" length="1"/>
                    <section number="13" start.x="14" start.y="31" finish.x="15" finish.y="31" length="1"/>
                    <section number="14" start.x="15" start.y="31" finish.x="16" finish.y="31" length="1"/>
                    <section number="15" start.x="16" start.y="31" finish.x="17" finish.y="31" length="1"/>
                    <section number="16" start.x="17" start.y="31" finish.x="18" finish.y="31" length="1"/>
                    <section number="17" start.x="18" start.y="31" finish.x="19" finish.y="31" length="1"/>
                    <section number="18" start.x="19" start.y="31" finish.x="20" finish.y="31" length="1"/>
                    <section number="19" start.x="20" start.y="31" finish.x="21" finish.y="31" length="1"/>
                    <section number="20" start.x="21" start.y="31" finish.x="22" finish.y="31" length="1"/>
                    <section number="21" start.x="22" start.y="31" finish.x="23" finish.y="31" length="1"/>
                    <section number="22" start.x="23" start.y="31" finish.x="24" finish.y="31" length="1"/>
                    <section number="23" start.x="24" start.y="31" finish.x="25" finish.y="31" length="1"/>
                    <section number="24" start.x="25" start.y="31" finish.x="26" finish.y="31" length="1"/>
                    <section number="25" start.x="26" start.y="31" finish.x="27" finish.y="31" length="1"/>
                    <section number="26" start.x="27" start.y="31" finish.x="28" finish.y="31" length="1"/>
                    <section number="27" start.x="28" start.y="31" finish.x="29" finish.y="31" length="1"/>
                    <section number="28" start.x="29" start.y="31" finish.x="30" finish.y="31" length="1"/>
                    <section number="29" start.x="30" start.y="31" finish.x="31" finish.y="31" length="1"/>
                    <section number="30" start.x="31" start.y="31" finish.x="32" finish.y="31" length="1"/>
                    <section number="31" start.x="32" start.y="31" finish.x="33" finish.y="31" length="1"/>
                    <section number="32" start.x="33" start.y="31" finish.x="34" finish.y="31" length="1"/>
                    <section number="33" start.x="34" start.y="31" finish.x="35" finish.y="31" length="1"/>
                    <section number="34" start.x="35" start.y="31" finish.x="36" finish.y="31" length="1"/>
                    <section number="35" start.x="36" start.y="31" finish.x="37" finish.y="31" length="1"/>
                    <section number="36" start.x="37" start.y="31" finish.x="38" finish.y="31" length="1"/>
                    <section number="37" start.x="38" start.y="31" finish.x="39" finish.y="31" length="1"/>
                    <section number="38" start.x="39" start.y="31" finish.x="40" finish.y="31" length="1"/>
                    <section number="39" start.x="40" start.y="31" finish.x="41" finish.y="31" length="1"/>
                    <section number="40" start.x="41" start.y="31" finish.x="42" finish.y="31" length="1"/>
                    <section number="41" start.x="42" start.y="31" finish.x="43" finish.y="31" length="1"/>
                    <section number="42" start.x="43" start.y="31" finish.x="44" finish.y="31" length="1"/>
                    <section number="43" start.x="44" start.y="31" finish.x="45" finish.y="31" length="1"/>
                    <section number="44" start.x="45" start.y="31" finish.x="46" finish.y="31" length="1"/>
                    <section number="45" start.x="46" start.y="31" finish.x="47" finish.y="31" length="1"/>
                    <section number="46" start.x="47" start.y="31" finish.x="48" finish.y="31" length="1"/>
                    <section number="47" start.x="48" start.y="31" finish.x="49" finish.y="31" length="1"/>
                </hplevel>
            </path>
        </agent>
        <agent number="10">
            <path number="10" length="15">
                <hplevel>
                    <section number="0" start.x="47" start.y="37" finish.x="47" finish.y="37" length="0"/>
                    <section number="1" start.x="47" start.y="37" finish.x="46" finish.y="37" length="1"/>
                    <section number="2" start.x="46" start.y="37" finish.x="45" finish.y="37" length="1"/>
                    <section number="3" start.x="45" start.y="37" finish.x="44" finish.y="37" length="1"/>
                    <section number="4" start.x="44" start.y="37" finish.x="43" finish.y="37" length="1"/>
                    <section number="5" start.x="43" start.y="37" finish.x="42" finish.y="37" length="1"/>
                    <section number="6" start.x="42" start.y="37" finish.x="41" finish.y="37" length="1"/>
                    <section number="7" start.x="41" start.y="37" finish.x="40" finish.y="37" length="1"/>
                    <section number="8" start.x="40" start.y="37" finish.x="39" finish.y="37" length="1"/>
                    <section number="9" start.x="39" start.y="37" finish.x="38" finish.y="37" length="1"/>
                    <section number="10" start.x="38" start.y="37" finish.x="37" finish.y="37" length="1"/>
                    <section number="11" start.x="37" start.y="37" finish.x="36" finish.y="37" length="1"/>
                    <section number="12" start.x="36" start.y="37" finish.x="35" finish.y="37" length="1"/>
                    <section number="13" start.x="35" start.y="37" finish.x="34" finish.y="37" length="1"/>
                    <section number="14" start.x="34" start.y="37" finish.x="33" finish.y="37" length="1"/>
                    <section number="15" start.x="33" start.y="37" finish.x="33" finish.y="36" length="1"/>
                </hplevel>
            </path>
        </agent>
        <agent number="11">
            <path number="11" length="47">
                <hplevel>
                    <section number="0" start.x="28" start.y="33" finish.x="28" finish.y="33" length="0"/>
                    <section number="1" start.x="28" start.y="33" finish.x="27" finish.y="33" length="1"/>
                    <section number="2" start.x="27" start.y="33" finish.x="26" finish.y="33" length="1"/>
                    <section number="3" start.x="26" start.y="33" finish.x="25" finish.y="33" length="1"/>
                    <section number="4" start.x="25" start.y="33" finish.x="24" finish.y="33" length="1"/>
                    <section number="5" start.x="24" start.y="33" finish.x="23" finish.y="33" length="1"/>
                    <section number="6" start.x="23" start.y="33" finish.x="22" finish.y="33" length="1"/>
                    <section number="7" start.x="22" start.y="33" finish.x="21" finish.y="33" length="1"/>
                    <section number="8" start.x="21" start.y="33" finish.x="20" finish.y="33" length="1"/>
                    <section number="9" start.x="20" start.y="33" finish.x="19" finish.y="33" length="1"/>
                    <section number="10" start.x="19" start.y="33" finish.x="18" finish.y="33" length="1"/>
                    <section number="11" start.x="18" start.y="33" finish.x="17" finish.y="33" length="1"/>
                    <section number="12" start.x="17" start.y="33" finish.x="16" finish.y="33" length="1"/>
                    <section number="13" start.x="16" start.y="33" finish.x="15" finish.y="33" length="1"/>
                    <section number="14" start.x="15" start.y="33" finish.x="14" finish.y="33" length="1"/>
                    <section number="15" start.x="14" start.y="33" finish.x="13" finish.y="33" length="1"/>
                    <section number="16" start.x="13" start.y="33" finish.x="12" finish.y="33" length="1"/>
                    <section number="17" start.x="12" start.y="33" finish.x="11" finish.y="33" length="1"/>
                    <section number="18" start.x="11" start.y="33" finish.x="10" finish.y="33" length="1"/>
                    <section number="19" start.x="10" start.y="33" finish.x="9" finish.y="33" length="1"/>
                    <section number="20" start.x="9" start.y="33" finish.x="8" finish.y="33" length="1"/>
                    <section number="21" start.x="8" start.y="33" finish.x="7" finish.y="33" length="1"/>
                    <section number="22" start.x="7" start.y="33" finish.x="6" finish.y="33" length="1"/>
                    <section number="23" start.x="6" start.y="33" finish.x="5" finish.y="33" length="1"/>
                    <section number="24" start.x="5" start.y="33" finish.x="5" finish.y="34" length="1"/>
                    <section number="25" start.x="5" start.y="34" finish.x="5" finish.y="35" length="1"/>
                    <section number="26" start.x="5" start.y="35" finish.x="5" finish.y="36" length="1"/>
                    <section number="27" start.x="5" start.y="36" finish.x="5" finish.y="37" length="1"/>
                    <section number="28" start.x="5" start.y="37" finish.x="5" finish.y="38" length="1"/>
                    <section number="29" start.x="5" start.y="38" finish.x="5" finish.y="39" length="1"/>
                    <section number="30" start.x="5" start.y="39" finish.x="5" finish.y="40" length="1"/>
                    <section number="31" start.x="5" start.y="40" finish.x="5" finish.y="41" length="1"/>
                    <section number="32" start.x="5" start.y="41" finish.x="5" finish.y="42" length="1"/>
                    <section number="33" start.x="5" start.y="42" finish.x="5" finish.y="43" length="1"/>
                    <section number="34" start.x="5" start.y="43" finish.x="5" finish.y="44" length="1"/>
                    <section number="35" start.x="5" start.y="44" finish.x="5" finish.y="45" length="1"/>
                    <section number="36" start.x="5" start.y="45" finish.x="5" finish.y="46" length="1"/>
                    <section number="37" start.x="5" start.y="46" finish.x="5" finish.y="47" length="1"/>
                    <section number="38" start.x="5" start.y="47" finish.x="5" finish.y="48" length="1"/>
                    <section number="39" start.x="5" start.y="48" finish.x="5" finish.y="49" length="1"/>
                    <section number="40" start.x="5" start.y="49" finish.x="5" finish.y="50" length="1"/>
                    <section number="41" start.x="5" start.y="50" finish.x="5" finish.y="51" length="1"/>
                    <section number="42" start.x="5" start.y="51" finish.x="5" finish.y="52" length="1"/>
                    <section number="43" start.x="5" start.y="52" finish.x="5" finish.y="53" length="1"/>
                    <section number="44" start.x="5" start.y="53" finish.x="5" finish.y="54" length="1"/>
                    <section number="45" start.x="5" start.y="54" finish.x="5" finish.y="55" length="1"/>
                    <section number="46" start.x="5" start.y="55" finish.x="5" finish.y="56" length="1"/>
                    <section number="47" start.x="5" start.y="56" finish.x="5" finish.y="57" length="1"/>
                </hplevel>
            </path>
        </agent>
        <agent number="12">
            <path number="12" length="71">
                <hplevel>
                    <section number="0" start.x="20" start.y="55" finish.x="20" finish.y="55" length="0"/>
                    <section number="1" start.x="20" start.y="55" finish.x="19" finish.y="55" length="1"/>
                    <section number="2" start.x="19" start.y="55" finish.x="18" finish.y="55" length="1"/>
                    <section number="3" start.x="18" start.y="55" finish.x="17" finish.y="55" length="1"/>
                    <section number="4" start.x="17" start.y="55" finish.x="16" finish.y="55" length="1"/>
                    <section number="5" start.x="16" start.y="55" finish.x="15" finish.y="55" length="1"/>
                    <section number="6" start.x="15" start.y="55" finish.x="14" finish.y="55" length="1"/>
                    <section number="7" start.x="14" start.y="55" finish.x="13" finish.y="55" length="1"/>
                    <section number="8" start.x="13" start.y="55" finish.x="12" finish.y="55" length="1"/>
                    <section number="9" start.x="12" start.y="55" finish.x="11" finish.y="55" length="1"/>
                    <section number="10" start.x="11" start.y="55" finish.x="10" finish.y="55" length="1"/>
                    <section number="11" start.x="10" start.y="55" finish.x="9" finish.y="55" length="1"/>
                    <section number="12" start.x="9" start.y="55" finish.x="8" finish.y="55" length="1"/>
                    <section number="13" start.x="8" start.y="55" finish.x="7" finish.y="55" length="1"/>
                    <section number="14" start.x="7" start.y="55" finish.x="6" finish.y="55" length="1"/>
                    <section number="15" start.x="6" start.y="55" finish.x="5" finish.y="55" length="1"/>
                    <section number="16" start.x="5" start.y="55" finish.x="4" finish.y="55" length="1"/>
                    <section number="17" start.x="4" start.y="55" finish.x="3" finish.y="55" length="1"/>
                    <section number="18" start.x="3" start.y="55" finish.x="2" finish.y="55" length="1"/>
                    <section number="19" start.x="2" start.y="55" finish.x="1" finish.y="55" length="1"/>
                    <section number="20" start.x="1" start.y="55" finish.x="1" finish.y="54" length="1"/>
                    <section number="21" start.x="1" start.y="54" finish.x="1" finish.y="53" length="1"/>
                    <section number="22" start.x="1" start.y="53" finish.x="1" finish.y="52" length="1"/>
                    <section number="23" start.x="1" start.y="52" finish.x="1" finish.y="51" length="1"/>
                    <section number="24" start.x="1" start.y="51" finish.x="1" finish.y="50" length="1"/>
                    <section number="25" start.x="1" start.y="50" finish.x="1" finish.y="49" length="1"/>
                    <section number="26" start.x="1" start.y="49" finish.x="1" finish.y="48" length="1"/>
                    <section number="27" start.x="1" start.y="48" finish.x="1" finish.y="47" length="1"/>
                    <section number="28" start.x="1" start.y="47" finish.x="1" finish.y="46" length="1"/>
                    <section number="29" start.x="1" start.y="46" finish.x="1" finish.y="45" length="1"/>
                    <section number="30" start.x="1" start.y="45" finish.x="1" finish.y="44" length="1"/>
                    <section number="31" start.x="1" start.y="44" finish.x="1" finish.y="43" length="1"/>
                    <section number="32" start.x="1" start.y="43" finish.x="1" finish.y="42" length="1"/>
                    <section number="33" start.x="1" start.y="42" finish.x="1" finish.y="41" length="1"/>
                    <section number="34" start.x="1" start.y="41" finish.x="1" finish.y="40" length="1"/>
                    <section number="35" start.x="1" start.y="40" finish.x="1" finish.y="39" length="1"/>
                    <section number="36" start.x="1" start.y="39" finish.x="1" finish.y="38" length="1"/>
                    <section number="37" start.x="1" start.y="38" finish.x="1" finish.y="37" length="1"/>
                    <section number="38" start.x="1" start.y="37" finish.x="1" finish.y="36" length="1"/>
                    <section number="39" start.x="1" start.y="36" finish.x="1" finish.y="35" length="1"/>
                    <section number="40" start.x="1" start.y="35" finish.x="1" finish.y="34" length="1"/>
                    <section number="41" start.x="1" start.y="34" finish.x="1" finish.y="33" length="1"/>
                    <section number="42" start.x="1" start.y="33" finish.x="1" finish.y="32" length="1"/>
                    <section number="43" start.x="1" start.y="32" finish.x="1" finish.y="31" length="1"/>
                    <section number="44" start.x="1" start.y="31" finish.x="1" finish.y="30" length="1"/>
                    <section number="45" start.x="1" start.y="30" finish.x="1" finish.y="29" length="1"/>
                    <section number="46" start.x="1" start.y="29" finish.x="1" finish.y="28" length="1"/>
                    <section number="47" start.x="1" start.y="28" finish.x="1" finish.y="27" length="1"/>
                    <section number="48" start.x="1" start.y="27" finish.x="1" finish.y="26" length="1"/>
                    <section number="49" start.x="1" start.y="26" finish.x="1" finish.y="25" length="1"/>
                    <section number="50" start.x="1" start.y="25" finish.x="1" finish.y="24" length="1"/>
                    <section number="51" start.x="1" start.y="24" finish.x="1" finish.y="23" length="1"/>
                    <section number="52" start.x="1" start.y="23" finish.x="1" finish.y="22" length="1"/>
                    <section number="53" start.x="1" start.y="22" finish.x="1" finish.y="21" length="1"/>
                    <section number="54" start.x="1" start.y="21" finish.x="1" finish.y="20" length="1"/>
                    <section number="55" start.x="1" start.y="20" finish.x="1" finish.y="19" length="1"/>
                    <section number="56" start.x="1" start.y="19" finish.x="1" finish.y="18" length="1"/>
                    <section number="57" start.x="1" start.y="18" finish.x="1" finish.y="17" length="1"/>
                    <section number="58" start.x="1" start.y="17" finish.x="1" finish.y="16" length="1"/>
                    <section number="59" start.x="1" start.y="16" finish.x="1" finish.y="15" length="1"/>
                    <section number="60" start.x="1" start.y="15" finish.x="1" finish.y="14" length="1"/>
                    <section number="61" start.x="1" start.y="14" finish.x="1" finish.y="13" length="1"/>
                    <section number="62" start.x="1" start.y="13" finish.x="1" finish.y="12" length="1"/>
                    <section number="63" start.x="1" start.y="12" finish.x="1" finish.y="11" length="1"/>
                    <section number="64" start.x="1" start.y="11" finish.x="1" finish.y="10" length="1"/>
                    <section number="65" start.x="1" start.y="10" finish.x="1" finish.y="9" length="1"/>
                    <section number="66" start.x="1" start.y="9" finish.x="1" finish.y="8" length="1"/>
                    <section number="67" start.x="1" start.y="8" finish.x="1" finish.y="7" length="1"/>
                    <section number="68" start.x="1" start.y="7" finish.x="1" finish.y="6" length="1"/>
                    <section number="69" start.x="1" start.y="6" finish.x="1" finish.y="5" length="1"/>
                    <section number="70" start.x="1" start.y="5" finish.x="1" finish.y="4" length="1"/>
                    <section number="71" start.x="1" start.y="4" finish.x="1" finish.y="3" length="1"/>
                </hplevel>
            </path>
        </agent>
        <agent number="13">
            <path number="13" length="52">
                <hplevel>
                    <section number="0" start.x="2" start.y="12" finish.x="2" finish.y="12" length="0"/>
                    <section number="1" start.x="2" start.y="12" finish.x="2" finish.y="13" length="1"/>
                    <section number="2" start.x="2" start.y="13" finish.x="2" finish.y="14" length="1"/>
                    <section number="3" start.x="2" start.y="14" finish.x="2" finish.y="15" length="1"/>
                    <section number="4" start.x="2" start.y="15" finish.x="2" finish.y="16" length="1"/>
                    <section number="5" start.x="2" start.y="16" finish.x="2" finish.y="17" length="1"/>
                    <section number="6" start.x="2" start.y="17" finish.x="2" finish.y="18" length="1"/>
                    <section number="7" start.x="2" start.y="18" finish.x="2" finish.y="19" length="1"/>
                    <section number="8" start.x="2" start.y="19" finish.x="2" finish.y="20" length="1"/>
                    <section number="9" start.x="2" start.y="20" finish.x="2" finish.y="21" length="1"/>
                    <section number="10" start.x="2" start.y="21" finish.x="2" finish.y="22" length="1"/>
                    <section number="11" start.x="2" start.y="22" finish.x="2" finish.y="23" length="1"/>
                    <section number="12" start.x="2" start.y="23" finish.x="2" finish.y="24" length="1"/>
                    <section number="13" start.x="2" start.y="24" finish.x="3" finish.y="24" length="1"/>
                    <section number="14" start.x="3" start.y="24" finish.x="4" finish.y="24" length="1"/>
                    <section number="15" start.x="4" start.y="24" finish.x="5" finish.y="24" length="1"/>
                    <section number="16" start.x="5" start.y="24" finish.x="6" finish.y="24" length="1"/>
                    <section number="17" start.x="6" start.y="24" finish.x="7" finish.y="24" length="1"/>
                    <section number="18" start.x="7" start.y="24" finish.x="8" finish.y="24" length="1"/>
                    <section number="19" start.x="8" start.y="24" finish.x="9" finish.y="24" length="1"/>
                    <section number="20" start.x="9" start.y="24" finish.x="10" finish.y="24" length="1"/>
                    <section number="21" start.x="10" start.y="24" finish.x="11" finish.y="24" length="1"/>
                    <section number="22" start.x="11" start.y="24" finish.x="12" finish.y="24" length="1"/>
                    <section number="23" start.x="12" start.y="24" finish.x="13" finish.y="24" length="1"/>
                    <section number="24" start.x="13" start.y="24" finish.x="14" finish.y="24" length="1"/>
                    <section number="25" start.x="14" start.y="24" finish.x="15" finish.y="24" length="1"/>
                    <section number="26" start.x="15" start.y="24" finish.x="16" finish.y="24" length="1"/>
                    <section number="27" start.x="16" start.y="24" finish.x="17" finish.y="24" length="1"/>
                    <section number="28" start.x="17" start.y="24" finish.x="18" finish.y="24" length="1"/>
                    <section number="29" start.x="18" start.y="24" finish.x="19" finish.y="24" length="1"/>
                    <section number="30" start.x="19" start.y="24" finish.x="20" finish.y="24" length="1"/>
                    <section number="31" start.x="20" start.y="24" finish.x="21" finish.y="24" length="1"/>
                    <section number="32" start.x="21" start.y="24" finish.x="22" finish.y="24" length="1"/>
                    <section number="33" start.x="22" start.y="24" finish.x="23" finish.y="24" length="1"/>
                    <section number="34" start.x="23" start.y="24" finish.x="24" finish.y="24" length="1"/>
                    <section number="35" start.x="24" start.y="24" finish.x="25" finish.y="24" length="1"/>
                    <section number="36" start.x="25" start.y="24" finish.x="26" finish.y="24" length="1"/>
                    <section number="37" start.x="26" start.y="24" finish.x="27" finish.y="24" length="1"/>
                    <section number="38" start.x="27" start.y="24" finish.x="28" finish.y="24" length="1"/>
                    <section number="39" start.x="28" start.y="24" finish.x="29" finish.y="24" length="1"/>
                    <section number="40" start.x="29" start.y="24" finish.x="30" finish.y="24" length="1"/>
                    <section number="41" start.x="30" start.y="24" finish.x="31" finish.y="24" length="1"/>
                    <section number="42" start.x="31" start.y="24" finish.x="32" finish.y="24" length="1"/>
                    <section number="43" start.x="32" start.y="24" finish.x="33" finish.y="24" length="1"/>
                    <section number="44" start.x="33" start.y="24" finish.x="34" finish.y="24" length="1"/>
                    <section number="45" start.x="34" start.y="24" finish.x="35" finish.y="24" length="1"/>
                    <section number="46" start.x="35" start.y="24" finish.x="36" finish.y="24" length="1"/>
                    <section number="47" start.x="36" start.y="24" finish.x="37" finish.y="24" length="1"/>
                    <section number="48" start.x="37" start.y="24" finish.x="38" finish.y="24" length="1"/>
                    <section number="49" start.x="38" start.y="24" finish.x="39" finish.y="24" length="1"/>
                    <section number="50" start.x="39" start.y="24" finish.x="40" finish.y="24" length="1"/>
                    <section number="51" start.x="40" start.y="24" finish.x="41" finish.y="24" length="1"/>
                    <section number="52" start.x="41" start.y="24" finish.x="42" finish.y="24" length="1"/>
                </hplevel>
            </path>
        </agent>
        <agent number="14">
            <path number="14" length="71">
                <hplevel>
                    <section number="0" start.x="13" start.y="39" finish.x="13" finish.y="39" length="0"/>
                    <section number="1" start.x="13" start.y="39" finish.x="13" finish.y="40" length="1"/>
                    <section number="2" start.x="13" start.y="40" finish.x="13" finish.y="41" length="1"/>
                    <section number="3" start.x="13" start.y="41" finish.x="13" finish.y="42" length="1"/>
                    <section number="4" start.x="13" start.y="42" finish.x="13" finish.y="43" length="1"/>
                    <section number="5" start.x="13" start.y="43" finish.x="13" finish.y="44" length="1"/>
                    <section number="6" start.x="13" start.y="44" finish.x="13" finish.y="45" length="1"/>
                    <section number="7" start.x="13" start.y="45" finish.x="13" finish.y="46" length="1"/>
                    <section number="8" start.x="13" start.y="46" finish.x="13" finish.y="47" length="1"/>
                    <section number="9" start.x="13" start.y="47" finish.x="13" finish.y="48" length="1"/>
                    <section number="10" start.x="13" start.y="48" finish.x="13" finish.y="49" length="1"/>
                    <section number="11" start.x="13" start.y="49" finish.x="13" finish.y="50" length="1"/>
                    <section number="12" start.x="13" start.y="50" finish.x="13" finish.y="51" length="1"/>
                    <section number="13" start.x="13" start.y="51" finish.x="13" finish.y="52" length="1"/>
                    <section number="14" start.x="13" start.y="52" finish.x="14" finish.y="52" length="1"/>
                    <section number="15" start.x="14" start.y="52" finish.x="15" finish.y="52" length="1"/>
                    <section number="16" start.x="15" start.y="52" finish.x="15" finish.y="53" length="1"/>
                    <section number="17" start.x="15" start.y="53" finish.x="16" finish.y="53" length="1"/>
                    <section number="18" start.x="16" start.y="53" finish.x="16" finish.y="54" length="1"/>
                    <section number="19" start.x="16" start.y="54" finish.x="17" finish.y="54" length="1"/>
                    <section number="20" start.x="17" start.y="54" finish.x="17" finish.y="55" length="1"/>
                    <section number="21" start.x="17" start.y="55" finish.x="18" finish.y="55" length="1"/>
                    <section number="22" start.x="18" start.y="55" finish.x="18" finish.y="56" length="1"/>
                    <section number="23" start.x="18" start.y="56" finish.x="18" finish.y="57" length="1"/>
                    <section number="24" start.x="18" start.y="57" finish.x="18" finish.y="58" length="1"/>
                    <section number="25" start.x="18" start.y="58" finish.x="18" finish.y="59" length="1"/>
                    <section number="26" start.x="18" start.y="59" finish.x="18" finish.y="60" length="1"/>
                    <section number="27" start.x="18" start.y="60" finish.x="18" finish.y="61" length="1"/>
                    <section number="28" start.x="18" start.y="61" finish.x="18" finish.y="62" length="1"/>
                    <section number="29" start.x="18" start.y="62" finish.x="19" finish.y="62" length="1"/>
                    <section number="30" start.x="19" start.y="62" finish.x="20" finish.y="62" length="1"/>
                    <section number="31" start.x="20" start.y="62" finish.x="21" finish.y="62" length="1"/>
                    <section number="32" start.x="21" start.y="62" finish.x="22" finish.y="62" length="1"/>
                    <section number="33" start.x="22" start.y="62" finish.x="23" finish.y="62" length="1"/>
                    <section number="34" start.x="23" start.y="62" finish.x="24" finish.y="62" length="1"/>
                    <section number="35" start.x="24" start.y="62" finish.x="25" finish.y="62" length="1"/>
                    <section number="36" start.x="25" start.y="62" finish.x="26" finish.y="62" length="1"/>
                    <section number="37" start.x="26" start.y="62" finish.x="27" finish.y="62" length="1"/>
                    <section number="38" start.x="27" start.y="62" finish.x="28" finish.y="62" length="1"/>
                    <section number="39" start.x="28" start.y="62" finish.x="29" finish.y="62" length="1"/>
                    <section number="40" start.x="29" start.y="62" finish.x="30" finish.y="62" length="1"/>
                    <section number="41" start.x="30" start.y="62" finish.x="31" finish.y="62" length="1"/>
                    <section number="42" start.x="31" start.y="62" finish.x="32" finish.y="62" length="1"/>
                    <section number="43" start.x="32" start.y="62" finish.x="33" finish.y="62" length="1"/>
                    <section number="44" start.x="33" start.y="62" finish.x="34" finish.y="62" length="1"/>
                    <section number="45" start.x="34" start.y="62" finish.x="35" finish.y="62" length="1"/>
                    <section number="46" start.x="35" start.y="62" finish.x="36" finish.y="62" length="1"/>
                    <section number="47" start.x="36" start.y="62" finish.x="37" finish.y="62" length="1"/>
                    <section number="48" start.x="37" start.y="62" finish.x="38" finish.y="62" length="1"/>
                    <section number="49" start.x="38" start.y="62" finish.x="39" finish.y="62" length="1"/>
                    <section number="50" start.x="39" start.y="62" finish.x="40" finish.y="62" length="1"/>
                    <section number="51" start.x="40" start.y="62" finish.x="41" finish.y="62" length="1"/>
                    <section number="52" start.x="41" start.y="62" finish.x="42" finish.y="62" length="1"/>
                    <section number="53" start.x="42" start.y="62" finish.x="43" finish.y="62" length="1"/>
                    <section number="54" start.x="43" start.y="62" finish.x="44" finish.y="62" length="1"/>
                    <section number="55" start.x="44" start.y="62" finish.x="45" finish.y="62" length="1"/>
                    <section number="56" start.x="45" start.y="62" finish.x="46" finish.y="62" length="1"/>
                    <section number="57" start.x="46" start.y="62" finish.x="47" finish.y="62" length="1"/>
                    <section number="58" start.x="47" start.y="62" finish.x="48" finish.y="62" length="1"/>
                    <section number="59" start.x="48" start.y="62" finish.x="49" finish.y="62" length="1"/>
                    <section number="60" start.x="49" start.y="62" finish.x="50" finish.y="62" length="1"/>
                    <section number="61" start.x="50" start.y="62" finish.x="51" finish.y="62" length="1"/>
                    <section number="62" start.x="51" start.y="62" finish.x="52" finish.y="62" length="1"/>
                    <section number="63" start.x="52" start.y="62" finish.x="53" finish.y="62" length="1"/>
                    <section number="64" start.x="53" start.y="62" finish.x="54" finish.y="62" length="1"/>
                    <section number="65" start.x="54" start.y="62" finish.x="55" finish.y="62" length="1"/>
                    <section number="66" start.x="55" start.y="62" finish.x="56" finish.y="62" length="1"/>
                    <section number="67" start.x="56" start.y="62" finish.x="57" finish.y="62" length="1"/>
                    <section number="68" start.x="57" start.y="62" finish.x="58" finish.y="62" length="1"/>
                    <section number="69" start.x="58" start.y="62" finish.x="59" finish.y="62" length="1"/>
                    <section number="70" start.x="59" start.y="62" finish.x="60" finish.y="62" length="1"/>
                    <section number="71" start.x="60" start.y="62" finish.x="61" finish.y="62" length="1"/>
                </hplevel>
            </path>
        </agent>
        <agent number="15">
            <path number="15" length="23">
                <hplevel>
                    <section number="0" start.x="40" start.y="25" finish.x="40" finish.y="25" length="0"/>
                    <section number="1" start.x="40" start.y="25" finish.x="40" finish.y="24" length="1"/>
                    <section number="2" start.x="40" start.y="24" finish.x="40" finish.y="23" length="1"/>
                    <section number="3" start.x="40" start.y="23" finish.x="40" finish.y="22" length="1"/>
                    <section number="4" start.x="40" start.y="22" finish.x="40" finish.y="21" length="1"/>
                    <section number="5" start.x="40" start.y="21" finish.x="40" finish.y="20" length="1"/>
                    <section number="6" start.x="40" start.y="20" finish.x="40" finish.y="19" length="1"/>
                    <section number="7" start.x="40" start.y="19" finish.x="40" finish.y="18" length="1"/>
                    <section number="8" start.x="40" start.y="18" finish.x="40" finish.y="17" length="1"/>
                    <section number="9" start.x="40" start.y="17" finish.x="40" finish.y="16" length="1"/>
                    <section number="10" start.x="40" start.y="16" finish.x="40" finish.y="15" length="1"/>
                    <section number="11" start.x="40" start.y="15" finish.x="40" finish.y="14" length="1"/>
                    <section number="12" start.x="40" start.y="14" finish.x="40" finish.y="13" length="1"/>
                    <section number="13" start.x="40" start.y="13" finish.x="40" finish.y="12" length="1"/>
                    <section number="14" start.x="40" start.y="12" finish.x="41" finish.y="12" length="1"/>
                    <section number="15" start.x="41" start.y="12" finish.x="42" finish.y="12" length="1"/>
                    <section number="16" start.x="42" start.y="12" finish.x="43" finish.y="12" length="1"/>
                    <section number="17" start.x="43" start.y="12" finish.x="44" finish.y="12" length="1"/>
                    <section number="18" start.x="44" start.y="12" finish.x="45" finish.y="12" length="1"/>
                    <section number="19" start.x="45" start.y="12" finish.x="46" finish.y="12" length="1"/>
                    <section number="20" start.x="46" start.y="12" finish.x="47" finish.y="12" length="1"/>
                    <section number="21" start.x="47" start.y="12" finish.x="48" finish.y="12" length="1"/>
                    <section number="22" start.x="48" start.y="12" finish.x="49" finish.y="12" length="1"/>
                    <section number="23" start.x="49" start.y="12" finish.x="50" finish.y="12" length="1"/>
                </hplevel>
            </path>
        </agent>
    </log>
</root>
