<?xml version="1.0" ?>
<root>
<agent start_i="5" start_j="20" goal_i="4" goal_j="25"/>
<agent start_i="59" start_j="20" goal_i="51" goal_j="20"/>
<agent start_i="14" start_j="53" goal_i="5" goal_j="6"/>
<agent start_i="10" start_j="8" goal_i="22" goal_j="33"/>
<agent start_i="46" start_j="60" goal_i="15" goal_j="49"/>
<agent start_i="21" start_j="43" goal_i="31" goal_j="41"/>
<agent start_i="44" start_j="16" goal_i="11" goal_j="23"/>
<agent start_i="0" start_j="59" goal_i="49" goal_j="44"/>
<agent start_i="57" start_j="36" goal_i="15" goal_j="15"/>
<agent start_i="25" start_j="34" goal_i="27" goal_j="61"/>
<agent start_i="36" start_j="26" goal_i="24" goal_j="54"/>
<agent start_i="23" start_j="47" goal_i="13" goal_j="22"/>
<agent start_i="15" start_j="43" goal_i="29" goal_j="29"/>
<agent start_i="0" start_j="9" goal_i="62" goal_j="28"/>
<agent start_i="1" start_j="30" goal_i="59" goal_j="18"/>
<agent start_i="13" start_j="4" goal_i="23" goal_j="10"/>
</root>
