<?xml version="1.0" ?>
<root>
<agent start_i="28" start_j="17" goal_i="61" goal_j="43"/>
<agent start_i="38" start_j="15" goal_i="32" goal_j="45"/>
<agent start_i="7" start_j="40" goal_i="7" goal_j="25"/>
<agent start_i="51" start_j="41" goal_i="6" goal_j="35"/>
<agent start_i="42" start_j="52" goal_i="4" goal_j="36"/>
<agent start_i="7" start_j="39" goal_i="57" goal_j="31"/>
<agent start_i="41" start_j="36" goal_i="29" goal_j="57"/>
<agent start_i="28" start_j="44" goal_i="18" goal_j="30"/>
<agent start_i="43" start_j="16" goal_i="5" goal_j="55"/>
<agent start_i="59" start_j="60" goal_i="57" goal_j="57"/>
<agent start_i="11" start_j="22" goal_i="26" goal_j="13"/>
<agent start_i="63" start_j="51" goal_i="60" goal_j="35"/>
<agent start_i="7" start_j="21" goal_i="57" goal_j="39"/>
<agent start_i="53" start_j="18" goal_i="46" goal_j="48"/>
<agent start_i="49" start_j="17" goal_i="49" goal_j="35"/>
<agent start_i="29" start_j="16" goal_i="17" goal_j="59"/>
</root>
