<?xml version="1.0" ?>
<root>
<agent start_i="46" start_j="31" goal_i="23" goal_j="22"/>
<agent start_i="22" start_j="58" goal_i="18" goal_j="53"/>
<agent start_i="12" start_j="35" goal_i="34" goal_j="61"/>
<agent start_i="21" start_j="58" goal_i="57" goal_j="47"/>
<agent start_i="26" start_j="55" goal_i="23" goal_j="54"/>
<agent start_i="6" start_j="40" goal_i="23" goal_j="16"/>
<agent start_i="5" start_j="25" goal_i="24" goal_j="16"/>
<agent start_i="15" start_j="47" goal_i="58" goal_j="18"/>
<agent start_i="40" start_j="23" goal_i="41" goal_j="47"/>
<agent start_i="30" start_j="50" goal_i="24" goal_j="56"/>
<agent start_i="29" start_j="25" goal_i="28" goal_j="60"/>
<agent start_i="33" start_j="49" goal_i="15" goal_j="28"/>
<agent start_i="39" start_j="0" goal_i="39" goal_j="32"/>
<agent start_i="46" start_j="0" goal_i="21" goal_j="34"/>
<agent start_i="42" start_j="40" goal_i="23" goal_j="35"/>
<agent start_i="25" start_j="28" goal_i="48" goal_j="1"/>
</root>
