<?xml version="1.0" ?>
<root>
<agent start_i="19" start_j="6" goal_i="13" goal_j="55"/>
<agent start_i="20" start_j="12" goal_i="32" goal_j="31"/>
<agent start_i="36" start_j="49" goal_i="2" goal_j="7"/>
<agent start_i="10" start_j="27" goal_i="21" goal_j="15"/>
<agent start_i="14" start_j="28" goal_i="53" goal_j="9"/>
<agent start_i="60" start_j="45" goal_i="11" goal_j="50"/>
<agent start_i="29" start_j="23" goal_i="33" goal_j="62"/>
<agent start_i="63" start_j="30" goal_i="1" goal_j="2"/>
<agent start_i="8" start_j="22" goal_i="45" goal_j="0"/>
<agent start_i="44" start_j="39" goal_i="48" goal_j="56"/>
<agent start_i="62" start_j="50" goal_i="25" goal_j="34"/>
<agent start_i="29" start_j="27" goal_i="56" goal_j="41"/>
<agent start_i="42" start_j="14" goal_i="52" goal_j="25"/>
<agent start_i="62" start_j="38" goal_i="23" goal_j="28"/>
<agent start_i="59" start_j="61" goal_i="18" goal_j="28"/>
<agent start_i="42" start_j="21" goal_i="45" goal_j="17"/>
</root>
