<?xml version="1.0" ?>
<root>
<agent start_i="62" start_j="62" goal_i="43" goal_j="15"/>
<agent start_i="39" start_j="20" goal_i="32" goal_j="59"/>
<agent start_i="20" start_j="15" goal_i="54" goal_j="10"/>
<agent start_i="21" start_j="28" goal_i="20" goal_j="56"/>
<agent start_i="55" start_j="28" goal_i="56" goal_j="56"/>
<agent start_i="46" start_j="46" goal_i="36" goal_j="43"/>
<agent start_i="1" start_j="58" goal_i="47" goal_j="26"/>
<agent start_i="44" start_j="13" goal_i="39" goal_j="31"/>
<agent start_i="53" start_j="1" goal_i="30" goal_j="40"/>
<agent start_i="15" start_j="35" goal_i="9" goal_j="37"/>
<agent start_i="48" start_j="34" goal_i="56" goal_j="26"/>
<agent start_i="45" start_j="24" goal_i="43" goal_j="39"/>
<agent start_i="30" start_j="42" goal_i="47" goal_j="63"/>
<agent start_i="48" start_j="7" goal_i="24" goal_j="0"/>
<agent start_i="31" start_j="61" goal_i="55" goal_j="10"/>
<agent start_i="1" start_j="31" goal_i="22" goal_j="41"/>
</root>
