<?xml version="1.0" ?>
<root>
<agent start_i="25" start_j="1" goal_i="60" goal_j="19"/>
<agent start_i="59" start_j="19" goal_i="57" goal_j="40"/>
<agent start_i="22" start_j="51" goal_i="16" goal_j="40"/>
<agent start_i="63" start_j="46" goal_i="45" goal_j="27"/>
<agent start_i="31" start_j="34" goal_i="58" goal_j="38"/>
<agent start_i="3" start_j="52" goal_i="42" goal_j="26"/>
<agent start_i="62" start_j="55" goal_i="56" goal_j="47"/>
<agent start_i="31" start_j="3" goal_i="44" goal_j="14"/>
<agent start_i="4" start_j="7" goal_i="37" goal_j="59"/>
<agent start_i="35" start_j="30" goal_i="13" goal_j="37"/>
<agent start_i="61" start_j="26" goal_i="59" goal_j="21"/>
<agent start_i="45" start_j="59" goal_i="33" goal_j="60"/>
<agent start_i="27" start_j="61" goal_i="15" goal_j="44"/>
<agent start_i="24" start_j="35" goal_i="43" goal_j="8"/>
<agent start_i="50" start_j="26" goal_i="21" goal_j="30"/>
<agent start_i="16" start_j="19" goal_i="9" goal_j="59"/>
</root>
