<?xml version="1.0" ?>
<root>
<agent start_i="25" start_j="31" goal_i="7" goal_j="34"/>
<agent start_i="56" start_j="60" goal_i="33" goal_j="15"/>
<agent start_i="54" start_j="38" goal_i="40" goal_j="13"/>
<agent start_i="63" start_j="14" goal_i="14" goal_j="20"/>
<agent start_i="31" start_j="20" goal_i="14" goal_j="5"/>
<agent start_i="18" start_j="2" goal_i="1" goal_j="47"/>
<agent start_i="1" start_j="5" goal_i="54" goal_j="11"/>
<agent start_i="3" start_j="36" goal_i="5" goal_j="16"/>
<agent start_i="48" start_j="17" goal_i="27" goal_j="21"/>
<agent start_i="6" start_j="52" goal_i="24" goal_j="26"/>
<agent start_i="1" start_j="31" goal_i="22" goal_j="41"/>
<agent start_i="36" start_j="52" goal_i="26" goal_j="62"/>
<agent start_i="27" start_j="39" goal_i="36" goal_j="61"/>
<agent start_i="56" start_j="59" goal_i="43" goal_j="7"/>
<agent start_i="40" start_j="49" goal_i="52" goal_j="25"/>
<agent start_i="30" start_j="48" goal_i="15" goal_j="53"/>
</root>
