<?xml version="1.0" ?>
<root>
<agent start_i="47" start_j="6" goal_i="32" goal_j="45"/>
<agent start_i="23" start_j="44" goal_i="20" goal_j="48"/>
<agent start_i="22" start_j="50" goal_i="13" goal_j="49"/>
<agent start_i="24" start_j="48" goal_i="2" goal_j="46"/>
<agent start_i="27" start_j="58" goal_i="6" goal_j="15"/>
<agent start_i="25" start_j="28" goal_i="48" goal_j="1"/>
<agent start_i="41" start_j="15" goal_i="27" goal_j="56"/>
<agent start_i="18" start_j="23" goal_i="20" goal_j="24"/>
<agent start_i="56" start_j="15" goal_i="6" goal_j="54"/>
<agent start_i="13" start_j="18" goal_i="36" goal_j="32"/>
<agent start_i="21" start_j="26" goal_i="13" goal_j="19"/>
<agent start_i="51" start_j="57" goal_i="28" goal_j="39"/>
<agent start_i="11" start_j="37" goal_i="8" goal_j="8"/>
<agent start_i="32" start_j="45" goal_i="11" goal_j="14"/>
<agent start_i="62" start_j="8" goal_i="32" goal_j="29"/>
<agent start_i="10" start_j="44" goal_i="27" goal_j="58"/>
</root>
