<?xml version="1.0" ?>
<root>
<agent start_i="35" start_j="49" goal_i="14" goal_j="25"/>
<agent start_i="17" start_j="25" goal_i="46" goal_j="37"/>
<agent start_i="18" start_j="59" goal_i="46" goal_j="63"/>
<agent start_i="45" start_j="21" goal_i="58" goal_j="55"/>
<agent start_i="34" start_j="45" goal_i="32" goal_j="52"/>
<agent start_i="37" start_j="9" goal_i="17" goal_j="9"/>
<agent start_i="40" start_j="0" goal_i="43" goal_j="28"/>
<agent start_i="51" start_j="32" goal_i="0" goal_j="37"/>
<agent start_i="11" start_j="61" goal_i="29" goal_j="26"/>
<agent start_i="9" start_j="58" goal_i="32" goal_j="21"/>
<agent start_i="54" start_j="1" goal_i="14" goal_j="45"/>
<agent start_i="53" start_j="42" goal_i="16" goal_j="23"/>
<agent start_i="55" start_j="33" goal_i="62" goal_j="63"/>
<agent start_i="12" start_j="63" goal_i="26" goal_j="19"/>
<agent start_i="61" start_j="8" goal_i="42" goal_j="42"/>
<agent start_i="18" start_j="9" goal_i="48" goal_j="21"/>
</root>
