<?xml version="1.0" ?>
<root>
<agent start_i="29" start_j="42" goal_i="53" goal_j="15"/>
<agent start_i="44" start_j="49" goal_i="15" goal_j="25"/>
<agent start_i="26" start_j="53" goal_i="10" goal_j="49"/>
<agent start_i="57" start_j="21" goal_i="23" goal_j="59"/>
<agent start_i="44" start_j="48" goal_i="14" goal_j="62"/>
<agent start_i="5" start_j="26" goal_i="20" goal_j="59"/>
<agent start_i="22" start_j="16" goal_i="57" goal_j="10"/>
<agent start_i="9" start_j="4" goal_i="32" goal_j="18"/>
<agent start_i="15" start_j="17" goal_i="63" goal_j="61"/>
<agent start_i="20" start_j="5" goal_i="46" goal_j="58"/>
<agent start_i="40" start_j="62" goal_i="3" goal_j="22"/>
<agent start_i="7" start_j="9" goal_i="34" goal_j="19"/>
<agent start_i="8" start_j="59" goal_i="41" goal_j="33"/>
<agent start_i="8" start_j="53" goal_i="4" goal_j="48"/>
<agent start_i="40" start_j="3" goal_i="1" goal_j="59"/>
<agent start_i="55" start_j="2" goal_i="5" goal_j="44"/>
</root>
