<?xml version="1.0" ?>
<root>
<agent start_i="24" start_j="61" goal_i="35" goal_j="11"/>
<agent start_i="63" start_j="21" goal_i="54" goal_j="6"/>
<agent start_i="38" start_j="53" goal_i="50" goal_j="52"/>
<agent start_i="39" start_j="38" goal_i="26" goal_j="19"/>
<agent start_i="0" start_j="32" goal_i="23" goal_j="43"/>
<agent start_i="33" start_j="45" goal_i="54" goal_j="46"/>
<agent start_i="25" start_j="5" goal_i="42" goal_j="49"/>
<agent start_i="31" start_j="57" goal_i="46" goal_j="41"/>
<agent start_i="18" start_j="17" goal_i="19" goal_j="12"/>
<agent start_i="39" start_j="16" goal_i="12" goal_j="60"/>
<agent start_i="6" start_j="15" goal_i="14" goal_j="7"/>
<agent start_i="56" start_j="29" goal_i="14" goal_j="39"/>
<agent start_i="1" start_j="62" goal_i="38" goal_j="47"/>
<agent start_i="26" start_j="56" goal_i="32" goal_j="23"/>
<agent start_i="30" start_j="18" goal_i="20" goal_j="50"/>
<agent start_i="6" start_j="24" goal_i="27" goal_j="34"/>
</root>
