<?xml version="1.0" ?>
<root>
<agent start_i="11" start_j="37" goal_i="14" goal_j="30"/>
<agent start_i="30" start_j="34" goal_i="19" goal_j="22"/>
<agent start_i="20" start_j="49" goal_i="16" goal_j="24"/>
<agent start_i="15" start_j="59" goal_i="5" goal_j="14"/>
<agent start_i="28" start_j="12" goal_i="21" goal_j="26"/>
<agent start_i="43" start_j="48" goal_i="25" goal_j="53"/>
<agent start_i="2" start_j="10" goal_i="58" goal_j="41"/>
<agent start_i="46" start_j="44" goal_i="26" goal_j="54"/>
<agent start_i="45" start_j="21" goal_i="58" goal_j="55"/>
<agent start_i="54" start_j="56" goal_i="2" goal_j="21"/>
<agent start_i="19" start_j="43" goal_i="12" goal_j="58"/>
<agent start_i="23" start_j="27" goal_i="17" goal_j="28"/>
<agent start_i="47" start_j="29" goal_i="21" goal_j="23"/>
<agent start_i="43" start_j="25" goal_i="50" goal_j="36"/>
<agent start_i="16" start_j="54" goal_i="7" goal_j="34"/>
<agent start_i="27" start_j="61" goal_i="15" goal_j="44"/>
</root>
