<?xml version="1.0" ?>
<root>
<agent start_i="34" start_j="2" goal_i="48" goal_j="53"/>
<agent start_i="9" start_j="13" goal_i="32" goal_j="61"/>
<agent start_i="31" start_j="34" goal_i="58" goal_j="38"/>
<agent start_i="46" start_j="50" goal_i="7" goal_j="63"/>
<agent start_i="12" start_j="58" goal_i="49" goal_j="13"/>
<agent start_i="50" start_j="45" goal_i="15" goal_j="53"/>
<agent start_i="13" start_j="10" goal_i="4" goal_j="51"/>
<agent start_i="11" start_j="37" goal_i="8" goal_j="8"/>
<agent start_i="13" start_j="19" goal_i="52" goal_j="35"/>
<agent start_i="12" start_j="51" goal_i="1" goal_j="4"/>
<agent start_i="63" start_j="21" goal_i="54" goal_j="6"/>
<agent start_i="4" start_j="61" goal_i="55" goal_j="10"/>
<agent start_i="54" start_j="19" goal_i="45" goal_j="7"/>
<agent start_i="24" start_j="21" goal_i="6" goal_j="51"/>
<agent start_i="36" start_j="35" goal_i="34" goal_j="11"/>
<agent start_i="16" start_j="46" goal_i="21" goal_j="1"/>
</root>
