<?xml version="1.0" ?>
<root>
<agent start_i="57" start_j="63" goal_i="39" goal_j="49"/>
<agent start_i="62" start_j="6" goal_i="57" goal_j="21"/>
<agent start_i="17" start_j="38" goal_i="32" goal_j="17"/>
<agent start_i="45" start_j="24" goal_i="43" goal_j="39"/>
<agent start_i="42" start_j="43" goal_i="28" goal_j="5"/>
<agent start_i="45" start_j="48" goal_i="41" goal_j="23"/>
<agent start_i="19" start_j="60" goal_i="5" goal_j="41"/>
<agent start_i="40" start_j="35" goal_i="2" goal_j="39"/>
<agent start_i="39" start_j="6" goal_i="2" goal_j="1"/>
<agent start_i="43" start_j="49" goal_i="59" goal_j="8"/>
<agent start_i="41" start_j="14" goal_i="37" goal_j="27"/>
<agent start_i="36" start_j="4" goal_i="22" goal_j="63"/>
<agent start_i="50" start_j="22" goal_i="34" goal_j="12"/>
<agent start_i="45" start_j="8" goal_i="11" goal_j="24"/>
<agent start_i="60" start_j="58" goal_i="47" goal_j="6"/>
<agent start_i="19" start_j="5" goal_i="5" goal_j="35"/>
</root>
