<?xml version="1.0" ?>
<root>
<agent start_i="29" start_j="22" goal_i="27" goal_j="0"/>
<agent start_i="12" start_j="54" goal_i="38" goal_j="63"/>
<agent start_i="46" start_j="48" goal_i="44" goal_j="58"/>
<agent start_i="58" start_j="62" goal_i="33" goal_j="30"/>
<agent start_i="50" start_j="8" goal_i="4" goal_j="59"/>
<agent start_i="49" start_j="31" goal_i="50" goal_j="17"/>
<agent start_i="59" start_j="52" goal_i="35" goal_j="54"/>
<agent start_i="60" start_j="43" goal_i="36" goal_j="14"/>
<agent start_i="63" start_j="37" goal_i="34" goal_j="52"/>
<agent start_i="18" start_j="10" goal_i="50" goal_j="36"/>
<agent start_i="18" start_j="26" goal_i="63" goal_j="53"/>
<agent start_i="16" start_j="38" goal_i="27" goal_j="19"/>
<agent start_i="27" start_j="29" goal_i="50" goal_j="44"/>
<agent start_i="0" start_j="46" goal_i="61" goal_j="5"/>
<agent start_i="2" start_j="36" goal_i="56" goal_j="2"/>
<agent start_i="50" start_j="52" goal_i="32" goal_j="41"/>
</root>
