<?xml version="1.0" ?>
<root>
<agent start_i="26" start_j="45" goal_i="36" goal_j="53"/>
<agent start_i="49" start_j="47" goal_i="35" goal_j="31"/>
<agent start_i="11" start_j="42" goal_i="44" goal_j="5"/>
<agent start_i="63" start_j="3" goal_i="1" goal_j="35"/>
<agent start_i="30" start_j="46" goal_i="20" goal_j="31"/>
<agent start_i="34" start_j="19" goal_i="41" goal_j="59"/>
<agent start_i="3" start_j="48" goal_i="15" goal_j="20"/>
<agent start_i="36" start_j="14" goal_i="10" goal_j="22"/>
<agent start_i="32" start_j="40" goal_i="13" goal_j="34"/>
<agent start_i="29" start_j="21" goal_i="28" goal_j="58"/>
<agent start_i="33" start_j="18" goal_i="46" goal_j="20"/>
<agent start_i="27" start_j="14" goal_i="18" goal_j="0"/>
<agent start_i="0" start_j="33" goal_i="20" goal_j="7"/>
<agent start_i="39" start_j="41" goal_i="29" goal_j="54"/>
<agent start_i="28" start_j="13" goal_i="49" goal_j="33"/>
<agent start_i="5" start_j="2" goal_i="32" goal_j="9"/>
</root>
