<?xml version="1.0" ?>
<root>
<agent start_i="25" start_j="59" goal_i="10" goal_j="26"/>
<agent start_i="19" start_j="43" goal_i="12" goal_j="58"/>
<agent start_i="10" start_j="35" goal_i="41" goal_j="16"/>
<agent start_i="41" start_j="42" goal_i="46" goal_j="57"/>
<agent start_i="18" start_j="17" goal_i="19" goal_j="12"/>
<agent start_i="53" start_j="26" goal_i="22" goal_j="2"/>
<agent start_i="29" start_j="10" goal_i="27" goal_j="39"/>
<agent start_i="54" start_j="19" goal_i="45" goal_j="7"/>
<agent start_i="37" start_j="53" goal_i="52" goal_j="25"/>
<agent start_i="41" start_j="45" goal_i="56" goal_j="21"/>
<agent start_i="9" start_j="35" goal_i="14" goal_j="19"/>
<agent start_i="30" start_j="26" goal_i="34" goal_j="32"/>
<agent start_i="46" start_j="45" goal_i="6" goal_j="35"/>
<agent start_i="27" start_j="7" goal_i="49" goal_j="12"/>
<agent start_i="36" start_j="14" goal_i="10" goal_j="22"/>
<agent start_i="53" start_j="56" goal_i="20" goal_j="2"/>
</root>
