<?xml version="1.0" ?>
<root>
<agent start_i="20" start_j="11" goal_i="50" goal_j="35"/>
<agent start_i="0" start_j="57" goal_i="15" goal_j="22"/>
<agent start_i="3" start_j="30" goal_i="6" goal_j="45"/>
<agent start_i="40" start_j="24" goal_i="63" goal_j="61"/>
<agent start_i="0" start_j="46" goal_i="61" goal_j="5"/>
<agent start_i="46" start_j="48" goal_i="44" goal_j="58"/>
<agent start_i="51" start_j="12" goal_i="42" goal_j="8"/>
<agent start_i="34" start_j="39" goal_i="3" goal_j="60"/>
<agent start_i="36" start_j="36" goal_i="13" goal_j="35"/>
<agent start_i="45" start_j="54" goal_i="20" goal_j="29"/>
<agent start_i="44" start_j="15" goal_i="27" goal_j="8"/>
<agent start_i="20" start_j="20" goal_i="58" goal_j="61"/>
<agent start_i="39" start_j="7" goal_i="60" goal_j="36"/>
<agent start_i="27" start_j="23" goal_i="47" goal_j="33"/>
<agent start_i="10" start_j="8" goal_i="22" goal_j="33"/>
<agent start_i="61" start_j="39" goal_i="3" goal_j="7"/>
</root>
