<?xml version="1.0" ?>
<root>
<agent start_i="1" start_j="1" goal_i="46" goal_j="53"/>
<agent start_i="39" start_j="28" goal_i="48" goal_j="10"/>
<agent start_i="44" start_j="8" goal_i="6" goal_j="18"/>
<agent start_i="18" start_j="34" goal_i="41" goal_j="63"/>
<agent start_i="36" start_j="35" goal_i="34" goal_j="11"/>
<agent start_i="37" start_j="47" goal_i="36" goal_j="33"/>
<agent start_i="7" start_j="36" goal_i="31" goal_j="8"/>
<agent start_i="14" start_j="35" goal_i="2" goal_j="27"/>
<agent start_i="19" start_j="2" goal_i="15" goal_j="6"/>
<agent start_i="29" start_j="43" goal_i="56" goal_j="33"/>
<agent start_i="21" start_j="23" goal_i="26" goal_j="8"/>
<agent start_i="45" start_j="3" goal_i="43" goal_j="3"/>
<agent start_i="14" start_j="22" goal_i="9" goal_j="51"/>
<agent start_i="26" start_j="26" goal_i="2" goal_j="62"/>
<agent start_i="37" start_j="37" goal_i="8" goal_j="44"/>
<agent start_i="53" start_j="33" goal_i="41" goal_j="55"/>
</root>
