<?xml version="1.0" ?>
<root>
<agent start_i="49" start_j="23" goal_i="54" goal_j="59"/>
<agent start_i="62" start_j="38" goal_i="23" goal_j="28"/>
<agent start_i="33" start_j="63" goal_i="55" goal_j="52"/>
<agent start_i="9" start_j="60" goal_i="60" goal_j="16"/>
<agent start_i="30" start_j="11" goal_i="21" goal_j="18"/>
<agent start_i="28" start_j="27" goal_i="12" goal_j="43"/>
<agent start_i="16" start_j="5" goal_i="10" goal_j="61"/>
<agent start_i="30" start_j="28" goal_i="27" goal_j="43"/>
<agent start_i="49" start_j="29" goal_i="17" goal_j="25"/>
<agent start_i="51" start_j="29" goal_i="52" goal_j="10"/>
<agent start_i="53" start_j="54" goal_i="30" goal_j="23"/>
<agent start_i="29" start_j="1" goal_i="49" goal_j="38"/>
<agent start_i="48" start_j="44" goal_i="18" goal_j="34"/>
<agent start_i="7" start_j="20" goal_i="45" goal_j="52"/>
<agent start_i="48" start_j="38" goal_i="36" goal_j="41"/>
<agent start_i="62" start_j="34" goal_i="42" goal_j="56"/>
</root>
