<?xml version="1.0" ?>
<root>
<agent start_i="15" start_j="12" goal_i="58" goal_j="19"/>
<agent start_i="18" start_j="26" goal_i="63" goal_j="53"/>
<agent start_i="4" start_j="32" goal_i="34" goal_j="9"/>
<agent start_i="0" start_j="50" goal_i="48" goal_j="32"/>
<agent start_i="21" start_j="30" goal_i="37" goal_j="43"/>
<agent start_i="33" start_j="47" goal_i="55" goal_j="40"/>
<agent start_i="50" start_j="60" goal_i="24" goal_j="16"/>
<agent start_i="6" start_j="33" goal_i="51" goal_j="11"/>
<agent start_i="54" start_j="53" goal_i="54" goal_j="54"/>
<agent start_i="54" start_j="13" goal_i="59" goal_j="58"/>
<agent start_i="49" start_j="41" goal_i="38" goal_j="39"/>
<agent start_i="30" start_j="49" goal_i="1" goal_j="19"/>
<agent start_i="1" start_j="2" goal_i="20" goal_j="60"/>
<agent start_i="60" start_j="18" goal_i="2" goal_j="34"/>
<agent start_i="44" start_j="10" goal_i="15" goal_j="34"/>
<agent start_i="62" start_j="23" goal_i="36" goal_j="49"/>
<agent start_i="2" start_j="6" goal_i="35" goal_j="38"/>
<agent start_i="1" start_j="13" goal_i="23" goal_j="31"/>
<agent start_i="47" start_j="8" goal_i="3" goal_j="44"/>
<agent start_i="0" start_j="14" goal_i="43" goal_j="24"/>
<agent start_i="51" start_j="56" goal_i="46" goal_j="26"/>
<agent start_i="4" start_j="2" goal_i="7" goal_j="33"/>
<agent start_i="50" start_j="53" goal_i="26" goal_j="8"/>
<agent start_i="46" start_j="55" goal_i="3" goal_j="8"/>
<agent start_i="9" start_j="29" goal_i="10" goal_j="51"/>
<agent start_i="33" start_j="58" goal_i="29" goal_j="46"/>
<agent start_i="17" start_j="41" goal_i="26" goal_j="57"/>
<agent start_i="26" start_j="34" goal_i="61" goal_j="14"/>
<agent start_i="11" start_j="26" goal_i="4" goal_j="16"/>
<agent start_i="26" start_j="14" goal_i="37" goal_j="17"/>
<agent start_i="59" start_j="28" goal_i="42" goal_j="57"/>
<agent start_i="27" start_j="30" goal_i="51" goal_j="57"/>
</root>
