<?xml version="1.0" ?>
<root>
<agent start_i="61" start_j="43" goal_i="25" goal_j="56"/>
<agent start_i="24" start_j="14" goal_i="10" goal_j="46"/>
<agent start_i="62" start_j="10" goal_i="14" goal_j="42"/>
<agent start_i="20" start_j="48" goal_i="56" goal_j="9"/>
<agent start_i="17" start_j="50" goal_i="54" goal_j="56"/>
<agent start_i="43" start_j="34" goal_i="44" goal_j="57"/>
<agent start_i="22" start_j="14" goal_i="40" goal_j="59"/>
<agent start_i="16" start_j="55" goal_i="3" goal_j="61"/>
<agent start_i="18" start_j="15" goal_i="52" goal_j="3"/>
<agent start_i="37" start_j="0" goal_i="10" goal_j="54"/>
<agent start_i="8" start_j="26" goal_i="55" goal_j="53"/>
<agent start_i="54" start_j="35" goal_i="45" goal_j="37"/>
<agent start_i="26" start_j="28" goal_i="0" goal_j="16"/>
<agent start_i="27" start_j="8" goal_i="23" goal_j="59"/>
<agent start_i="12" start_j="32" goal_i="15" goal_j="58"/>
<agent start_i="1" start_j="7" goal_i="43" goal_j="45"/>
<agent start_i="22" start_j="21" goal_i="63" goal_j="34"/>
<agent start_i="61" start_j="50" goal_i="39" goal_j="28"/>
<agent start_i="14" start_j="12" goal_i="2" goal_j="42"/>
<agent start_i="54" start_j="17" goal_i="28" goal_j="38"/>
<agent start_i="0" start_j="28" goal_i="1" goal_j="57"/>
<agent start_i="9" start_j="20" goal_i="27" goal_j="45"/>
<agent start_i="7" start_j="15" goal_i="56" goal_j="16"/>
<agent start_i="11" start_j="60" goal_i="62" goal_j="2"/>
<agent start_i="40" start_j="4" goal_i="28" goal_j="47"/>
<agent start_i="22" start_j="7" goal_i="6" goal_j="36"/>
<agent start_i="35" start_j="52" goal_i="0" goal_j="37"/>
<agent start_i="38" start_j="31" goal_i="10" goal_j="23"/>
<agent start_i="49" start_j="29" goal_i="17" goal_j="25"/>
<agent start_i="13" start_j="51" goal_i="8" goal_j="33"/>
<agent start_i="32" start_j="9" goal_i="63" goal_j="8"/>
<agent start_i="31" start_j="37" goal_i="52" goal_j="21"/>
</root>
