<?xml version="1.0" ?>
<root>
<agent start_i="30" start_j="7" goal_i="2" goal_j="7"/>
<agent start_i="33" start_j="26" goal_i="15" goal_j="37"/>
<agent start_i="47" start_j="27" goal_i="2" goal_j="45"/>
<agent start_i="54" start_j="50" goal_i="21" goal_j="38"/>
<agent start_i="2" start_j="30" goal_i="29" goal_j="14"/>
<agent start_i="18" start_j="28" goal_i="45" goal_j="15"/>
<agent start_i="25" start_j="7" goal_i="4" goal_j="26"/>
<agent start_i="12" start_j="26" goal_i="51" goal_j="60"/>
<agent start_i="24" start_j="15" goal_i="42" goal_j="19"/>
<agent start_i="36" start_j="37" goal_i="46" goal_j="2"/>
<agent start_i="45" start_j="32" goal_i="42" goal_j="13"/>
<agent start_i="34" start_j="33" goal_i="35" goal_j="6"/>
<agent start_i="12" start_j="40" goal_i="14" goal_j="53"/>
<agent start_i="59" start_j="17" goal_i="49" goal_j="22"/>
<agent start_i="58" start_j="55" goal_i="22" goal_j="13"/>
<agent start_i="23" start_j="28" goal_i="19" goal_j="11"/>
<agent start_i="25" start_j="3" goal_i="47" goal_j="9"/>
<agent start_i="20" start_j="1" goal_i="55" goal_j="60"/>
<agent start_i="62" start_j="7" goal_i="12" goal_j="23"/>
<agent start_i="9" start_j="31" goal_i="38" goal_j="55"/>
<agent start_i="31" start_j="18" goal_i="17" goal_j="18"/>
<agent start_i="26" start_j="16" goal_i="17" goal_j="58"/>
<agent start_i="6" start_j="22" goal_i="51" goal_j="61"/>
<agent start_i="57" start_j="33" goal_i="7" goal_j="10"/>
<agent start_i="9" start_j="37" goal_i="34" goal_j="62"/>
<agent start_i="54" start_j="8" goal_i="19" goal_j="41"/>
<agent start_i="26" start_j="2" goal_i="10" goal_j="11"/>
<agent start_i="56" start_j="46" goal_i="5" goal_j="61"/>
<agent start_i="8" start_j="61" goal_i="32" goal_j="30"/>
<agent start_i="55" start_j="59" goal_i="27" goal_j="41"/>
<agent start_i="55" start_j="1" goal_i="50" goal_j="25"/>
<agent start_i="49" start_j="59" goal_i="33" goal_j="13"/>
</root>
