<?xml version="1.0" ?>
<root>
<agent start_i="18" start_j="47" goal_i="22" goal_j="19"/>
<agent start_i="59" start_j="41" goal_i="1" goal_j="45"/>
<agent start_i="5" start_j="27" goal_i="49" goal_j="0"/>
<agent start_i="56" start_j="21" goal_i="14" goal_j="2"/>
<agent start_i="32" start_j="32" goal_i="4" goal_j="11"/>
<agent start_i="44" start_j="51" goal_i="9" goal_j="1"/>
<agent start_i="38" start_j="22" goal_i="3" goal_j="61"/>
<agent start_i="17" start_j="20" goal_i="26" goal_j="20"/>
<agent start_i="1" start_j="26" goal_i="27" goal_j="29"/>
<agent start_i="57" start_j="50" goal_i="3" goal_j="56"/>
<agent start_i="5" start_j="0" goal_i="13" goal_j="2"/>
<agent start_i="49" start_j="32" goal_i="41" goal_j="30"/>
<agent start_i="35" start_j="32" goal_i="0" goal_j="15"/>
<agent start_i="8" start_j="58" goal_i="21" goal_j="12"/>
<agent start_i="15" start_j="34" goal_i="26" goal_j="45"/>
<agent start_i="39" start_j="13" goal_i="62" goal_j="61"/>
<agent start_i="55" start_j="38" goal_i="57" goal_j="32"/>
<agent start_i="36" start_j="19" goal_i="8" goal_j="40"/>
<agent start_i="28" start_j="6" goal_i="30" goal_j="15"/>
<agent start_i="16" start_j="18" goal_i="44" goal_j="47"/>
<agent start_i="13" start_j="38" goal_i="27" goal_j="30"/>
<agent start_i="1" start_j="43" goal_i="62" goal_j="48"/>
<agent start_i="53" start_j="44" goal_i="42" goal_j="43"/>
<agent start_i="31" start_j="4" goal_i="45" goal_j="40"/>
<agent start_i="27" start_j="36" goal_i="48" goal_j="20"/>
<agent start_i="9" start_j="21" goal_i="32" goal_j="17"/>
<agent start_i="29" start_j="12" goal_i="32" goal_j="45"/>
<agent start_i="44" start_j="9" goal_i="4" goal_j="2"/>
<agent start_i="56" start_j="30" goal_i="3" goal_j="36"/>
<agent start_i="52" start_j="26" goal_i="56" goal_j="49"/>
<agent start_i="3" start_j="52" goal_i="42" goal_j="26"/>
<agent start_i="39" start_j="10" goal_i="31" goal_j="21"/>
</root>
