<?xml version="1.0" ?>
<root>
<agent start_i="20" start_j="3" goal_i="61" goal_j="8"/>
<agent start_i="3" start_j="23" goal_i="6" goal_j="26"/>
<agent start_i="9" start_j="61" goal_i="35" goal_j="26"/>
<agent start_i="53" start_j="49" goal_i="39" goal_j="34"/>
<agent start_i="41" start_j="23" goal_i="25" goal_j="58"/>
<agent start_i="40" start_j="50" goal_i="8" goal_j="8"/>
<agent start_i="29" start_j="25" goal_i="28" goal_j="60"/>
<agent start_i="17" start_j="61" goal_i="17" goal_j="50"/>
<agent start_i="44" start_j="10" goal_i="15" goal_j="34"/>
<agent start_i="21" start_j="63" goal_i="26" goal_j="59"/>
<agent start_i="51" start_j="51" goal_i="15" goal_j="21"/>
<agent start_i="39" start_j="23" goal_i="36" goal_j="34"/>
<agent start_i="25" start_j="46" goal_i="2" goal_j="29"/>
<agent start_i="45" start_j="22" goal_i="46" goal_j="29"/>
<agent start_i="48" start_j="61" goal_i="0" goal_j="8"/>
<agent start_i="59" start_j="16" goal_i="38" goal_j="1"/>
<agent start_i="5" start_j="55" goal_i="35" goal_j="24"/>
<agent start_i="51" start_j="22" goal_i="39" goal_j="58"/>
<agent start_i="40" start_j="34" goal_i="0" goal_j="43"/>
<agent start_i="4" start_j="6" goal_i="13" goal_j="22"/>
<agent start_i="25" start_j="44" goal_i="30" goal_j="40"/>
<agent start_i="52" start_j="32" goal_i="16" goal_j="44"/>
<agent start_i="21" start_j="8" goal_i="50" goal_j="54"/>
<agent start_i="61" start_j="18" goal_i="15" goal_j="54"/>
<agent start_i="16" start_j="53" goal_i="38" goal_j="63"/>
<agent start_i="12" start_j="36" goal_i="1" goal_j="0"/>
<agent start_i="39" start_j="40" goal_i="6" goal_j="48"/>
<agent start_i="14" start_j="53" goal_i="5" goal_j="6"/>
<agent start_i="9" start_j="33" goal_i="31" goal_j="56"/>
<agent start_i="12" start_j="13" goal_i="20" goal_j="6"/>
<agent start_i="58" start_j="10" goal_i="18" goal_j="42"/>
<agent start_i="33" start_j="40" goal_i="45" goal_j="37"/>
</root>
