<?xml version="1.0" ?>
<root>
<agent start_i="23" start_j="18" goal_i="41" goal_j="24"/>
<agent start_i="61" start_j="32" goal_i="19" goal_j="32"/>
<agent start_i="0" start_j="26" goal_i="53" goal_j="62"/>
<agent start_i="34" start_j="51" goal_i="16" goal_j="54"/>
<agent start_i="22" start_j="50" goal_i="13" goal_j="49"/>
<agent start_i="19" start_j="10" goal_i="1" goal_j="40"/>
<agent start_i="32" start_j="1" goal_i="14" goal_j="36"/>
<agent start_i="9" start_j="27" goal_i="31" goal_j="27"/>
<agent start_i="19" start_j="49" goal_i="3" goal_j="33"/>
<agent start_i="19" start_j="34" goal_i="53" goal_j="42"/>
<agent start_i="15" start_j="32" goal_i="56" goal_j="11"/>
<agent start_i="36" start_j="18" goal_i="25" goal_j="61"/>
<agent start_i="13" start_j="46" goal_i="33" goal_j="11"/>
<agent start_i="27" start_j="5" goal_i="5" goal_j="7"/>
<agent start_i="5" start_j="23" goal_i="63" goal_j="49"/>
<agent start_i="18" start_j="21" goal_i="29" goal_j="53"/>
<agent start_i="35" start_j="47" goal_i="5" goal_j="30"/>
<agent start_i="55" start_j="57" goal_i="59" goal_j="0"/>
<agent start_i="51" start_j="22" goal_i="39" goal_j="58"/>
<agent start_i="35" start_j="17" goal_i="23" goal_j="60"/>
<agent start_i="13" start_j="2" goal_i="28" goal_j="0"/>
<agent start_i="5" start_j="28" goal_i="19" goal_j="8"/>
<agent start_i="21" start_j="19" goal_i="15" goal_j="12"/>
<agent start_i="12" start_j="6" goal_i="14" goal_j="8"/>
<agent start_i="23" start_j="23" goal_i="16" goal_j="26"/>
<agent start_i="55" start_j="27" goal_i="48" goal_j="23"/>
<agent start_i="27" start_j="42" goal_i="21" goal_j="9"/>
<agent start_i="62" start_j="40" goal_i="52" goal_j="1"/>
<agent start_i="8" start_j="1" goal_i="20" goal_j="62"/>
<agent start_i="51" start_j="17" goal_i="27" goal_j="52"/>
<agent start_i="24" start_j="11" goal_i="47" goal_j="49"/>
<agent start_i="16" start_j="11" goal_i="32" goal_j="51"/>
</root>
