<?xml version="1.0" ?>
<root>
<agent start_i="31" start_j="4" goal_i="45" goal_j="40"/>
<agent start_i="40" start_j="53" goal_i="33" goal_j="48"/>
<agent start_i="43" start_j="1" goal_i="60" goal_j="48"/>
<agent start_i="50" start_j="45" goal_i="15" goal_j="53"/>
<agent start_i="21" start_j="18" goal_i="61" goal_j="23"/>
<agent start_i="27" start_j="40" goal_i="7" goal_j="57"/>
<agent start_i="14" start_j="30" goal_i="22" goal_j="5"/>
<agent start_i="20" start_j="29" goal_i="48" goal_j="6"/>
<agent start_i="19" start_j="54" goal_i="46" goal_j="23"/>
<agent start_i="48" start_j="48" goal_i="16" goal_j="28"/>
<agent start_i="29" start_j="58" goal_i="21" goal_j="43"/>
<agent start_i="19" start_j="46" goal_i="30" goal_j="41"/>
<agent start_i="9" start_j="37" goal_i="34" goal_j="62"/>
<agent start_i="23" start_j="9" goal_i="7" goal_j="58"/>
<agent start_i="3" start_j="4" goal_i="28" goal_j="8"/>
<agent start_i="55" start_j="18" goal_i="33" goal_j="29"/>
<agent start_i="28" start_j="49" goal_i="18" goal_j="7"/>
<agent start_i="40" start_j="39" goal_i="22" goal_j="21"/>
<agent start_i="9" start_j="49" goal_i="51" goal_j="28"/>
<agent start_i="53" start_j="41" goal_i="39" goal_j="43"/>
<agent start_i="10" start_j="47" goal_i="20" goal_j="14"/>
<agent start_i="34" start_j="13" goal_i="55" goal_j="61"/>
<agent start_i="20" start_j="39" goal_i="46" goal_j="42"/>
<agent start_i="61" start_j="16" goal_i="19" goal_j="43"/>
<agent start_i="35" start_j="14" goal_i="51" goal_j="1"/>
<agent start_i="9" start_j="26" goal_i="9" goal_j="8"/>
<agent start_i="10" start_j="56" goal_i="63" goal_j="39"/>
<agent start_i="48" start_j="60" goal_i="38" goal_j="19"/>
<agent start_i="21" start_j="62" goal_i="13" goal_j="25"/>
<agent start_i="14" start_j="26" goal_i="27" goal_j="42"/>
<agent start_i="32" start_j="4" goal_i="40" goal_j="13"/>
<agent start_i="42" start_j="18" goal_i="48" goal_j="25"/>
</root>
