<?xml version="1.0" ?>
<root>
<agent start_i="35" start_j="18" goal_i="4" goal_j="38"/>
<agent start_i="43" start_j="46" goal_i="11" goal_j="2"/>
<agent start_i="21" start_j="33" goal_i="54" goal_j="12"/>
<agent start_i="30" start_j="18" goal_i="20" goal_j="50"/>
<agent start_i="55" start_j="53" goal_i="52" goal_j="58"/>
<agent start_i="48" start_j="61" goal_i="0" goal_j="8"/>
<agent start_i="33" start_j="29" goal_i="3" goal_j="52"/>
<agent start_i="11" start_j="6" goal_i="38" goal_j="33"/>
<agent start_i="19" start_j="29" goal_i="59" goal_j="38"/>
<agent start_i="39" start_j="58" goal_i="54" goal_j="5"/>
<agent start_i="21" start_j="28" goal_i="20" goal_j="56"/>
<agent start_i="42" start_j="3" goal_i="2" goal_j="14"/>
<agent start_i="10" start_j="15" goal_i="39" goal_j="23"/>
<agent start_i="31" start_j="9" goal_i="33" goal_j="57"/>
<agent start_i="45" start_j="39" goal_i="35" goal_j="8"/>
<agent start_i="31" start_j="61" goal_i="55" goal_j="10"/>
<agent start_i="9" start_j="43" goal_i="60" goal_j="54"/>
<agent start_i="22" start_j="62" goal_i="6" goal_j="0"/>
<agent start_i="2" start_j="31" goal_i="11" goal_j="31"/>
<agent start_i="39" start_j="18" goal_i="20" goal_j="19"/>
<agent start_i="35" start_j="32" goal_i="0" goal_j="15"/>
<agent start_i="34" start_j="49" goal_i="58" goal_j="27"/>
<agent start_i="55" start_j="29" goal_i="5" goal_j="2"/>
<agent start_i="41" start_j="57" goal_i="4" goal_j="20"/>
<agent start_i="25" start_j="49" goal_i="12" goal_j="12"/>
<agent start_i="2" start_j="11" goal_i="4" goal_j="16"/>
<agent start_i="22" start_j="51" goal_i="16" goal_j="40"/>
<agent start_i="15" start_j="36" goal_i="14" goal_j="25"/>
<agent start_i="19" start_j="20" goal_i="35" goal_j="11"/>
<agent start_i="18" start_j="30" goal_i="37" goal_j="22"/>
<agent start_i="56" start_j="23" goal_i="3" goal_j="29"/>
<agent start_i="31" start_j="21" goal_i="9" goal_j="1"/>
</root>
