<?xml version="1.0" ?>
<root>
<agent start_i="28" start_j="53" goal_i="38" goal_j="14"/>
<agent start_i="1" start_j="35" goal_i="1" goal_j="35"/>
<agent start_i="8" start_j="5" goal_i="33" goal_j="18"/>
<agent start_i="48" start_j="21" goal_i="20" goal_j="52"/>
<agent start_i="5" start_j="42" goal_i="27" goal_j="22"/>
<agent start_i="61" start_j="2" goal_i="60" goal_j="56"/>
<agent start_i="12" start_j="30" goal_i="4" goal_j="56"/>
<agent start_i="45" start_j="59" goal_i="33" goal_j="60"/>
<agent start_i="44" start_j="53" goal_i="18" goal_j="49"/>
<agent start_i="38" start_j="20" goal_i="32" goal_j="6"/>
<agent start_i="12" start_j="39" goal_i="12" goal_j="19"/>
<agent start_i="42" start_j="63" goal_i="39" goal_j="50"/>
<agent start_i="16" start_j="4" goal_i="39" goal_j="17"/>
<agent start_i="12" start_j="14" goal_i="10" goal_j="48"/>
<agent start_i="1" start_j="36" goal_i="8" goal_j="24"/>
<agent start_i="44" start_j="48" goal_i="14" goal_j="62"/>
<agent start_i="23" start_j="18" goal_i="41" goal_j="24"/>
<agent start_i="32" start_j="11" goal_i="34" goal_j="32"/>
<agent start_i="22" start_j="8" goal_i="60" goal_j="53"/>
<agent start_i="36" start_j="44" goal_i="42" goal_j="12"/>
<agent start_i="51" start_j="56" goal_i="46" goal_j="26"/>
<agent start_i="45" start_j="34" goal_i="51" goal_j="34"/>
<agent start_i="36" start_j="19" goal_i="8" goal_j="40"/>
<agent start_i="5" start_j="2" goal_i="32" goal_j="9"/>
<agent start_i="63" start_j="12" goal_i="32" goal_j="57"/>
<agent start_i="63" start_j="0" goal_i="27" goal_j="9"/>
<agent start_i="36" start_j="61" goal_i="36" goal_j="7"/>
<agent start_i="30" start_j="38" goal_i="34" goal_j="47"/>
<agent start_i="50" start_j="48" goal_i="32" goal_j="35"/>
<agent start_i="33" start_j="33" goal_i="36" goal_j="26"/>
<agent start_i="22" start_j="42" goal_i="35" goal_j="50"/>
<agent start_i="41" start_j="1" goal_i="9" goal_j="38"/>
</root>
