<?xml version="1.0" ?>
<root>
<agent start_i="43" start_j="10" goal_i="26" goal_j="27"/>
<agent start_i="10" start_j="35" goal_i="41" goal_j="16"/>
<agent start_i="9" start_j="16" goal_i="54" goal_j="6"/>
<agent start_i="12" start_j="35" goal_i="34" goal_j="61"/>
<agent start_i="47" start_j="4" goal_i="58" goal_j="53"/>
<agent start_i="13" start_j="57" goal_i="10" goal_j="59"/>
<agent start_i="28" start_j="41" goal_i="38" goal_j="62"/>
<agent start_i="36" start_j="27" goal_i="36" goal_j="30"/>
<agent start_i="4" start_j="24" goal_i="37" goal_j="25"/>
<agent start_i="33" start_j="29" goal_i="3" goal_j="52"/>
<agent start_i="5" start_j="39" goal_i="36" goal_j="38"/>
<agent start_i="61" start_j="17" goal_i="36" goal_j="59"/>
<agent start_i="25" start_j="30" goal_i="57" goal_j="34"/>
<agent start_i="5" start_j="17" goal_i="4" goal_j="2"/>
<agent start_i="39" start_j="17" goal_i="32" goal_j="33"/>
<agent start_i="34" start_j="59" goal_i="59" goal_j="54"/>
<agent start_i="20" start_j="59" goal_i="9" goal_j="41"/>
<agent start_i="5" start_j="20" goal_i="4" goal_j="25"/>
<agent start_i="32" start_j="25" goal_i="41" goal_j="26"/>
<agent start_i="63" start_j="14" goal_i="14" goal_j="20"/>
<agent start_i="18" start_j="62" goal_i="2" goal_j="53"/>
<agent start_i="3" start_j="6" goal_i="62" goal_j="7"/>
<agent start_i="40" start_j="47" goal_i="47" goal_j="23"/>
<agent start_i="58" start_j="24" goal_i="29" goal_j="11"/>
<agent start_i="6" start_j="4" goal_i="50" goal_j="46"/>
<agent start_i="0" start_j="1" goal_i="37" goal_j="43"/>
<agent start_i="27" start_j="15" goal_i="15" goal_j="37"/>
<agent start_i="44" start_j="49" goal_i="15" goal_j="25"/>
<agent start_i="2" start_j="0" goal_i="18" goal_j="19"/>
<agent start_i="11" start_j="26" goal_i="4" goal_j="16"/>
<agent start_i="2" start_j="56" goal_i="46" goal_j="52"/>
<agent start_i="43" start_j="4" goal_i="63" goal_j="60"/>
</root>
