<?xml version="1.0" ?>
<root>
<agent start_i="27" start_j="17" goal_i="14" goal_j="45"/>
<agent start_i="8" start_j="52" goal_i="63" goal_j="54"/>
<agent start_i="47" start_j="18" goal_i="42" goal_j="49"/>
<agent start_i="21" start_j="28" goal_i="20" goal_j="56"/>
<agent start_i="23" start_j="41" goal_i="16" goal_j="28"/>
<agent start_i="19" start_j="21" goal_i="11" goal_j="39"/>
<agent start_i="32" start_j="9" goal_i="63" goal_j="8"/>
<agent start_i="13" start_j="63" goal_i="59" goal_j="19"/>
<agent start_i="41" start_j="6" goal_i="34" goal_j="54"/>
<agent start_i="3" start_j="34" goal_i="0" goal_j="10"/>
<agent start_i="36" start_j="1" goal_i="57" goal_j="9"/>
<agent start_i="0" start_j="2" goal_i="40" goal_j="15"/>
<agent start_i="56" start_j="33" goal_i="46" goal_j="14"/>
<agent start_i="16" start_j="13" goal_i="23" goal_j="61"/>
<agent start_i="10" start_j="18" goal_i="6" goal_j="12"/>
<agent start_i="8" start_j="12" goal_i="58" goal_j="61"/>
<agent start_i="48" start_j="57" goal_i="0" goal_j="41"/>
<agent start_i="24" start_j="61" goal_i="35" goal_j="11"/>
<agent start_i="61" start_j="12" goal_i="43" goal_j="9"/>
<agent start_i="2" start_j="34" goal_i="59" goal_j="11"/>
<agent start_i="10" start_j="24" goal_i="41" goal_j="30"/>
<agent start_i="5" start_j="26" goal_i="20" goal_j="59"/>
<agent start_i="32" start_j="33" goal_i="8" goal_j="63"/>
<agent start_i="44" start_j="0" goal_i="7" goal_j="38"/>
<agent start_i="25" start_j="52" goal_i="23" goal_j="53"/>
<agent start_i="48" start_j="27" goal_i="28" goal_j="32"/>
<agent start_i="0" start_j="32" goal_i="23" goal_j="43"/>
<agent start_i="25" start_j="40" goal_i="12" goal_j="50"/>
<agent start_i="32" start_j="26" goal_i="3" goal_j="47"/>
<agent start_i="6" start_j="31" goal_i="9" goal_j="18"/>
<agent start_i="21" start_j="16" goal_i="58" goal_j="1"/>
<agent start_i="63" start_j="40" goal_i="17" goal_j="43"/>
</root>
