<?xml version="1.0" ?>
<root>
<agent start_i="29" start_j="16" goal_i="17" goal_j="59"/>
<agent start_i="11" start_j="3" goal_i="27" goal_j="57"/>
<agent start_i="2" start_j="12" goal_i="40" goal_j="38"/>
<agent start_i="17" start_j="8" goal_i="0" goal_j="54"/>
<agent start_i="26" start_j="57" goal_i="7" goal_j="21"/>
<agent start_i="59" start_j="2" goal_i="53" goal_j="53"/>
<agent start_i="32" start_j="21" goal_i="36" goal_j="29"/>
<agent start_i="40" start_j="3" goal_i="1" goal_j="59"/>
<agent start_i="35" start_j="39" goal_i="40" goal_j="8"/>
<agent start_i="57" start_j="45" goal_i="4" goal_j="34"/>
<agent start_i="54" start_j="61" goal_i="0" goal_j="30"/>
<agent start_i="43" start_j="40" goal_i="22" goal_j="26"/>
<agent start_i="59" start_j="62" goal_i="31" goal_j="5"/>
<agent start_i="57" start_j="6" goal_i="27" goal_j="29"/>
<agent start_i="29" start_j="40" goal_i="46" goal_j="7"/>
<agent start_i="33" start_j="47" goal_i="55" goal_j="40"/>
<agent start_i="17" start_j="4" goal_i="24" goal_j="9"/>
<agent start_i="4" start_j="38" goal_i="26" goal_j="21"/>
<agent start_i="43" start_j="3" goal_i="32" goal_j="54"/>
<agent start_i="7" start_j="54" goal_i="19" goal_j="56"/>
<agent start_i="49" start_j="23" goal_i="54" goal_j="59"/>
<agent start_i="17" start_j="36" goal_i="24" goal_j="16"/>
<agent start_i="9" start_j="62" goal_i="12" goal_j="4"/>
<agent start_i="20" start_j="62" goal_i="2" goal_j="60"/>
<agent start_i="38" start_j="3" goal_i="52" goal_j="14"/>
<agent start_i="29" start_j="58" goal_i="21" goal_j="43"/>
<agent start_i="2" start_j="48" goal_i="0" goal_j="61"/>
<agent start_i="47" start_j="22" goal_i="51" goal_j="4"/>
<agent start_i="61" start_j="44" goal_i="45" goal_j="52"/>
<agent start_i="18" start_j="48" goal_i="19" goal_j="57"/>
<agent start_i="58" start_j="23" goal_i="37" goal_j="10"/>
<agent start_i="34" start_j="18" goal_i="12" goal_j="46"/>
</root>
