<?xml version="1.0" ?>
<root>
<agent start_i="1" start_j="1" goal_i="46" goal_j="53"/>
<agent start_i="49" start_j="40" goal_i="36" goal_j="43"/>
<agent start_i="14" start_j="9" goal_i="8" goal_j="6"/>
<agent start_i="34" start_j="44" goal_i="47" goal_j="20"/>
<agent start_i="59" start_j="16" goal_i="38" goal_j="1"/>
<agent start_i="43" start_j="42" goal_i="7" goal_j="30"/>
<agent start_i="61" start_j="25" goal_i="10" goal_j="11"/>
<agent start_i="21" start_j="1" goal_i="2" goal_j="6"/>
<agent start_i="37" start_j="15" goal_i="48" goal_j="13"/>
<agent start_i="35" start_j="46" goal_i="59" goal_j="9"/>
<agent start_i="48" start_j="26" goal_i="27" goal_j="39"/>
<agent start_i="40" start_j="59" goal_i="36" goal_j="39"/>
<agent start_i="63" start_j="45" goal_i="11" goal_j="47"/>
<agent start_i="31" start_j="52" goal_i="24" goal_j="29"/>
<agent start_i="52" start_j="46" goal_i="20" goal_j="63"/>
<agent start_i="28" start_j="30" goal_i="37" goal_j="28"/>
<agent start_i="59" start_j="43" goal_i="62" goal_j="50"/>
<agent start_i="25" start_j="44" goal_i="30" goal_j="40"/>
<agent start_i="55" start_j="36" goal_i="49" goal_j="37"/>
<agent start_i="56" start_j="35" goal_i="14" goal_j="8"/>
<agent start_i="51" start_j="31" goal_i="17" goal_j="34"/>
<agent start_i="27" start_j="63" goal_i="38" goal_j="35"/>
<agent start_i="17" start_j="45" goal_i="28" goal_j="35"/>
<agent start_i="53" start_j="5" goal_i="49" goal_j="29"/>
<agent start_i="41" start_j="6" goal_i="34" goal_j="54"/>
<agent start_i="34" start_j="43" goal_i="32" goal_j="14"/>
<agent start_i="16" start_j="7" goal_i="53" goal_j="24"/>
<agent start_i="42" start_j="58" goal_i="46" goal_j="20"/>
<agent start_i="20" start_j="11" goal_i="50" goal_j="35"/>
<agent start_i="50" start_j="19" goal_i="54" goal_j="29"/>
<agent start_i="53" start_j="51" goal_i="63" goal_j="62"/>
<agent start_i="48" start_j="24" goal_i="31" goal_j="1"/>
</root>
