<?xml version="1.0" ?>
<root>
<agent start_i="3" start_j="63" goal_i="51" goal_j="41"/>
<agent start_i="22" start_j="16" goal_i="57" goal_j="10"/>
<agent start_i="20" start_j="17" goal_i="42" goal_j="39"/>
<agent start_i="5" start_j="42" goal_i="27" goal_j="22"/>
<agent start_i="42" start_j="12" goal_i="56" goal_j="36"/>
<agent start_i="32" start_j="52" goal_i="3" goal_j="38"/>
<agent start_i="50" start_j="12" goal_i="56" goal_j="10"/>
<agent start_i="54" start_j="48" goal_i="59" goal_j="9"/>
<agent start_i="32" start_j="0" goal_i="5" goal_j="29"/>
<agent start_i="34" start_j="61" goal_i="23" goal_j="16"/>
<agent start_i="54" start_j="31" goal_i="24" goal_j="23"/>
<agent start_i="19" start_j="53" goal_i="27" goal_j="33"/>
<agent start_i="48" start_j="57" goal_i="0" goal_j="41"/>
<agent start_i="34" start_j="26" goal_i="19" goal_j="41"/>
<agent start_i="59" start_j="2" goal_i="53" goal_j="53"/>
<agent start_i="55" start_j="9" goal_i="11" goal_j="7"/>
<agent start_i="40" start_j="24" goal_i="63" goal_j="61"/>
<agent start_i="15" start_j="31" goal_i="46" goal_j="48"/>
<agent start_i="16" start_j="47" goal_i="59" goal_j="53"/>
<agent start_i="2" start_j="2" goal_i="25" goal_j="53"/>
<agent start_i="46" start_j="26" goal_i="32" goal_j="23"/>
<agent start_i="24" start_j="20" goal_i="11" goal_j="59"/>
<agent start_i="61" start_j="30" goal_i="3" goal_j="9"/>
<agent start_i="26" start_j="37" goal_i="46" goal_j="4"/>
<agent start_i="54" start_j="56" goal_i="2" goal_j="21"/>
<agent start_i="46" start_j="16" goal_i="35" goal_j="14"/>
<agent start_i="43" start_j="27" goal_i="47" goal_j="38"/>
<agent start_i="9" start_j="1" goal_i="3" goal_j="49"/>
<agent start_i="8" start_j="32" goal_i="29" goal_j="24"/>
<agent start_i="35" start_j="9" goal_i="9" goal_j="6"/>
<agent start_i="31" start_j="21" goal_i="9" goal_j="1"/>
<agent start_i="17" start_j="13" goal_i="30" goal_j="23"/>
</root>
