<?xml version="1.0" ?>
<root>
<agent start_i="51" start_j="63" goal_i="36" goal_j="39"/>
<agent start_i="38" start_j="6" goal_i="35" goal_j="61"/>
<agent start_i="44" start_j="25" goal_i="52" goal_j="17"/>
<agent start_i="11" start_j="62" goal_i="49" goal_j="56"/>
<agent start_i="33" start_j="26" goal_i="15" goal_j="37"/>
<agent start_i="2" start_j="36" goal_i="56" goal_j="2"/>
<agent start_i="10" start_j="25" goal_i="41" goal_j="14"/>
<agent start_i="29" start_j="46" goal_i="30" goal_j="57"/>
<agent start_i="17" start_j="16" goal_i="33" goal_j="12"/>
<agent start_i="15" start_j="55" goal_i="62" goal_j="55"/>
<agent start_i="5" start_j="42" goal_i="27" goal_j="22"/>
<agent start_i="28" start_j="20" goal_i="27" goal_j="55"/>
<agent start_i="30" start_j="0" goal_i="56" goal_j="37"/>
<agent start_i="5" start_j="27" goal_i="49" goal_j="0"/>
<agent start_i="30" start_j="24" goal_i="58" goal_j="30"/>
<agent start_i="16" start_j="51" goal_i="32" goal_j="47"/>
<agent start_i="54" start_j="43" goal_i="56" goal_j="1"/>
<agent start_i="56" start_j="56" goal_i="5" goal_j="20"/>
<agent start_i="9" start_j="56" goal_i="42" goal_j="46"/>
<agent start_i="39" start_j="39" goal_i="55" goal_j="56"/>
<agent start_i="0" start_j="36" goal_i="5" goal_j="34"/>
<agent start_i="40" start_j="52" goal_i="47" goal_j="58"/>
<agent start_i="28" start_j="37" goal_i="22" goal_j="37"/>
<agent start_i="46" start_j="14" goal_i="7" goal_j="37"/>
<agent start_i="14" start_j="29" goal_i="62" goal_j="30"/>
<agent start_i="35" start_j="48" goal_i="45" goal_j="14"/>
<agent start_i="58" start_j="29" goal_i="58" goal_j="19"/>
<agent start_i="31" start_j="23" goal_i="59" goal_j="13"/>
<agent start_i="5" start_j="61" goal_i="9" goal_j="11"/>
<agent start_i="52" start_j="15" goal_i="29" goal_j="20"/>
<agent start_i="5" start_j="23" goal_i="63" goal_j="49"/>
<agent start_i="31" start_j="32" goal_i="43" goal_j="62"/>
</root>
