<?xml version="1.0" ?>
<root>
<agent start_i="21" start_j="42" goal_i="41" goal_j="19"/>
<agent start_i="26" start_j="15" goal_i="37" goal_j="34"/>
<agent start_i="43" start_j="16" goal_i="5" goal_j="55"/>
<agent start_i="2" start_j="29" goal_i="40" goal_j="51"/>
<agent start_i="30" start_j="54" goal_i="27" goal_j="24"/>
<agent start_i="50" start_j="31" goal_i="1" goal_j="46"/>
<agent start_i="63" start_j="31" goal_i="6" goal_j="37"/>
<agent start_i="1" start_j="53" goal_i="46" goal_j="48"/>
<agent start_i="18" start_j="1" goal_i="46" goal_j="29"/>
<agent start_i="26" start_j="16" goal_i="17" goal_j="58"/>
<agent start_i="43" start_j="8" goal_i="11" goal_j="25"/>
<agent start_i="1" start_j="13" goal_i="23" goal_j="31"/>
<agent start_i="35" start_j="20" goal_i="27" goal_j="28"/>
<agent start_i="40" start_j="38" goal_i="59" goal_j="52"/>
<agent start_i="19" start_j="23" goal_i="51" goal_j="0"/>
<agent start_i="35" start_j="43" goal_i="6" goal_j="31"/>
<agent start_i="3" start_j="33" goal_i="35" goal_j="32"/>
<agent start_i="42" start_j="47" goal_i="61" goal_j="60"/>
<agent start_i="25" start_j="36" goal_i="54" goal_j="30"/>
<agent start_i="50" start_j="18" goal_i="32" goal_j="2"/>
<agent start_i="57" start_j="24" goal_i="47" goal_j="33"/>
<agent start_i="60" start_j="32" goal_i="30" goal_j="27"/>
<agent start_i="29" start_j="2" goal_i="60" goal_j="63"/>
<agent start_i="20" start_j="54" goal_i="19" goal_j="43"/>
<agent start_i="31" start_j="60" goal_i="44" goal_j="4"/>
<agent start_i="14" start_j="25" goal_i="41" goal_j="35"/>
<agent start_i="59" start_j="9" goal_i="55" goal_j="19"/>
<agent start_i="24" start_j="36" goal_i="17" goal_j="49"/>
<agent start_i="47" start_j="40" goal_i="22" goal_j="51"/>
<agent start_i="31" start_j="59" goal_i="50" goal_j="61"/>
<agent start_i="18" start_j="56" goal_i="39" goal_j="53"/>
<agent start_i="15" start_j="31" goal_i="32" goal_j="23"/>
</root>
