<?xml version="1.0" ?>
<root>
<agent start_i="48" start_j="28" goal_i="25" goal_j="22"/>
<agent start_i="17" start_j="15" goal_i="21" goal_j="39"/>
<agent start_i="29" start_j="27" goal_i="56" goal_j="41"/>
<agent start_i="32" start_j="52" goal_i="3" goal_j="38"/>
<agent start_i="16" start_j="43" goal_i="25" goal_j="47"/>
<agent start_i="49" start_j="63" goal_i="51" goal_j="38"/>
<agent start_i="60" start_j="2" goal_i="53" goal_j="50"/>
<agent start_i="34" start_j="28" goal_i="7" goal_j="5"/>
<agent start_i="60" start_j="30" goal_i="16" goal_j="50"/>
<agent start_i="24" start_j="18" goal_i="4" goal_j="46"/>
<agent start_i="23" start_j="55" goal_i="29" goal_j="17"/>
<agent start_i="63" start_j="27" goal_i="52" goal_j="12"/>
<agent start_i="43" start_j="11" goal_i="22" goal_j="52"/>
<agent start_i="23" start_j="49" goal_i="8" goal_j="52"/>
<agent start_i="52" start_j="12" goal_i="43" goal_j="59"/>
<agent start_i="19" start_j="60" goal_i="5" goal_j="41"/>
<agent start_i="50" start_j="60" goal_i="24" goal_j="16"/>
<agent start_i="11" start_j="15" goal_i="53" goal_j="46"/>
<agent start_i="20" start_j="42" goal_i="39" goal_j="24"/>
<agent start_i="12" start_j="38" goal_i="54" goal_j="25"/>
<agent start_i="32" start_j="22" goal_i="63" goal_j="3"/>
<agent start_i="12" start_j="60" goal_i="33" goal_j="24"/>
<agent start_i="4" start_j="12" goal_i="47" goal_j="9"/>
<agent start_i="27" start_j="31" goal_i="62" goal_j="6"/>
<agent start_i="47" start_j="55" goal_i="1" goal_j="7"/>
<agent start_i="2" start_j="25" goal_i="31" goal_j="28"/>
<agent start_i="37" start_j="28" goal_i="28" goal_j="21"/>
<agent start_i="7" start_j="14" goal_i="0" goal_j="35"/>
<agent start_i="37" start_j="26" goal_i="24" goal_j="61"/>
<agent start_i="41" start_j="13" goal_i="14" goal_j="47"/>
<agent start_i="47" start_j="42" goal_i="58" goal_j="47"/>
<agent start_i="53" start_j="56" goal_i="20" goal_j="2"/>
</root>
