<?xml version="1.0" ?>
<root>
<agent start_i="55" start_j="19" goal_i="43" goal_j="59"/>
<agent start_i="23" start_j="30" goal_i="18" goal_j="50"/>
<agent start_i="35" start_j="29" goal_i="52" goal_j="14"/>
<agent start_i="31" start_j="38" goal_i="61" goal_j="28"/>
<agent start_i="25" start_j="25" goal_i="55" goal_j="21"/>
<agent start_i="0" start_j="52" goal_i="53" goal_j="28"/>
<agent start_i="53" start_j="16" goal_i="16" goal_j="48"/>
<agent start_i="18" start_j="7" goal_i="31" goal_j="62"/>
<agent start_i="26" start_j="5" goal_i="44" goal_j="41"/>
<agent start_i="5" start_j="10" goal_i="29" goal_j="0"/>
<agent start_i="19" start_j="53" goal_i="27" goal_j="33"/>
<agent start_i="34" start_j="26" goal_i="19" goal_j="41"/>
<agent start_i="42" start_j="5" goal_i="46" goal_j="39"/>
<agent start_i="11" start_j="36" goal_i="61" goal_j="34"/>
<agent start_i="20" start_j="59" goal_i="9" goal_j="41"/>
<agent start_i="4" start_j="52" goal_i="55" goal_j="2"/>
<agent start_i="37" start_j="45" goal_i="0" goal_j="35"/>
<agent start_i="43" start_j="45" goal_i="23" goal_j="27"/>
<agent start_i="37" start_j="5" goal_i="0" goal_j="2"/>
<agent start_i="57" start_j="11" goal_i="25" goal_j="36"/>
<agent start_i="53" start_j="8" goal_i="35" goal_j="11"/>
<agent start_i="41" start_j="21" goal_i="53" goal_j="53"/>
<agent start_i="50" start_j="10" goal_i="11" goal_j="17"/>
<agent start_i="20" start_j="40" goal_i="44" goal_j="56"/>
<agent start_i="21" start_j="42" goal_i="41" goal_j="19"/>
<agent start_i="26" start_j="28" goal_i="0" goal_j="16"/>
<agent start_i="9" start_j="3" goal_i="61" goal_j="16"/>
<agent start_i="22" start_j="61" goal_i="26" goal_j="7"/>
<agent start_i="30" start_j="10" goal_i="33" goal_j="34"/>
<agent start_i="57" start_j="61" goal_i="34" goal_j="31"/>
<agent start_i="3" start_j="26" goal_i="13" goal_j="38"/>
<agent start_i="49" start_j="38" goal_i="44" goal_j="16"/>
</root>
