<?xml version="1.0" ?>
<root>
<agent start_i="15" start_j="59" goal_i="5" goal_j="14"/>
<agent start_i="56" start_j="3" goal_i="16" goal_j="50"/>
<agent start_i="9" start_j="24" goal_i="4" goal_j="11"/>
<agent start_i="35" start_j="23" goal_i="41" goal_j="21"/>
<agent start_i="28" start_j="7" goal_i="44" goal_j="42"/>
<agent start_i="35" start_j="27" goal_i="24" goal_j="32"/>
<agent start_i="28" start_j="62" goal_i="47" goal_j="47"/>
<agent start_i="11" start_j="13" goal_i="3" goal_j="51"/>
<agent start_i="16" start_j="63" goal_i="27" goal_j="51"/>
<agent start_i="57" start_j="48" goal_i="15" goal_j="22"/>
<agent start_i="6" start_j="15" goal_i="14" goal_j="7"/>
<agent start_i="45" start_j="27" goal_i="45" goal_j="44"/>
<agent start_i="36" start_j="21" goal_i="9" goal_j="51"/>
<agent start_i="50" start_j="61" goal_i="53" goal_j="15"/>
<agent start_i="15" start_j="50" goal_i="36" goal_j="8"/>
<agent start_i="10" start_j="8" goal_i="22" goal_j="33"/>
<agent start_i="55" start_j="12" goal_i="37" goal_j="10"/>
<agent start_i="0" start_j="59" goal_i="49" goal_j="44"/>
<agent start_i="53" start_j="23" goal_i="3" goal_j="20"/>
<agent start_i="27" start_j="63" goal_i="38" goal_j="35"/>
<agent start_i="41" start_j="55" goal_i="16" goal_j="20"/>
<agent start_i="54" start_j="4" goal_i="20" goal_j="57"/>
<agent start_i="38" start_j="24" goal_i="63" goal_j="5"/>
<agent start_i="52" start_j="47" goal_i="18" goal_j="43"/>
<agent start_i="51" start_j="34" goal_i="54" goal_j="20"/>
<agent start_i="38" start_j="0" goal_i="48" goal_j="41"/>
<agent start_i="31" start_j="37" goal_i="52" goal_j="21"/>
<agent start_i="40" start_j="5" goal_i="42" goal_j="54"/>
<agent start_i="37" start_j="32" goal_i="15" goal_j="38"/>
<agent start_i="43" start_j="59" goal_i="24" goal_j="63"/>
<agent start_i="28" start_j="60" goal_i="52" goal_j="63"/>
<agent start_i="26" start_j="53" goal_i="10" goal_j="49"/>
</root>
