<?xml version="1.0" ?>
<root>
<agent start_i="18" start_j="43" goal_i="18" goal_j="25"/>
<agent start_i="51" start_j="6" goal_i="49" goal_j="48"/>
<agent start_i="6" start_j="60" goal_i="3" goal_j="48"/>
<agent start_i="43" start_j="34" goal_i="44" goal_j="57"/>
<agent start_i="45" start_j="28" goal_i="35" goal_j="26"/>
<agent start_i="60" start_j="63" goal_i="23" goal_j="22"/>
<agent start_i="6" start_j="22" goal_i="51" goal_j="61"/>
<agent start_i="30" start_j="58" goal_i="56" goal_j="15"/>
<agent start_i="1" start_j="24" goal_i="24" goal_j="32"/>
<agent start_i="50" start_j="50" goal_i="28" goal_j="24"/>
<agent start_i="24" start_j="44" goal_i="16" goal_j="46"/>
<agent start_i="25" start_j="53" goal_i="21" goal_j="0"/>
<agent start_i="42" start_j="20" goal_i="63" goal_j="14"/>
<agent start_i="34" start_j="48" goal_i="6" goal_j="22"/>
<agent start_i="45" start_j="32" goal_i="42" goal_j="13"/>
<agent start_i="27" start_j="44" goal_i="9" goal_j="1"/>
<agent start_i="11" start_j="0" goal_i="47" goal_j="56"/>
<agent start_i="17" start_j="10" goal_i="52" goal_j="47"/>
<agent start_i="17" start_j="6" goal_i="0" goal_j="23"/>
<agent start_i="12" start_j="10" goal_i="15" goal_j="37"/>
<agent start_i="42" start_j="18" goal_i="48" goal_j="25"/>
<agent start_i="0" start_j="58" goal_i="35" goal_j="32"/>
<agent start_i="45" start_j="1" goal_i="45" goal_j="51"/>
<agent start_i="35" start_j="49" goal_i="14" goal_j="25"/>
<agent start_i="11" start_j="35" goal_i="17" goal_j="8"/>
<agent start_i="0" start_j="26" goal_i="53" goal_j="62"/>
<agent start_i="24" start_j="55" goal_i="47" goal_j="20"/>
<agent start_i="60" start_j="41" goal_i="9" goal_j="32"/>
<agent start_i="59" start_j="30" goal_i="35" goal_j="47"/>
<agent start_i="26" start_j="54" goal_i="49" goal_j="6"/>
<agent start_i="29" start_j="2" goal_i="60" goal_j="63"/>
<agent start_i="16" start_j="36" goal_i="52" goal_j="14"/>
</root>
