<?xml version="1.0" ?>
<root>
<agent start_i="2" start_j="35" goal_i="33" goal_j="14"/>
<agent start_i="43" start_j="41" goal_i="6" goal_j="20"/>
<agent start_i="33" start_j="1" goal_i="28" goal_j="31"/>
<agent start_i="57" start_j="29" goal_i="40" goal_j="40"/>
<agent start_i="29" start_j="59" goal_i="55" goal_j="55"/>
<agent start_i="53" start_j="22" goal_i="9" goal_j="46"/>
<agent start_i="11" start_j="52" goal_i="33" goal_j="4"/>
<agent start_i="13" start_j="54" goal_i="26" goal_j="1"/>
<agent start_i="48" start_j="36" goal_i="63" goal_j="9"/>
<agent start_i="37" start_j="18" goal_i="50" goal_j="2"/>
<agent start_i="43" start_j="48" goal_i="25" goal_j="53"/>
<agent start_i="41" start_j="10" goal_i="27" goal_j="43"/>
<agent start_i="63" start_j="37" goal_i="34" goal_j="52"/>
<agent start_i="42" start_j="30" goal_i="52" goal_j="25"/>
<agent start_i="30" start_j="2" goal_i="6" goal_j="1"/>
<agent start_i="50" start_j="43" goal_i="32" goal_j="50"/>
<agent start_i="29" start_j="54" goal_i="4" goal_j="29"/>
<agent start_i="36" start_j="30" goal_i="49" goal_j="61"/>
<agent start_i="13" start_j="52" goal_i="20" goal_j="49"/>
<agent start_i="44" start_j="38" goal_i="37" goal_j="59"/>
<agent start_i="33" start_j="51" goal_i="33" goal_j="27"/>
<agent start_i="61" start_j="34" goal_i="15" goal_j="21"/>
<agent start_i="19" start_j="10" goal_i="1" goal_j="40"/>
<agent start_i="53" start_j="10" goal_i="38" goal_j="45"/>
<agent start_i="27" start_j="43" goal_i="37" goal_j="33"/>
<agent start_i="12" start_j="9" goal_i="39" goal_j="47"/>
<agent start_i="5" start_j="11" goal_i="52" goal_j="58"/>
<agent start_i="10" start_j="4" goal_i="13" goal_j="53"/>
<agent start_i="25" start_j="9" goal_i="13" goal_j="21"/>
<agent start_i="6" start_j="22" goal_i="51" goal_j="61"/>
<agent start_i="11" start_j="2" goal_i="62" goal_j="33"/>
<agent start_i="51" start_j="23" goal_i="43" goal_j="32"/>
</root>
