<?xml version="1.0" ?>
<root>
<agent start_i="60" start_j="38" goal_i="21" goal_j="33"/>
<agent start_i="21" start_j="22" goal_i="41" goal_j="21"/>
<agent start_i="4" start_j="14" goal_i="32" goal_j="8"/>
<agent start_i="12" start_j="18" goal_i="30" goal_j="23"/>
<agent start_i="42" start_j="37" goal_i="43" goal_j="3"/>
<agent start_i="43" start_j="57" goal_i="37" goal_j="53"/>
<agent start_i="14" start_j="38" goal_i="48" goal_j="54"/>
<agent start_i="49" start_j="55" goal_i="51" goal_j="11"/>
<agent start_i="63" start_j="6" goal_i="14" goal_j="27"/>
<agent start_i="3" start_j="53" goal_i="53" goal_j="43"/>
<agent start_i="33" start_j="15" goal_i="1" goal_j="35"/>
<agent start_i="56" start_j="32" goal_i="1" goal_j="12"/>
<agent start_i="22" start_j="26" goal_i="60" goal_j="61"/>
<agent start_i="2" start_j="21" goal_i="49" goal_j="28"/>
<agent start_i="17" start_j="32" goal_i="35" goal_j="52"/>
<agent start_i="7" start_j="33" goal_i="14" goal_j="43"/>
<agent start_i="0" start_j="41" goal_i="0" goal_j="35"/>
<agent start_i="4" start_j="29" goal_i="33" goal_j="46"/>
<agent start_i="36" start_j="29" goal_i="32" goal_j="60"/>
<agent start_i="52" start_j="6" goal_i="22" goal_j="31"/>
<agent start_i="59" start_j="50" goal_i="63" goal_j="4"/>
<agent start_i="22" start_j="48" goal_i="40" goal_j="51"/>
<agent start_i="27" start_j="3" goal_i="20" goal_j="61"/>
<agent start_i="52" start_j="55" goal_i="22" goal_j="35"/>
<agent start_i="54" start_j="7" goal_i="25" goal_j="37"/>
<agent start_i="40" start_j="35" goal_i="2" goal_j="39"/>
<agent start_i="4" start_j="17" goal_i="47" goal_j="26"/>
<agent start_i="38" start_j="58" goal_i="58" goal_j="16"/>
<agent start_i="28" start_j="43" goal_i="40" goal_j="4"/>
<agent start_i="50" start_j="61" goal_i="53" goal_j="15"/>
<agent start_i="3" start_j="23" goal_i="6" goal_j="26"/>
<agent start_i="50" start_j="30" goal_i="12" goal_j="10"/>
</root>
