<?xml version="1.0" ?>
<root>
<agent start_i="44" start_j="56" goal_i="18" goal_j="50"/>
<agent start_i="2" start_j="28" goal_i="44" goal_j="12"/>
<agent start_i="3" start_j="10" goal_i="19" goal_j="23"/>
<agent start_i="50" start_j="12" goal_i="56" goal_j="10"/>
<agent start_i="7" start_j="63" goal_i="53" goal_j="5"/>
<agent start_i="24" start_j="4" goal_i="50" goal_j="22"/>
<agent start_i="13" start_j="38" goal_i="27" goal_j="30"/>
<agent start_i="59" start_j="62" goal_i="31" goal_j="5"/>
<agent start_i="25" start_j="34" goal_i="27" goal_j="61"/>
<agent start_i="57" start_j="56" goal_i="18" goal_j="59"/>
<agent start_i="50" start_j="50" goal_i="28" goal_j="24"/>
<agent start_i="62" start_j="19" goal_i="2" goal_j="63"/>
<agent start_i="35" start_j="11" goal_i="61" goal_j="37"/>
<agent start_i="13" start_j="15" goal_i="33" goal_j="44"/>
<agent start_i="61" start_j="62" goal_i="16" goal_j="51"/>
<agent start_i="27" start_j="7" goal_i="49" goal_j="12"/>
<agent start_i="40" start_j="58" goal_i="26" goal_j="58"/>
<agent start_i="37" start_j="30" goal_i="38" goal_j="53"/>
<agent start_i="28" start_j="48" goal_i="61" goal_j="26"/>
<agent start_i="29" start_j="13" goal_i="5" goal_j="17"/>
<agent start_i="36" start_j="37" goal_i="46" goal_j="2"/>
<agent start_i="37" start_j="12" goal_i="48" goal_j="24"/>
<agent start_i="32" start_j="8" goal_i="12" goal_j="39"/>
<agent start_i="2" start_j="57" goal_i="0" goal_j="1"/>
<agent start_i="36" start_j="52" goal_i="26" goal_j="62"/>
<agent start_i="19" start_j="19" goal_i="11" goal_j="34"/>
<agent start_i="24" start_j="32" goal_i="61" goal_j="39"/>
<agent start_i="54" start_j="44" goal_i="9" goal_j="19"/>
<agent start_i="11" start_j="57" goal_i="29" goal_j="6"/>
<agent start_i="8" start_j="41" goal_i="10" goal_j="5"/>
<agent start_i="59" start_j="19" goal_i="57" goal_j="40"/>
<agent start_i="41" start_j="40" goal_i="27" goal_j="29"/>
</root>
