<?xml version="1.0" ?>
<root>
<agent start_i="53" start_j="35" goal_i="4" goal_j="60"/>
<agent start_i="38" start_j="52" goal_i="17" goal_j="14"/>
<agent start_i="30" start_j="48" goal_i="15" goal_j="53"/>
<agent start_i="37" start_j="19" goal_i="19" goal_j="34"/>
<agent start_i="60" start_j="7" goal_i="33" goal_j="24"/>
<agent start_i="24" start_j="38" goal_i="2" goal_j="39"/>
<agent start_i="24" start_j="33" goal_i="16" goal_j="33"/>
<agent start_i="13" start_j="33" goal_i="38" goal_j="34"/>
<agent start_i="29" start_j="40" goal_i="46" goal_j="7"/>
<agent start_i="39" start_j="43" goal_i="23" goal_j="15"/>
<agent start_i="59" start_j="32" goal_i="56" goal_j="56"/>
<agent start_i="53" start_j="13" goal_i="12" goal_j="28"/>
<agent start_i="5" start_j="45" goal_i="18" goal_j="52"/>
<agent start_i="37" start_j="3" goal_i="28" goal_j="32"/>
<agent start_i="35" start_j="47" goal_i="5" goal_j="30"/>
<agent start_i="34" start_j="1" goal_i="24" goal_j="10"/>
<agent start_i="21" start_j="3" goal_i="24" goal_j="30"/>
<agent start_i="49" start_j="31" goal_i="50" goal_j="17"/>
<agent start_i="22" start_j="29" goal_i="46" goal_j="63"/>
<agent start_i="44" start_j="53" goal_i="18" goal_j="49"/>
<agent start_i="20" start_j="59" goal_i="9" goal_j="41"/>
<agent start_i="61" start_j="31" goal_i="48" goal_j="21"/>
<agent start_i="44" start_j="11" goal_i="8" goal_j="37"/>
<agent start_i="11" start_j="38" goal_i="26" goal_j="52"/>
<agent start_i="10" start_j="25" goal_i="41" goal_j="14"/>
<agent start_i="42" start_j="19" goal_i="30" goal_j="21"/>
<agent start_i="12" start_j="57" goal_i="3" goal_j="54"/>
<agent start_i="53" start_j="34" goal_i="53" goal_j="37"/>
<agent start_i="30" start_j="62" goal_i="21" goal_j="48"/>
<agent start_i="43" start_j="44" goal_i="20" goal_j="27"/>
<agent start_i="34" start_j="36" goal_i="29" goal_j="4"/>
<agent start_i="34" start_j="4" goal_i="0" goal_j="9"/>
</root>
