<?xml version="1.0" ?>
<root>
<agent start_i="34" start_j="2" goal_i="48" goal_j="53"/>
<agent start_i="9" start_j="13" goal_i="32" goal_j="61"/>
<agent start_i="31" start_j="34" goal_i="58" goal_j="38"/>
<agent start_i="46" start_j="50" goal_i="7" goal_j="63"/>
<agent start_i="12" start_j="58" goal_i="49" goal_j="13"/>
<agent start_i="50" start_j="45" goal_i="15" goal_j="53"/>
<agent start_i="13" start_j="10" goal_i="4" goal_j="51"/>
<agent start_i="11" start_j="37" goal_i="8" goal_j="8"/>
<agent start_i="13" start_j="19" goal_i="52" goal_j="35"/>
<agent start_i="12" start_j="51" goal_i="1" goal_j="4"/>
<agent start_i="63" start_j="21" goal_i="54" goal_j="6"/>
<agent start_i="4" start_j="61" goal_i="55" goal_j="10"/>
<agent start_i="54" start_j="19" goal_i="45" goal_j="7"/>
<agent start_i="24" start_j="21" goal_i="6" goal_j="51"/>
<agent start_i="36" start_j="35" goal_i="34" goal_j="11"/>
<agent start_i="16" start_j="46" goal_i="21" goal_j="1"/>
<agent start_i="55" start_j="11" goal_i="61" goal_j="53"/>
<agent start_i="34" start_j="19" goal_i="41" goal_j="59"/>
<agent start_i="19" start_j="46" goal_i="30" goal_j="41"/>
<agent start_i="63" start_j="41" goal_i="20" goal_j="49"/>
<agent start_i="39" start_j="32" goal_i="15" goal_j="25"/>
<agent start_i="0" start_j="27" goal_i="19" goal_j="56"/>
<agent start_i="54" start_j="9" goal_i="15" goal_j="13"/>
<agent start_i="35" start_j="6" goal_i="31" goal_j="49"/>
<agent start_i="48" start_j="7" goal_i="24" goal_j="0"/>
<agent start_i="34" start_j="39" goal_i="3" goal_j="60"/>
<agent start_i="51" start_j="26" goal_i="17" goal_j="60"/>
<agent start_i="52" start_j="53" goal_i="39" goal_j="14"/>
<agent start_i="43" start_j="40" goal_i="22" goal_j="26"/>
<agent start_i="0" start_j="44" goal_i="20" goal_j="35"/>
<agent start_i="60" start_j="35" goal_i="13" goal_j="52"/>
<agent start_i="44" start_j="3" goal_i="55" goal_j="21"/>
</root>
