<?xml version="1.0" ?>
<root>
<agent start_i="57" start_j="63" goal_i="39" goal_j="49"/>
<agent start_i="62" start_j="6" goal_i="57" goal_j="21"/>
<agent start_i="17" start_j="38" goal_i="32" goal_j="17"/>
<agent start_i="45" start_j="24" goal_i="43" goal_j="39"/>
<agent start_i="42" start_j="43" goal_i="28" goal_j="5"/>
<agent start_i="45" start_j="48" goal_i="41" goal_j="23"/>
<agent start_i="19" start_j="60" goal_i="5" goal_j="41"/>
<agent start_i="40" start_j="35" goal_i="2" goal_j="39"/>
<agent start_i="39" start_j="6" goal_i="2" goal_j="1"/>
<agent start_i="43" start_j="49" goal_i="59" goal_j="8"/>
<agent start_i="41" start_j="14" goal_i="37" goal_j="27"/>
<agent start_i="36" start_j="4" goal_i="22" goal_j="63"/>
<agent start_i="50" start_j="22" goal_i="34" goal_j="12"/>
<agent start_i="45" start_j="8" goal_i="11" goal_j="24"/>
<agent start_i="60" start_j="58" goal_i="47" goal_j="6"/>
<agent start_i="19" start_j="5" goal_i="5" goal_j="35"/>
<agent start_i="49" start_j="51" goal_i="8" goal_j="11"/>
<agent start_i="39" start_j="0" goal_i="39" goal_j="32"/>
<agent start_i="50" start_j="10" goal_i="11" goal_j="17"/>
<agent start_i="13" start_j="18" goal_i="36" goal_j="32"/>
<agent start_i="10" start_j="11" goal_i="31" goal_j="51"/>
<agent start_i="16" start_j="12" goal_i="62" goal_j="51"/>
<agent start_i="36" start_j="63" goal_i="15" goal_j="20"/>
<agent start_i="27" start_j="17" goal_i="14" goal_j="45"/>
<agent start_i="28" start_j="3" goal_i="14" goal_j="47"/>
<agent start_i="6" start_j="59" goal_i="25" goal_j="48"/>
<agent start_i="44" start_j="42" goal_i="63" goal_j="40"/>
<agent start_i="58" start_j="4" goal_i="19" goal_j="19"/>
<agent start_i="57" start_j="38" goal_i="22" goal_j="57"/>
<agent start_i="24" start_j="50" goal_i="27" goal_j="30"/>
<agent start_i="53" start_j="53" goal_i="26" goal_j="30"/>
<agent start_i="43" start_j="41" goal_i="6" goal_j="20"/>
</root>
