<?xml version="1.0" ?>
<root>
<agent start_i="55" start_j="26" goal_i="55" goal_j="36"/>
<agent start_i="41" start_j="5" goal_i="35" goal_j="4"/>
<agent start_i="33" start_j="50" goal_i="56" goal_j="55"/>
<agent start_i="12" start_j="5" goal_i="25" goal_j="27"/>
<agent start_i="42" start_j="29" goal_i="14" goal_j="63"/>
<agent start_i="37" start_j="10" goal_i="39" goal_j="8"/>
<agent start_i="40" start_j="22" goal_i="22" goal_j="34"/>
<agent start_i="15" start_j="16" goal_i="32" goal_j="12"/>
<agent start_i="7" start_j="24" goal_i="60" goal_j="18"/>
<agent start_i="1" start_j="48" goal_i="36" goal_j="43"/>
<agent start_i="44" start_j="0" goal_i="7" goal_j="38"/>
<agent start_i="42" start_j="2" goal_i="5" goal_j="14"/>
<agent start_i="21" start_j="17" goal_i="57" goal_j="17"/>
<agent start_i="50" start_j="51" goal_i="53" goal_j="3"/>
<agent start_i="8" start_j="57" goal_i="34" goal_j="31"/>
<agent start_i="10" start_j="28" goal_i="3" goal_j="59"/>
<agent start_i="60" start_j="5" goal_i="20" goal_j="53"/>
<agent start_i="28" start_j="7" goal_i="44" goal_j="42"/>
<agent start_i="19" start_j="60" goal_i="5" goal_j="41"/>
<agent start_i="48" start_j="1" goal_i="41" goal_j="31"/>
<agent start_i="16" start_j="34" goal_i="25" goal_j="24"/>
<agent start_i="41" start_j="14" goal_i="37" goal_j="27"/>
<agent start_i="16" start_j="43" goal_i="25" goal_j="47"/>
<agent start_i="5" start_j="28" goal_i="19" goal_j="8"/>
<agent start_i="12" start_j="50" goal_i="53" goal_j="31"/>
<agent start_i="57" start_j="13" goal_i="59" goal_j="34"/>
<agent start_i="3" start_j="0" goal_i="34" goal_j="7"/>
<agent start_i="47" start_j="56" goal_i="43" goal_j="16"/>
<agent start_i="38" start_j="54" goal_i="46" goal_j="60"/>
<agent start_i="48" start_j="57" goal_i="0" goal_j="41"/>
<agent start_i="57" start_j="45" goal_i="4" goal_j="34"/>
<agent start_i="10" start_j="12" goal_i="63" goal_j="40"/>
</root>
