<?xml version="1.0" ?>
<root>
<agent start_i="15" start_j="45" goal_i="35" goal_j="35"/>
<agent start_i="29" start_j="24" goal_i="35" goal_j="20"/>
<agent start_i="27" start_j="59" goal_i="4" goal_j="51"/>
<agent start_i="11" start_j="35" goal_i="17" goal_j="8"/>
<agent start_i="12" start_j="4" goal_i="34" goal_j="22"/>
<agent start_i="30" start_j="36" goal_i="34" goal_j="34"/>
<agent start_i="47" start_j="15" goal_i="58" goal_j="46"/>
<agent start_i="17" start_j="12" goal_i="6" goal_j="45"/>
<agent start_i="20" start_j="56" goal_i="36" goal_j="29"/>
<agent start_i="27" start_j="2" goal_i="11" goal_j="40"/>
<agent start_i="59" start_j="52" goal_i="35" goal_j="54"/>
<agent start_i="62" start_j="46" goal_i="51" goal_j="59"/>
<agent start_i="61" start_j="43" goal_i="25" goal_j="56"/>
<agent start_i="1" start_j="21" goal_i="42" goal_j="32"/>
<agent start_i="31" start_j="14" goal_i="8" goal_j="33"/>
<agent start_i="17" start_j="37" goal_i="62" goal_j="22"/>
<agent start_i="5" start_j="43" goal_i="45" goal_j="14"/>
<agent start_i="20" start_j="4" goal_i="38" goal_j="57"/>
<agent start_i="42" start_j="57" goal_i="1" goal_j="33"/>
<agent start_i="30" start_j="26" goal_i="34" goal_j="32"/>
<agent start_i="50" start_j="58" goal_i="59" goal_j="44"/>
<agent start_i="52" start_j="39" goal_i="38" goal_j="15"/>
<agent start_i="38" start_j="55" goal_i="16" goal_j="24"/>
<agent start_i="58" start_j="6" goal_i="19" goal_j="25"/>
<agent start_i="57" start_j="10" goal_i="50" goal_j="28"/>
<agent start_i="24" start_j="2" goal_i="52" goal_j="0"/>
<agent start_i="1" start_j="51" goal_i="18" goal_j="32"/>
<agent start_i="35" start_j="57" goal_i="53" goal_j="9"/>
<agent start_i="41" start_j="13" goal_i="14" goal_j="47"/>
<agent start_i="24" start_j="31" goal_i="11" goal_j="62"/>
<agent start_i="52" start_j="56" goal_i="16" goal_j="38"/>
<agent start_i="16" start_j="21" goal_i="63" goal_j="57"/>
</root>
