<?xml version="1.0" ?>
<root>
<agent start_i="8" start_j="24" goal_i="28" goal_j="46"/>
<agent start_i="43" start_j="56" goal_i="25" goal_j="14"/>
<agent start_i="0" start_j="17" goal_i="47" goal_j="49"/>
<agent start_i="5" start_j="15" goal_i="6" goal_j="44"/>
<agent start_i="33" start_j="23" goal_i="36" goal_j="45"/>
<agent start_i="24" start_j="18" goal_i="4" goal_j="46"/>
<agent start_i="28" start_j="57" goal_i="50" goal_j="57"/>
<agent start_i="31" start_j="32" goal_i="43" goal_j="62"/>
<agent start_i="44" start_j="25" goal_i="52" goal_j="17"/>
<agent start_i="13" start_j="60" goal_i="41" goal_j="5"/>
<agent start_i="26" start_j="3" goal_i="31" goal_j="63"/>
<agent start_i="41" start_j="31" goal_i="17" goal_j="42"/>
<agent start_i="50" start_j="47" goal_i="63" goal_j="56"/>
<agent start_i="12" start_j="37" goal_i="8" goal_j="4"/>
<agent start_i="0" start_j="41" goal_i="0" goal_j="35"/>
<agent start_i="25" start_j="55" goal_i="47" goal_j="7"/>
<agent start_i="25" start_j="49" goal_i="12" goal_j="12"/>
<agent start_i="59" start_j="37" goal_i="54" goal_j="16"/>
<agent start_i="10" start_j="45" goal_i="17" goal_j="32"/>
<agent start_i="41" start_j="51" goal_i="58" goal_j="52"/>
<agent start_i="14" start_j="58" goal_i="47" goal_j="3"/>
<agent start_i="29" start_j="60" goal_i="27" goal_j="43"/>
<agent start_i="38" start_j="38" goal_i="55" goal_j="18"/>
<agent start_i="5" start_j="9" goal_i="9" goal_j="18"/>
<agent start_i="6" start_j="44" goal_i="12" goal_j="43"/>
<agent start_i="30" start_j="46" goal_i="20" goal_j="31"/>
<agent start_i="4" start_j="10" goal_i="50" goal_j="23"/>
<agent start_i="46" start_j="52" goal_i="12" goal_j="44"/>
<agent start_i="12" start_j="50" goal_i="53" goal_j="31"/>
<agent start_i="26" start_j="50" goal_i="27" goal_j="42"/>
<agent start_i="11" start_j="47" goal_i="61" goal_j="38"/>
<agent start_i="26" start_j="31" goal_i="50" goal_j="38"/>
</root>
