<?xml version="1.0" ?>
<root>
<agent start_i="36" start_j="13" goal_i="16" goal_j="21"/>
<agent start_i="45" start_j="28" goal_i="35" goal_j="26"/>
<agent start_i="15" start_j="52" goal_i="58" goal_j="1"/>
<agent start_i="37" start_j="56" goal_i="8" goal_j="53"/>
<agent start_i="31" start_j="14" goal_i="8" goal_j="33"/>
<agent start_i="47" start_j="9" goal_i="45" goal_j="37"/>
<agent start_i="43" start_j="9" goal_i="4" goal_j="2"/>
<agent start_i="3" start_j="15" goal_i="6" goal_j="50"/>
<agent start_i="58" start_j="50" goal_i="4" goal_j="40"/>
<agent start_i="48" start_j="55" goal_i="21" goal_j="28"/>
<agent start_i="37" start_j="50" goal_i="44" goal_j="59"/>
<agent start_i="11" start_j="39" goal_i="22" goal_j="40"/>
<agent start_i="53" start_j="23" goal_i="3" goal_j="20"/>
<agent start_i="38" start_j="7" goal_i="43" goal_j="51"/>
<agent start_i="12" start_j="53" goal_i="47" goal_j="44"/>
<agent start_i="51" start_j="15" goal_i="58" goal_j="31"/>
<agent start_i="49" start_j="29" goal_i="17" goal_j="25"/>
<agent start_i="47" start_j="8" goal_i="3" goal_j="44"/>
<agent start_i="45" start_j="53" goal_i="42" goal_j="42"/>
<agent start_i="20" start_j="32" goal_i="18" goal_j="19"/>
<agent start_i="18" start_j="12" goal_i="2" goal_j="10"/>
<agent start_i="0" start_j="61" goal_i="35" goal_j="18"/>
<agent start_i="25" start_j="61" goal_i="60" goal_j="1"/>
<agent start_i="31" start_j="57" goal_i="46" goal_j="41"/>
<agent start_i="62" start_j="38" goal_i="23" goal_j="28"/>
<agent start_i="47" start_j="48" goal_i="12" goal_j="38"/>
<agent start_i="58" start_j="21" goal_i="26" goal_j="33"/>
<agent start_i="9" start_j="18" goal_i="47" goal_j="1"/>
<agent start_i="54" start_j="46" goal_i="43" goal_j="56"/>
<agent start_i="22" start_j="41" goal_i="19" goal_j="4"/>
<agent start_i="41" start_j="6" goal_i="34" goal_j="54"/>
<agent start_i="47" start_j="1" goal_i="8" goal_j="11"/>
</root>
