<?xml version="1.0" ?>
<root>
<agent start_i="12" start_j="0" goal_i="62" goal_j="61"/>
<agent start_i="42" start_j="43" goal_i="28" goal_j="5"/>
<agent start_i="45" start_j="26" goal_i="31" goal_j="19"/>
<agent start_i="33" start_j="20" goal_i="0" goal_j="17"/>
<agent start_i="39" start_j="1" goal_i="17" goal_j="55"/>
<agent start_i="22" start_j="34" goal_i="25" goal_j="42"/>
<agent start_i="19" start_j="31" goal_i="50" goal_j="17"/>
<agent start_i="36" start_j="22" goal_i="12" goal_j="4"/>
<agent start_i="36" start_j="47" goal_i="27" goal_j="0"/>
<agent start_i="62" start_j="19" goal_i="2" goal_j="63"/>
<agent start_i="0" start_j="45" goal_i="11" goal_j="30"/>
<agent start_i="41" start_j="1" goal_i="9" goal_j="38"/>
<agent start_i="16" start_j="11" goal_i="32" goal_j="51"/>
<agent start_i="19" start_j="35" goal_i="52" goal_j="39"/>
<agent start_i="1" start_j="47" goal_i="20" goal_j="44"/>
<agent start_i="51" start_j="24" goal_i="36" goal_j="1"/>
<agent start_i="19" start_j="50" goal_i="21" goal_j="8"/>
<agent start_i="9" start_j="33" goal_i="2" goal_j="29"/>
<agent start_i="30" start_j="43" goal_i="35" goal_j="11"/>
<agent start_i="7" start_j="21" goal_i="57" goal_j="39"/>
<agent start_i="51" start_j="14" goal_i="45" goal_j="32"/>
<agent start_i="2" start_j="59" goal_i="43" goal_j="30"/>
<agent start_i="6" start_j="16" goal_i="28" goal_j="15"/>
<agent start_i="21" start_j="49" goal_i="51" goal_j="11"/>
<agent start_i="51" start_j="55" goal_i="10" goal_j="26"/>
<agent start_i="42" start_j="32" goal_i="29" goal_j="28"/>
<agent start_i="22" start_j="53" goal_i="16" goal_j="7"/>
<agent start_i="23" start_j="34" goal_i="48" goal_j="24"/>
<agent start_i="8" start_j="19" goal_i="32" goal_j="52"/>
<agent start_i="36" start_j="59" goal_i="7" goal_j="45"/>
<agent start_i="44" start_j="54" goal_i="36" goal_j="44"/>
<agent start_i="63" start_j="13" goal_i="55" goal_j="1"/>
</root>
