<?xml version="1.0" ?>
<root>
<agent start_i="12" start_j="16" goal_i="21" goal_j="41"/>
<agent start_i="22" start_j="36" goal_i="7" goal_j="47"/>
<agent start_i="59" start_j="19" goal_i="57" goal_j="40"/>
<agent start_i="41" start_j="36" goal_i="29" goal_j="57"/>
<agent start_i="8" start_j="60" goal_i="57" goal_j="61"/>
<agent start_i="13" start_j="38" goal_i="27" goal_j="30"/>
<agent start_i="54" start_j="54" goal_i="5" goal_j="42"/>
<agent start_i="51" start_j="39" goal_i="40" goal_j="25"/>
<agent start_i="35" start_j="5" goal_i="43" goal_j="15"/>
<agent start_i="17" start_j="28" goal_i="36" goal_j="31"/>
<agent start_i="58" start_j="51" goal_i="5" goal_j="62"/>
<agent start_i="13" start_j="29" goal_i="45" goal_j="30"/>
<agent start_i="44" start_j="50" goal_i="39" goal_j="54"/>
<agent start_i="5" start_j="2" goal_i="32" goal_j="9"/>
<agent start_i="29" start_j="26" goal_i="36" goal_j="44"/>
<agent start_i="16" start_j="29" goal_i="15" goal_j="39"/>
<agent start_i="8" start_j="56" goal_i="60" goal_j="38"/>
<agent start_i="8" start_j="44" goal_i="15" goal_j="23"/>
<agent start_i="62" start_j="47" goal_i="56" goal_j="46"/>
<agent start_i="17" start_j="26" goal_i="57" goal_j="39"/>
<agent start_i="18" start_j="35" goal_i="39" goal_j="16"/>
<agent start_i="39" start_j="37" goal_i="19" goal_j="40"/>
<agent start_i="46" start_j="10" goal_i="9" goal_j="59"/>
<agent start_i="1" start_j="10" goal_i="30" goal_j="27"/>
<agent start_i="55" start_j="59" goal_i="27" goal_j="41"/>
<agent start_i="51" start_j="23" goal_i="43" goal_j="32"/>
<agent start_i="54" start_j="51" goal_i="56" goal_j="20"/>
<agent start_i="61" start_j="25" goal_i="10" goal_j="11"/>
<agent start_i="53" start_j="22" goal_i="9" goal_j="46"/>
<agent start_i="41" start_j="25" goal_i="50" goal_j="19"/>
<agent start_i="21" start_j="53" goal_i="10" goal_j="33"/>
<agent start_i="62" start_j="63" goal_i="17" goal_j="3"/>
</root>
