<?xml version="1.0" ?>
<root>
<agent start_i="17" start_j="17" goal_i="0" goal_j="39"/>
<agent start_i="11" start_j="31" goal_i="20" goal_j="48"/>
<agent start_i="53" start_j="30" goal_i="25" goal_j="35"/>
<agent start_i="7" start_j="16" goal_i="27" goal_j="47"/>
<agent start_i="40" start_j="42" goal_i="15" goal_j="8"/>
<agent start_i="49" start_j="5" goal_i="40" goal_j="25"/>
<agent start_i="43" start_j="49" goal_i="59" goal_j="8"/>
<agent start_i="50" start_j="47" goal_i="63" goal_j="56"/>
<agent start_i="44" start_j="16" goal_i="11" goal_j="23"/>
<agent start_i="33" start_j="40" goal_i="45" goal_j="37"/>
<agent start_i="18" start_j="59" goal_i="46" goal_j="63"/>
<agent start_i="56" start_j="34" goal_i="9" goal_j="22"/>
<agent start_i="41" start_j="26" goal_i="55" goal_j="57"/>
<agent start_i="19" start_j="19" goal_i="11" goal_j="34"/>
<agent start_i="20" start_j="3" goal_i="61" goal_j="8"/>
<agent start_i="8" start_j="26" goal_i="55" goal_j="53"/>
<agent start_i="6" start_j="19" goal_i="50" goal_j="55"/>
<agent start_i="23" start_j="27" goal_i="17" goal_j="28"/>
<agent start_i="49" start_j="2" goal_i="28" goal_j="38"/>
<agent start_i="55" start_j="47" goal_i="59" goal_j="39"/>
<agent start_i="9" start_j="0" goal_i="19" goal_j="22"/>
<agent start_i="4" start_j="29" goal_i="33" goal_j="46"/>
<agent start_i="3" start_j="24" goal_i="48" goal_j="18"/>
<agent start_i="36" start_j="32" goal_i="34" goal_j="53"/>
<agent start_i="28" start_j="40" goal_i="8" goal_j="54"/>
<agent start_i="53" start_j="0" goal_i="50" goal_j="58"/>
<agent start_i="21" start_j="35" goal_i="45" goal_j="52"/>
<agent start_i="42" start_j="34" goal_i="2" goal_j="11"/>
<agent start_i="42" start_j="14" goal_i="52" goal_j="25"/>
<agent start_i="53" start_j="16" goal_i="16" goal_j="48"/>
<agent start_i="22" start_j="14" goal_i="40" goal_j="59"/>
<agent start_i="55" start_j="51" goal_i="52" goal_j="55"/>
</root>
