<?xml version="1.0" ?>
<root>
<agent start_i="0" start_j="58" goal_i="35" goal_j="32"/>
<agent start_i="52" start_j="52" goal_i="5" goal_j="3"/>
<agent start_i="7" start_j="59" goal_i="48" goal_j="4"/>
<agent start_i="41" start_j="62" goal_i="8" goal_j="38"/>
<agent start_i="26" start_j="62" goal_i="56" goal_j="38"/>
<agent start_i="55" start_j="10" goal_i="57" goal_j="23"/>
<agent start_i="55" start_j="58" goal_i="15" goal_j="5"/>
<agent start_i="56" start_j="23" goal_i="3" goal_j="29"/>
<agent start_i="42" start_j="22" goal_i="48" goal_j="23"/>
<agent start_i="3" start_j="23" goal_i="6" goal_j="26"/>
<agent start_i="5" start_j="45" goal_i="18" goal_j="52"/>
<agent start_i="11" start_j="35" goal_i="17" goal_j="8"/>
<agent start_i="15" start_j="8" goal_i="55" goal_j="18"/>
<agent start_i="27" start_j="45" goal_i="51" goal_j="47"/>
<agent start_i="53" start_j="46" goal_i="21" goal_j="43"/>
<agent start_i="44" start_j="55" goal_i="56" goal_j="1"/>
<agent start_i="26" start_j="60" goal_i="10" goal_j="9"/>
<agent start_i="16" start_j="0" goal_i="59" goal_j="17"/>
<agent start_i="62" start_j="7" goal_i="12" goal_j="23"/>
<agent start_i="28" start_j="59" goal_i="34" goal_j="36"/>
<agent start_i="48" start_j="57" goal_i="0" goal_j="41"/>
<agent start_i="45" start_j="2" goal_i="52" goal_j="57"/>
<agent start_i="39" start_j="43" goal_i="23" goal_j="15"/>
<agent start_i="29" start_j="61" goal_i="59" goal_j="39"/>
<agent start_i="24" start_j="22" goal_i="37" goal_j="40"/>
<agent start_i="17" start_j="27" goal_i="56" goal_j="16"/>
<agent start_i="15" start_j="0" goal_i="61" goal_j="54"/>
<agent start_i="2" start_j="45" goal_i="37" goal_j="28"/>
<agent start_i="18" start_j="31" goal_i="6" goal_j="43"/>
<agent start_i="8" start_j="21" goal_i="4" goal_j="28"/>
<agent start_i="37" start_j="59" goal_i="47" goal_j="33"/>
<agent start_i="60" start_j="6" goal_i="13" goal_j="36"/>
</root>
