<?xml version="1.0" ?>
<root>
<agent start_i="32" start_j="46" goal_i="63" goal_j="14"/>
<agent start_i="44" start_j="49" goal_i="15" goal_j="25"/>
<agent start_i="16" start_j="22" goal_i="38" goal_j="16"/>
<agent start_i="36" start_j="16" goal_i="9" goal_j="24"/>
<agent start_i="21" start_j="36" goal_i="6" goal_j="6"/>
<agent start_i="45" start_j="17" goal_i="53" goal_j="58"/>
<agent start_i="53" start_j="18" goal_i="46" goal_j="48"/>
<agent start_i="57" start_j="5" goal_i="5" goal_j="0"/>
<agent start_i="10" start_j="7" goal_i="43" goal_j="52"/>
<agent start_i="38" start_j="19" goal_i="56" goal_j="49"/>
<agent start_i="13" start_j="50" goal_i="40" goal_j="16"/>
<agent start_i="5" start_j="9" goal_i="9" goal_j="18"/>
<agent start_i="44" start_j="41" goal_i="49" goal_j="7"/>
<agent start_i="2" start_j="45" goal_i="37" goal_j="28"/>
<agent start_i="42" start_j="60" goal_i="63" goal_j="62"/>
<agent start_i="25" start_j="21" goal_i="6" goal_j="35"/>
<agent start_i="27" start_j="0" goal_i="58" goal_j="50"/>
<agent start_i="14" start_j="27" goal_i="17" goal_j="26"/>
<agent start_i="29" start_j="38" goal_i="44" goal_j="47"/>
<agent start_i="7" start_j="43" goal_i="45" goal_j="50"/>
<agent start_i="50" start_j="56" goal_i="0" goal_j="10"/>
<agent start_i="22" start_j="20" goal_i="52" goal_j="2"/>
<agent start_i="33" start_j="63" goal_i="55" goal_j="52"/>
<agent start_i="57" start_j="59" goal_i="14" goal_j="1"/>
<agent start_i="57" start_j="45" goal_i="4" goal_j="34"/>
<agent start_i="36" start_j="44" goal_i="42" goal_j="12"/>
<agent start_i="47" start_j="21" goal_i="37" goal_j="39"/>
<agent start_i="30" start_j="46" goal_i="20" goal_j="31"/>
<agent start_i="53" start_j="23" goal_i="3" goal_j="20"/>
<agent start_i="44" start_j="62" goal_i="15" goal_j="26"/>
<agent start_i="2" start_j="55" goal_i="37" goal_j="60"/>
<agent start_i="37" start_j="30" goal_i="38" goal_j="53"/>
</root>
