<?xml version="1.0" ?>
<root>
<agent start_i="33" start_j="34" goal_i="36" goal_j="31"/>
<agent start_i="27" start_j="27" goal_i="2" goal_j="10"/>
<agent start_i="19" start_j="41" goal_i="20" goal_j="31"/>
<agent start_i="60" start_j="30" goal_i="16" goal_j="50"/>
<agent start_i="28" start_j="5" goal_i="56" goal_j="63"/>
<agent start_i="34" start_j="60" goal_i="27" goal_j="26"/>
<agent start_i="3" start_j="16" goal_i="30" goal_j="62"/>
<agent start_i="53" start_j="4" goal_i="51" goal_j="40"/>
<agent start_i="55" start_j="21" goal_i="27" goal_j="56"/>
<agent start_i="38" start_j="58" goal_i="58" goal_j="16"/>
<agent start_i="0" start_j="62" goal_i="18" goal_j="24"/>
<agent start_i="21" start_j="25" goal_i="7" goal_j="14"/>
<agent start_i="15" start_j="35" goal_i="9" goal_j="37"/>
<agent start_i="8" start_j="53" goal_i="4" goal_j="48"/>
<agent start_i="47" start_j="40" goal_i="22" goal_j="51"/>
<agent start_i="38" start_j="15" goal_i="32" goal_j="45"/>
<agent start_i="22" start_j="20" goal_i="52" goal_j="2"/>
<agent start_i="35" start_j="37" goal_i="18" goal_j="45"/>
<agent start_i="63" start_j="57" goal_i="59" goal_j="11"/>
<agent start_i="43" start_j="60" goal_i="57" goal_j="57"/>
<agent start_i="39" start_j="62" goal_i="17" goal_j="63"/>
<agent start_i="35" start_j="29" goal_i="52" goal_j="14"/>
<agent start_i="13" start_j="56" goal_i="62" goal_j="26"/>
<agent start_i="46" start_j="58" goal_i="25" goal_j="44"/>
<agent start_i="9" start_j="61" goal_i="35" goal_j="26"/>
<agent start_i="31" start_j="50" goal_i="53" goal_j="61"/>
<agent start_i="43" start_j="43" goal_i="9" goal_j="28"/>
<agent start_i="18" start_j="48" goal_i="19" goal_j="57"/>
<agent start_i="50" start_j="61" goal_i="53" goal_j="15"/>
<agent start_i="2" start_j="46" goal_i="45" goal_j="37"/>
<agent start_i="3" start_j="61" goal_i="11" goal_j="53"/>
<agent start_i="24" start_j="45" goal_i="14" goal_j="20"/>
</root>
