<?xml version="1.0" ?>
<root>
<agent start_i="22" start_j="14" goal_i="40" goal_j="59"/>
<agent start_i="30" start_j="60" goal_i="44" goal_j="0"/>
<agent start_i="6" start_j="42" goal_i="42" goal_j="46"/>
<agent start_i="35" start_j="59" goal_i="16" goal_j="32"/>
<agent start_i="8" start_j="8" goal_i="44" goal_j="43"/>
<agent start_i="1" start_j="24" goal_i="24" goal_j="32"/>
<agent start_i="10" start_j="46" goal_i="62" goal_j="42"/>
<agent start_i="43" start_j="35" goal_i="47" goal_j="51"/>
<agent start_i="8" start_j="28" goal_i="19" goal_j="22"/>
<agent start_i="16" start_j="3" goal_i="42" goal_j="35"/>
<agent start_i="31" start_j="18" goal_i="17" goal_j="18"/>
<agent start_i="30" start_j="57" goal_i="51" goal_j="23"/>
<agent start_i="32" start_j="31" goal_i="42" goal_j="60"/>
<agent start_i="12" start_j="33" goal_i="18" goal_j="7"/>
<agent start_i="26" start_j="36" goal_i="21" goal_j="55"/>
<agent start_i="57" start_j="0" goal_i="5" goal_j="9"/>
<agent start_i="12" start_j="0" goal_i="62" goal_j="61"/>
<agent start_i="9" start_j="26" goal_i="9" goal_j="8"/>
<agent start_i="40" start_j="37" goal_i="49" goal_j="47"/>
<agent start_i="27" start_j="10" goal_i="5" goal_j="27"/>
<agent start_i="5" start_j="57" goal_i="15" goal_j="37"/>
<agent start_i="31" start_j="34" goal_i="58" goal_j="38"/>
<agent start_i="45" start_j="27" goal_i="45" goal_j="44"/>
<agent start_i="22" start_j="0" goal_i="37" goal_j="63"/>
<agent start_i="8" start_j="26" goal_i="55" goal_j="53"/>
<agent start_i="38" start_j="37" goal_i="53" goal_j="54"/>
<agent start_i="24" start_j="57" goal_i="8" goal_j="25"/>
<agent start_i="46" start_j="22" goal_i="54" goal_j="15"/>
<agent start_i="9" start_j="18" goal_i="47" goal_j="1"/>
<agent start_i="1" start_j="53" goal_i="46" goal_j="48"/>
<agent start_i="53" start_j="19" goal_i="7" goal_j="15"/>
<agent start_i="10" start_j="25" goal_i="41" goal_j="14"/>
</root>
