<?xml version="1.0" ?>
<root>
<agent start_i="50" start_j="50" goal_i="28" goal_j="24"/>
<agent start_i="26" start_j="12" goal_i="59" goal_j="0"/>
<agent start_i="9" start_j="14" goal_i="42" goal_j="55"/>
<agent start_i="6" start_j="57" goal_i="13" goal_j="23"/>
<agent start_i="33" start_j="18" goal_i="46" goal_j="20"/>
<agent start_i="46" start_j="10" goal_i="9" goal_j="59"/>
<agent start_i="6" start_j="34" goal_i="9" goal_j="16"/>
<agent start_i="43" start_j="57" goal_i="37" goal_j="53"/>
<agent start_i="45" start_j="40" goal_i="50" goal_j="23"/>
<agent start_i="62" start_j="12" goal_i="6" goal_j="56"/>
<agent start_i="23" start_j="57" goal_i="61" goal_j="36"/>
<agent start_i="4" start_j="7" goal_i="37" goal_j="59"/>
<agent start_i="2" start_j="50" goal_i="54" goal_j="29"/>
<agent start_i="50" start_j="57" goal_i="27" goal_j="26"/>
<agent start_i="8" start_j="0" goal_i="3" goal_j="33"/>
<agent start_i="8" start_j="36" goal_i="37" goal_j="6"/>
<agent start_i="50" start_j="38" goal_i="39" goal_j="24"/>
<agent start_i="9" start_j="0" goal_i="19" goal_j="22"/>
<agent start_i="61" start_j="44" goal_i="45" goal_j="52"/>
<agent start_i="10" start_j="50" goal_i="11" goal_j="37"/>
<agent start_i="19" start_j="42" goal_i="33" goal_j="32"/>
<agent start_i="43" start_j="32" goal_i="26" goal_j="8"/>
<agent start_i="52" start_j="50" goal_i="16" goal_j="36"/>
<agent start_i="23" start_j="0" goal_i="32" goal_j="8"/>
<agent start_i="22" start_j="45" goal_i="13" goal_j="43"/>
<agent start_i="9" start_j="33" goal_i="2" goal_j="29"/>
<agent start_i="37" start_j="31" goal_i="39" goal_j="25"/>
<agent start_i="57" start_j="22" goal_i="7" goal_j="48"/>
<agent start_i="25" start_j="41" goal_i="63" goal_j="47"/>
<agent start_i="16" start_j="27" goal_i="55" goal_j="19"/>
<agent start_i="59" start_j="40" goal_i="20" goal_j="50"/>
<agent start_i="35" start_j="56" goal_i="22" goal_j="52"/>
</root>
