<?xml version="1.0" ?>
<root>
<agent start_i="29" start_j="40" goal_i="46" goal_j="7"/>
<agent start_i="17" start_j="48" goal_i="13" goal_j="54"/>
<agent start_i="48" start_j="33" goal_i="8" goal_j="40"/>
<agent start_i="54" start_j="15" goal_i="51" goal_j="58"/>
<agent start_i="53" start_j="42" goal_i="16" goal_j="23"/>
<agent start_i="16" start_j="34" goal_i="25" goal_j="24"/>
<agent start_i="28" start_j="25" goal_i="31" goal_j="43"/>
<agent start_i="5" start_j="36" goal_i="23" goal_j="24"/>
<agent start_i="30" start_j="60" goal_i="44" goal_j="0"/>
<agent start_i="30" start_j="13" goal_i="33" goal_j="17"/>
<agent start_i="47" start_j="52" goal_i="29" goal_j="16"/>
<agent start_i="37" start_j="16" goal_i="44" goal_j="28"/>
<agent start_i="22" start_j="46" goal_i="3" goal_j="30"/>
<agent start_i="41" start_j="17" goal_i="50" goal_j="20"/>
<agent start_i="25" start_j="32" goal_i="0" goal_j="2"/>
<agent start_i="49" start_j="10" goal_i="27" goal_j="59"/>
<agent start_i="31" start_j="62" goal_i="36" goal_j="27"/>
<agent start_i="52" start_j="3" goal_i="26" goal_j="5"/>
<agent start_i="52" start_j="25" goal_i="2" goal_j="40"/>
<agent start_i="53" start_j="1" goal_i="30" goal_j="40"/>
<agent start_i="53" start_j="45" goal_i="9" goal_j="23"/>
<agent start_i="4" start_j="32" goal_i="34" goal_j="9"/>
<agent start_i="25" start_j="21" goal_i="6" goal_j="35"/>
<agent start_i="45" start_j="62" goal_i="32" goal_j="7"/>
<agent start_i="40" start_j="58" goal_i="26" goal_j="58"/>
<agent start_i="14" start_j="25" goal_i="41" goal_j="35"/>
<agent start_i="16" start_j="25" goal_i="38" goal_j="50"/>
<agent start_i="21" start_j="7" goal_i="3" goal_j="12"/>
<agent start_i="54" start_j="51" goal_i="56" goal_j="20"/>
<agent start_i="10" start_j="56" goal_i="63" goal_j="39"/>
<agent start_i="9" start_j="33" goal_i="2" goal_j="29"/>
<agent start_i="40" start_j="28" goal_i="27" goal_j="52"/>
</root>
