<?xml version="1.0" ?>
<root>
<agent start_i="51" start_j="6" goal_i="49" goal_j="48"/>
<agent start_i="30" start_j="62" goal_i="21" goal_j="48"/>
<agent start_i="6" start_j="45" goal_i="63" goal_j="1"/>
<agent start_i="33" start_j="15" goal_i="1" goal_j="35"/>
<agent start_i="39" start_j="59" goal_i="53" goal_j="56"/>
<agent start_i="32" start_j="51" goal_i="42" goal_j="16"/>
<agent start_i="41" start_j="26" goal_i="55" goal_j="57"/>
<agent start_i="55" start_j="18" goal_i="33" goal_j="29"/>
<agent start_i="7" start_j="43" goal_i="45" goal_j="50"/>
<agent start_i="39" start_j="4" goal_i="4" goal_j="51"/>
<agent start_i="49" start_j="4" goal_i="30" goal_j="4"/>
<agent start_i="42" start_j="45" goal_i="23" goal_j="18"/>
<agent start_i="11" start_j="17" goal_i="57" goal_j="17"/>
<agent start_i="51" start_j="36" goal_i="37" goal_j="47"/>
<agent start_i="12" start_j="7" goal_i="0" goal_j="7"/>
<agent start_i="36" start_j="19" goal_i="8" goal_j="40"/>
<agent start_i="49" start_j="26" goal_i="52" goal_j="10"/>
<agent start_i="47" start_j="2" goal_i="19" goal_j="21"/>
<agent start_i="61" start_j="13" goal_i="27" goal_j="46"/>
<agent start_i="22" start_j="55" goal_i="54" goal_j="15"/>
<agent start_i="37" start_j="36" goal_i="16" goal_j="44"/>
<agent start_i="44" start_j="57" goal_i="9" goal_j="36"/>
<agent start_i="2" start_j="36" goal_i="56" goal_j="2"/>
<agent start_i="8" start_j="17" goal_i="9" goal_j="49"/>
<agent start_i="44" start_j="15" goal_i="27" goal_j="8"/>
<agent start_i="42" start_j="44" goal_i="46" goal_j="50"/>
<agent start_i="12" start_j="16" goal_i="21" goal_j="41"/>
<agent start_i="35" start_j="29" goal_i="52" goal_j="14"/>
<agent start_i="61" start_j="22" goal_i="7" goal_j="59"/>
<agent start_i="36" start_j="60" goal_i="11" goal_j="61"/>
<agent start_i="9" start_j="15" goal_i="27" goal_j="58"/>
<agent start_i="5" start_j="54" goal_i="31" goal_j="31"/>
</root>
