<?xml version="1.0" ?>
<root>
<agent start_i="28" start_j="5" goal_i="56" goal_j="63"/>
<agent start_i="33" start_j="56" goal_i="36" goal_j="31"/>
<agent start_i="13" start_j="25" goal_i="54" goal_j="33"/>
<agent start_i="48" start_j="20" goal_i="6" goal_j="27"/>
<agent start_i="18" start_j="23" goal_i="20" goal_j="24"/>
<agent start_i="44" start_j="12" goal_i="14" goal_j="42"/>
<agent start_i="49" start_j="45" goal_i="23" goal_j="28"/>
<agent start_i="14" start_j="20" goal_i="44" goal_j="21"/>
<agent start_i="43" start_j="61" goal_i="34" goal_j="29"/>
<agent start_i="41" start_j="35" goal_i="59" goal_j="56"/>
<agent start_i="3" start_j="37" goal_i="25" goal_j="45"/>
<agent start_i="17" start_j="20" goal_i="26" goal_j="20"/>
<agent start_i="47" start_j="60" goal_i="58" goal_j="45"/>
<agent start_i="12" start_j="19" goal_i="45" goal_j="44"/>
<agent start_i="2" start_j="4" goal_i="33" goal_j="58"/>
<agent start_i="53" start_j="51" goal_i="63" goal_j="62"/>
<agent start_i="22" start_j="62" goal_i="6" goal_j="0"/>
<agent start_i="56" start_j="12" goal_i="8" goal_j="5"/>
<agent start_i="15" start_j="24" goal_i="58" goal_j="1"/>
<agent start_i="35" start_j="33" goal_i="24" goal_j="39"/>
<agent start_i="45" start_j="32" goal_i="42" goal_j="13"/>
<agent start_i="12" start_j="12" goal_i="21" goal_j="25"/>
<agent start_i="63" start_j="36" goal_i="61" goal_j="61"/>
<agent start_i="55" start_j="34" goal_i="47" goal_j="59"/>
<agent start_i="62" start_j="44" goal_i="14" goal_j="3"/>
<agent start_i="30" start_j="52" goal_i="36" goal_j="43"/>
<agent start_i="62" start_j="37" goal_i="33" goal_j="54"/>
<agent start_i="18" start_j="49" goal_i="53" goal_j="39"/>
<agent start_i="40" start_j="17" goal_i="35" goal_j="13"/>
<agent start_i="20" start_j="42" goal_i="39" goal_j="24"/>
<agent start_i="13" start_j="45" goal_i="47" goal_j="0"/>
<agent start_i="12" start_j="25" goal_i="61" goal_j="59"/>
</root>
